Timestamp,Session_Code,Participant_ID,Group_ID,Treatment,Round,Page,Action,Value
2025-05-19T03:04:55.916951,qc055lud,1,2,priming,1,ProposerPage,Submitted Proposal,10
2025-05-19T03:04:55.919753,qc055lud,1,2,priming,1,ProposerPage,Submitted Proposal,10
2025-05-19T03:04:55.919793,qc055lud,1,2,priming,1,ProposerPage,Submitted Proposal,10
2025-05-19T03:04:59.323961,qc055lud,3,2,priming,1,ProposerPage,Submitted Proposal,10
2025-05-19T03:04:59.325561,qc055lud,3,2,priming,1,ProposerPage,Submitted Proposal,10
2025-05-19T03:04:59.325586,qc055lud,3,2,priming,1,ProposerPage,Submitted Proposal,10
2025-05-19T03:05:03.639849,qc055lud,4,2,priming,1,ProposerPage,Submitted Proposal,10
2025-05-19T03:05:03.641092,qc055lud,4,2,priming,1,ProposerPage,Submitted Proposal,10
2025-05-19T03:05:03.641116,qc055lud,4,2,priming,1,ProposerPage,Submitted Proposal,10
2025-05-19T03:05:07.365534,qc055lud,1,2,priming,1,VoterPage,Voted,True
2025-05-19T03:05:09.575840,qc055lud,3,2,priming,1,VoterPage,Voted,False
2025-05-19T03:05:10.824619,qc055lud,4,2,priming,1,VoterPage,Voted,True
2025-05-19T03:05:20.301618,qc055lud,1,2,priming,2,ProposerPage,Submitted Proposal,10
2025-05-19T03:05:20.304087,qc055lud,1,2,priming,2,ProposerPage,Submitted Proposal,10
2025-05-19T03:05:20.304118,qc055lud,1,2,priming,2,ProposerPage,Submitted Proposal,10
2025-05-19T03:05:26.710071,qc055lud,4,2,priming,2,ProposerPage,Submitted Proposal,15
2025-05-19T03:05:26.711588,qc055lud,4,2,priming,2,ProposerPage,Submitted Proposal,15
2025-05-19T03:05:26.711612,qc055lud,4,2,priming,2,ProposerPage,Submitted Proposal,0
2025-05-19T03:05:28.135783,qc055lud,3,2,priming,2,ProposerPage,Submitted Proposal,15
2025-05-19T03:05:28.137088,qc055lud,3,2,priming,2,ProposerPage,Submitted Proposal,15
2025-05-19T03:05:28.137112,qc055lud,3,2,priming,2,ProposerPage,Submitted Proposal,0
2025-05-19T03:05:31.755092,qc055lud,1,2,priming,2,VoterPage,Voted,False
2025-05-19T03:05:33.237259,qc055lud,3,2,priming,2,VoterPage,Voted,True
2025-05-19T03:05:34.475288,qc055lud,4,2,priming,2,VoterPage,Voted,True
2025-05-19T03:05:43.275124,qc055lud,1,2,priming,3,ProposerPage,Submitted Proposal,10
2025-05-19T03:05:43.277129,qc055lud,1,2,priming,3,ProposerPage,Submitted Proposal,10
2025-05-19T03:05:43.277155,qc055lud,1,2,priming,3,ProposerPage,Submitted Proposal,10
2025-05-19T03:05:45.380362,qc055lud,3,2,priming,3,ProposerPage,Submitted Proposal,10
2025-05-19T03:05:45.381974,qc055lud,3,2,priming,3,ProposerPage,Submitted Proposal,10
2025-05-19T03:05:45.382007,qc055lud,3,2,priming,3,ProposerPage,Submitted Proposal,10
2025-05-19T03:05:47.976520,qc055lud,4,2,priming,3,ProposerPage,Submitted Proposal,10
2025-05-19T03:05:47.977835,qc055lud,4,2,priming,3,ProposerPage,Submitted Proposal,10
2025-05-19T03:05:47.977864,qc055lud,4,2,priming,3,ProposerPage,Submitted Proposal,10
2025-05-19T03:05:49.883504,qc055lud,1,2,priming,3,VoterPage,Voted,True
2025-05-19T03:05:51.128167,qc055lud,3,2,priming,3,VoterPage,Voted,True
2025-05-19T03:05:52.281629,qc055lud,4,2,priming,3,VoterPage,Voted,True
2025-05-19T03:06:01.882391,qc055lud,1,2,priming,4,ProposerPage,Submitted Proposal,10
2025-05-19T03:06:01.885093,qc055lud,1,2,priming,4,ProposerPage,Submitted Proposal,20
2025-05-19T03:06:01.885115,qc055lud,1,2,priming,4,ProposerPage,Submitted Proposal,0
2025-05-19T03:06:05.951448,qc055lud,3,2,priming,4,ProposerPage,Submitted Proposal,0
2025-05-19T03:06:05.952778,qc055lud,3,2,priming,4,ProposerPage,Submitted Proposal,10
2025-05-19T03:06:05.952805,qc055lud,3,2,priming,4,ProposerPage,Submitted Proposal,20
2025-05-19T03:06:10.533329,qc055lud,4,2,priming,4,ProposerPage,Submitted Proposal,10
2025-05-19T03:06:10.534593,qc055lud,4,2,priming,4,ProposerPage,Submitted Proposal,15
2025-05-19T03:06:10.534621,qc055lud,4,2,priming,4,ProposerPage,Submitted Proposal,5
2025-05-19T03:06:16.295723,qc055lud,1,2,priming,4,VoterPage,Voted,True
2025-05-19T03:06:17.608810,qc055lud,3,2,priming,4,VoterPage,Voted,False
2025-05-19T03:06:18.910387,qc055lud,4,2,priming,4,VoterPage,Voted,True
2025-05-19T04:14:09.191437,bnuqb3pk,6,2,priming,1,ProposerPage,Submitted Proposal,15
2025-05-19T04:14:09.192987,bnuqb3pk,6,2,priming,1,ProposerPage,Submitted Proposal,15
2025-05-19T04:14:09.193017,bnuqb3pk,6,2,priming,1,ProposerPage,Submitted Proposal,0
2025-05-19T04:14:16.477932,bnuqb3pk,5,2,priming,1,ProposerPage,Submitted Proposal,10
2025-05-19T04:14:16.478955,bnuqb3pk,5,2,priming,1,ProposerPage,Submitted Proposal,10
2025-05-19T04:14:16.478970,bnuqb3pk,5,2,priming,1,ProposerPage,Submitted Proposal,10
2025-05-19T04:14:18.280274,bnuqb3pk,4,2,priming,1,ProposerPage,Submitted Proposal,10
2025-05-19T04:14:18.282260,bnuqb3pk,4,2,priming,1,ProposerPage,Submitted Proposal,10
2025-05-19T04:14:18.282403,bnuqb3pk,4,2,priming,1,ProposerPage,Submitted Proposal,10
2025-05-19T04:14:20.707640,bnuqb3pk,4,2,priming,1,VoterPage,Voted,False
2025-05-19T04:14:24.036393,bnuqb3pk,5,2,priming,1,VoterPage,Voted,False
2025-05-19T04:14:25.965602,bnuqb3pk,6,2,priming,1,VoterPage,Voted,True
2025-05-19T04:14:37.623051,bnuqb3pk,6,2,priming,2,ProposerPage,Submitted Proposal,10
2025-05-19T04:14:37.625297,bnuqb3pk,6,2,priming,2,ProposerPage,Submitted Proposal,10
2025-05-19T04:14:37.625323,bnuqb3pk,6,2,priming,2,ProposerPage,Submitted Proposal,10
2025-05-19T04:14:40.518965,bnuqb3pk,4,2,priming,2,ProposerPage,Submitted Proposal,10
2025-05-19T04:14:40.520088,bnuqb3pk,4,2,priming,2,ProposerPage,Submitted Proposal,10
2025-05-19T04:14:40.520114,bnuqb3pk,4,2,priming,2,ProposerPage,Submitted Proposal,10
2025-05-19T04:14:42.921683,bnuqb3pk,5,2,priming,2,ProposerPage,Submitted Proposal,10
2025-05-19T04:14:42.923176,bnuqb3pk,5,2,priming,2,ProposerPage,Submitted Proposal,10
2025-05-19T04:14:42.923205,bnuqb3pk,5,2,priming,2,ProposerPage,Submitted Proposal,10
2025-05-19T04:14:47.762098,bnuqb3pk,6,2,priming,2,VoterPage,Voted,True
2025-05-19T04:14:50.714659,bnuqb3pk,4,2,priming,2,VoterPage,Voted,True
2025-05-19T04:14:52.133345,bnuqb3pk,5,2,priming,2,VoterPage,Voted,True
2025-05-19T04:15:13.840781,bnuqb3pk,5,2,priming,3,ProposerPage,Submitted Proposal,20
2025-05-19T04:15:13.841994,bnuqb3pk,5,2,priming,3,ProposerPage,Submitted Proposal,10
2025-05-19T04:15:13.842016,bnuqb3pk,5,2,priming,3,ProposerPage,Submitted Proposal,0
2025-05-19T04:15:15.248897,bnuqb3pk,4,2,priming,3,ProposerPage,Submitted Proposal,0
2025-05-19T04:15:15.250559,bnuqb3pk,4,2,priming,3,ProposerPage,Submitted Proposal,10
2025-05-19T04:15:15.250591,bnuqb3pk,4,2,priming,3,ProposerPage,Submitted Proposal,20
2025-05-19T04:15:16.418048,bnuqb3pk,6,2,priming,3,ProposerPage,Submitted Proposal,10
2025-05-19T04:15:16.419591,bnuqb3pk,6,2,priming,3,ProposerPage,Submitted Proposal,20
2025-05-19T04:15:16.419619,bnuqb3pk,6,2,priming,3,ProposerPage,Submitted Proposal,0
2025-05-19T04:15:20.993959,bnuqb3pk,6,2,priming,3,VoterPage,Voted,True
2025-05-19T04:15:23.159166,bnuqb3pk,4,2,priming,3,VoterPage,Voted,False
2025-05-19T04:15:24.575302,bnuqb3pk,5,2,priming,3,VoterPage,Voted,True
2025-05-19T04:15:45.307210,bnuqb3pk,5,2,priming,4,ProposerPage,Submitted Proposal,21
2025-05-19T04:15:45.311016,bnuqb3pk,5,2,priming,4,ProposerPage,Submitted Proposal,9
2025-05-19T04:15:45.311049,bnuqb3pk,5,2,priming,4,ProposerPage,Submitted Proposal,0
2025-05-19T04:15:46.370497,bnuqb3pk,4,2,priming,4,ProposerPage,Submitted Proposal,15
2025-05-19T04:15:46.371552,bnuqb3pk,4,2,priming,4,ProposerPage,Submitted Proposal,0
2025-05-19T04:15:46.371573,bnuqb3pk,4,2,priming,4,ProposerPage,Submitted Proposal,15
2025-05-19T04:15:47.672325,bnuqb3pk,6,2,priming,4,ProposerPage,Submitted Proposal,15
2025-05-19T04:15:47.673500,bnuqb3pk,6,2,priming,4,ProposerPage,Submitted Proposal,15
2025-05-19T04:15:47.673524,bnuqb3pk,6,2,priming,4,ProposerPage,Submitted Proposal,0
2025-05-19T04:15:50.173116,bnuqb3pk,6,2,priming,4,VoterPage,Voted,False
2025-05-19T04:15:52.138749,bnuqb3pk,4,2,priming,4,VoterPage,Voted,True
2025-05-19T04:15:53.553319,bnuqb3pk,5,2,priming,4,VoterPage,Voted,True
2025-05-19T04:16:08.061851,bnuqb3pk,6,2,priming,5,ProposerPage,Submitted Proposal,10
2025-05-19T04:16:08.063356,bnuqb3pk,6,2,priming,5,ProposerPage,Submitted Proposal,10
2025-05-19T04:16:08.063378,bnuqb3pk,6,2,priming,5,ProposerPage,Submitted Proposal,10
2025-05-19T04:16:10.523109,bnuqb3pk,4,2,priming,5,ProposerPage,Submitted Proposal,10
2025-05-19T04:16:10.524837,bnuqb3pk,4,2,priming,5,ProposerPage,Submitted Proposal,10
2025-05-19T04:16:10.524889,bnuqb3pk,4,2,priming,5,ProposerPage,Submitted Proposal,10
2025-05-19T04:16:13.074425,bnuqb3pk,5,2,priming,5,ProposerPage,Submitted Proposal,10
2025-05-19T04:16:13.075847,bnuqb3pk,5,2,priming,5,ProposerPage,Submitted Proposal,10
2025-05-19T04:16:13.075876,bnuqb3pk,5,2,priming,5,ProposerPage,Submitted Proposal,10
2025-05-19T04:16:16.485748,bnuqb3pk,6,2,priming,5,VoterPage,Voted,True
2025-05-19T04:16:18.262462,bnuqb3pk,4,2,priming,5,VoterPage,Voted,True
2025-05-19T04:16:21.449029,bnuqb3pk,5,2,priming,5,VoterPage,Voted,True
2025-05-19T04:27:06.827723,bnuqb3pk,8,3,baseline,1,ProposerPage,Submitted Proposal,10
2025-05-19T04:27:06.829700,bnuqb3pk,8,3,baseline,1,ProposerPage,Submitted Proposal,10
2025-05-19T04:27:06.829747,bnuqb3pk,8,3,baseline,1,ProposerPage,Submitted Proposal,10
2025-05-19T04:27:07.859635,bnuqb3pk,9,3,baseline,1,ProposerPage,Submitted Proposal,10
2025-05-19T04:27:07.861042,bnuqb3pk,9,3,baseline,1,ProposerPage,Submitted Proposal,10
2025-05-19T04:27:07.861070,bnuqb3pk,9,3,baseline,1,ProposerPage,Submitted Proposal,10
2025-05-19T04:27:09.216674,bnuqb3pk,7,3,baseline,1,ProposerPage,Submitted Proposal,15
2025-05-19T04:27:09.221246,bnuqb3pk,7,3,baseline,1,ProposerPage,Submitted Proposal,15
2025-05-19T04:27:09.221263,bnuqb3pk,7,3,baseline,1,ProposerPage,Submitted Proposal,0
2025-05-19T04:28:09.326406,bnuqb3pk,7,3,baseline,1,VoterPage,Voted,False
2025-05-19T11:32:23.279271,vniccojl,1,2,priming,1,ProposerPage,Submitted Proposal,30
2025-05-19T11:32:23.281212,vniccojl,1,2,priming,1,ProposerPage,Submitted Proposal,0
2025-05-19T11:32:23.281286,vniccojl,1,2,priming,1,ProposerPage,Submitted Proposal,0
2025-05-19T11:32:25.319646,vniccojl,2,2,priming,1,ProposerPage,Submitted Proposal,0
2025-05-19T11:32:25.320584,vniccojl,2,2,priming,1,ProposerPage,Submitted Proposal,0
2025-05-19T11:32:25.320604,vniccojl,2,2,priming,1,ProposerPage,Submitted Proposal,30
2025-05-19T11:32:29.560636,vniccojl,3,2,priming,1,ProposerPage,Submitted Proposal,0
2025-05-19T11:32:29.562370,vniccojl,3,2,priming,1,ProposerPage,Submitted Proposal,30
2025-05-19T11:32:29.562466,vniccojl,3,2,priming,1,ProposerPage,Submitted Proposal,0
2025-05-19T11:32:35.858827,vniccojl,1,2,priming,1,VoterPage,Voted,True
2025-05-19T11:32:37.345432,vniccojl,2,2,priming,1,VoterPage,Voted,False
2025-05-19T11:32:40.205739,vniccojl,3,2,priming,1,VoterPage,Voted,False
2025-05-19T11:49:48.990200,ev5gqwey,2,2,priming,1,ProposerPage,Submitted Proposal,10
2025-05-19T11:49:48.992566,ev5gqwey,2,2,priming,1,ProposerPage,Submitted Proposal,10
2025-05-19T11:49:48.992600,ev5gqwey,2,2,priming,1,ProposerPage,Submitted Proposal,10
2025-05-19T11:49:50.250396,ev5gqwey,1,2,priming,1,ProposerPage,Submitted Proposal,0
2025-05-19T11:49:50.251920,ev5gqwey,1,2,priming,1,ProposerPage,Submitted Proposal,30
2025-05-19T11:49:50.251943,ev5gqwey,1,2,priming,1,ProposerPage,Submitted Proposal,0
2025-05-19T11:49:52.861572,ev5gqwey,3,2,priming,1,ProposerPage,Submitted Proposal,10
2025-05-19T11:49:52.863278,ev5gqwey,3,2,priming,1,ProposerPage,Submitted Proposal,0
2025-05-19T11:49:52.863360,ev5gqwey,3,2,priming,1,ProposerPage,Submitted Proposal,20
2025-05-19T11:49:57.519192,ev5gqwey,1,2,priming,1,VoterPage,Voted,True
2025-05-19T11:50:53.003014,ev5gqwey,3,2,priming,1,VoterPage,Voted,False
2025-05-19T11:50:53.827638,ev5gqwey,2,2,priming,1,VoterPage,Timeout - Auto Vote,False
2025-05-19T11:52:25.089753,ev5gqwey,3,2,priming,2,ProposerPage,Submitted Proposal,0
2025-05-19T11:52:25.091329,ev5gqwey,3,2,priming,2,ProposerPage,Submitted Proposal,0
2025-05-19T11:52:25.091351,ev5gqwey,3,2,priming,2,ProposerPage,Submitted Proposal,0
2025-05-19T11:58:32.072271,m6vilrtr,1,2,priming,1,ProposerPage,Submitted Proposal,30
2025-05-19T11:58:32.073701,m6vilrtr,1,2,priming,1,ProposerPage,Submitted Proposal,0
2025-05-19T11:58:32.073723,m6vilrtr,1,2,priming,1,ProposerPage,Submitted Proposal,0
2025-05-19T11:59:26.140220,m6vilrtr,3,2,priming,1,ProposerPage,Submitted Proposal,0
2025-05-19T11:59:26.142963,m6vilrtr,3,2,priming,1,ProposerPage,Submitted Proposal,0
2025-05-19T11:59:26.142993,m6vilrtr,3,2,priming,1,ProposerPage,Submitted Proposal,0
2025-05-19T11:59:26.201645,m6vilrtr,1,2,priming,1,ProposerPage,Submitted Proposal,0
2025-05-19T11:59:26.205589,m6vilrtr,1,2,priming,1,ProposerPage,Submitted Proposal,0
2025-05-19T11:59:26.205602,m6vilrtr,1,2,priming,1,ProposerPage,Submitted Proposal,0
2025-05-19T11:59:26.825630,m6vilrtr,2,2,priming,1,ProposerPage,Submitted Proposal,0
2025-05-19T11:59:26.827074,m6vilrtr,2,2,priming,1,ProposerPage,Submitted Proposal,0
2025-05-19T11:59:26.827097,m6vilrtr,2,2,priming,1,ProposerPage,Submitted Proposal,0
2025-05-19T11:59:42.808909,m6vilrtr,1,2,priming,1,ProposerPage,Submitted Proposal,0
2025-05-19T11:59:42.816505,m6vilrtr,1,2,priming,1,ProposerPage,Submitted Proposal,0
2025-05-19T11:59:42.816520,m6vilrtr,1,2,priming,1,ProposerPage,Submitted Proposal,0
2025-05-19T12:02:57.841376,kx55l8dm,1,2,priming,1,ProposerPage,Submitted Proposal,0
2025-05-19T12:02:57.843079,kx55l8dm,1,2,priming,1,ProposerPage,Submitted Proposal,30
2025-05-19T12:02:57.843105,kx55l8dm,1,2,priming,1,ProposerPage,Submitted Proposal,0
2025-05-19T12:03:04.711331,kx55l8dm,3,2,priming,1,ProposerPage,Submitted Proposal,0
2025-05-19T12:03:04.712962,kx55l8dm,3,2,priming,1,ProposerPage,Submitted Proposal,0
2025-05-19T12:03:04.712982,kx55l8dm,3,2,priming,1,ProposerPage,Submitted Proposal,30
2025-05-19T12:03:05.918845,kx55l8dm,2,2,priming,1,ProposerPage,Submitted Proposal,30
2025-05-19T12:03:05.919843,kx55l8dm,2,2,priming,1,ProposerPage,Submitted Proposal,0
2025-05-19T12:03:05.919865,kx55l8dm,2,2,priming,1,ProposerPage,Submitted Proposal,0
2025-05-19T12:03:09.832496,kx55l8dm,1,2,priming,1,VoterPage,Voted,True
2025-05-19T12:03:11.246609,kx55l8dm,2,2,priming,1,VoterPage,Voted,False
2025-05-19T12:03:12.705952,kx55l8dm,3,2,priming,1,VoterPage,Voted,False
2025-05-19T12:03:23.650505,kx55l8dm,1,2,priming,2,ProposerPage,Submitted Proposal,10
2025-05-19T12:03:23.651511,kx55l8dm,1,2,priming,2,ProposerPage,Submitted Proposal,10
2025-05-19T12:03:23.651522,kx55l8dm,1,2,priming,2,ProposerPage,Submitted Proposal,10
2025-05-19T12:03:25.910139,kx55l8dm,2,2,priming,2,ProposerPage,Submitted Proposal,10
2025-05-19T12:03:25.912170,kx55l8dm,2,2,priming,2,ProposerPage,Submitted Proposal,10
2025-05-19T12:03:25.912198,kx55l8dm,2,2,priming,2,ProposerPage,Submitted Proposal,10
2025-05-19T12:03:28.222220,kx55l8dm,3,2,priming,2,ProposerPage,Submitted Proposal,10
2025-05-19T12:03:28.225999,kx55l8dm,3,2,priming,2,ProposerPage,Submitted Proposal,10
2025-05-19T12:03:28.226030,kx55l8dm,3,2,priming,2,ProposerPage,Submitted Proposal,10
2025-05-19T12:03:30.776697,kx55l8dm,1,2,priming,2,VoterPage,Voted,True
2025-05-19T12:03:31.980731,kx55l8dm,2,2,priming,2,VoterPage,Voted,True
2025-05-19T12:03:33.686198,kx55l8dm,3,2,priming,2,VoterPage,Voted,True
2025-05-19T12:21:43.850787,kx55l8dm,2,2,priming,3,ProposerPage,Submitted Proposal,0
2025-05-19T12:21:43.852423,kx55l8dm,2,2,priming,3,ProposerPage,Submitted Proposal,0
2025-05-19T12:21:43.852444,kx55l8dm,2,2,priming,3,ProposerPage,Submitted Proposal,0
2025-05-19T12:21:43.866385,kx55l8dm,3,2,priming,3,ProposerPage,Submitted Proposal,0
2025-05-19T12:21:43.867323,kx55l8dm,3,2,priming,3,ProposerPage,Submitted Proposal,0
2025-05-19T12:21:43.867342,kx55l8dm,3,2,priming,3,ProposerPage,Submitted Proposal,0
2025-05-20T04:24:17.838224,43870zxk,3,2,priming,1,ProposerPage,Submitted Proposal,0
2025-05-20T04:24:17.840085,43870zxk,3,2,priming,1,ProposerPage,Submitted Proposal,30
2025-05-20T04:24:17.840109,43870zxk,3,2,priming,1,ProposerPage,Submitted Proposal,0
2025-05-20T04:24:19.203328,43870zxk,1,2,priming,1,ProposerPage,Submitted Proposal,30
2025-05-20T04:24:19.204899,43870zxk,1,2,priming,1,ProposerPage,Submitted Proposal,0
2025-05-20T04:24:19.204927,43870zxk,1,2,priming,1,ProposerPage,Submitted Proposal,0
2025-05-20T04:24:21.437770,43870zxk,2,2,priming,1,ProposerPage,Submitted Proposal,0
2025-05-20T04:24:21.439320,43870zxk,2,2,priming,1,ProposerPage,Submitted Proposal,0
2025-05-20T04:24:21.439344,43870zxk,2,2,priming,1,ProposerPage,Submitted Proposal,30
2025-05-20T04:24:25.944321,43870zxk,1,2,priming,1,VoterPage,Voted,False
2025-05-20T04:24:29.736941,43870zxk,2,2,priming,1,VoterPage,Voted,True
2025-05-20T04:24:31.240326,43870zxk,3,2,priming,1,VoterPage,Voted,False
2025-05-20T04:24:44.233697,43870zxk,1,2,priming,2,ProposerPage,Submitted Proposal,10
2025-05-20T04:24:44.235644,43870zxk,1,2,priming,2,ProposerPage,Submitted Proposal,10
2025-05-20T04:24:44.235677,43870zxk,1,2,priming,2,ProposerPage,Submitted Proposal,10
2025-05-20T04:24:46.642353,43870zxk,2,2,priming,2,ProposerPage,Submitted Proposal,10
2025-05-20T04:24:46.643605,43870zxk,2,2,priming,2,ProposerPage,Submitted Proposal,10
2025-05-20T04:24:46.643633,43870zxk,2,2,priming,2,ProposerPage,Submitted Proposal,10
2025-05-20T04:24:49.427641,43870zxk,3,2,priming,2,ProposerPage,Submitted Proposal,10
2025-05-20T04:24:49.428762,43870zxk,3,2,priming,2,ProposerPage,Submitted Proposal,10
2025-05-20T04:24:49.428787,43870zxk,3,2,priming,2,ProposerPage,Submitted Proposal,10
2025-05-20T04:24:53.222880,43870zxk,1,2,priming,2,VoterPage,Voted,True
2025-05-20T04:24:55.679396,43870zxk,2,2,priming,2,VoterPage,Voted,True
2025-05-20T04:24:56.669334,43870zxk,3,2,priming,2,VoterPage,Voted,True
2025-05-20T04:25:21.458948,43870zxk,1,2,priming,3,ProposerPage,Submitted Proposal,20
2025-05-20T04:25:21.460553,43870zxk,1,2,priming,3,ProposerPage,Submitted Proposal,10
2025-05-20T04:25:21.460578,43870zxk,1,2,priming,3,ProposerPage,Submitted Proposal,0
2025-05-20T04:25:23.084523,43870zxk,2,2,priming,3,ProposerPage,Submitted Proposal,15
2025-05-20T04:25:23.086112,43870zxk,2,2,priming,3,ProposerPage,Submitted Proposal,15
2025-05-20T04:25:23.086138,43870zxk,2,2,priming,3,ProposerPage,Submitted Proposal,0
2025-05-20T04:25:34.339050,43870zxk,3,2,priming,3,ProposerPage,Submitted Proposal,0
2025-05-20T04:25:34.340410,43870zxk,3,2,priming,3,ProposerPage,Submitted Proposal,10
2025-05-20T04:25:34.340438,43870zxk,3,2,priming,3,ProposerPage,Submitted Proposal,20
2025-05-20T04:25:38.791505,43870zxk,1,2,priming,3,VoterPage,Voted,True
2025-05-20T04:25:40.437791,43870zxk,2,2,priming,3,VoterPage,Voted,True
2025-05-20T04:25:41.682221,43870zxk,3,2,priming,3,VoterPage,Voted,False
2025-05-23T11:19:38.097432,fwxrab8j,1,2,priming,1,ProposerPage,Submitted Proposal,0
2025-05-23T11:19:38.098829,fwxrab8j,1,2,priming,1,ProposerPage,Submitted Proposal,30
2025-05-23T11:19:38.098855,fwxrab8j,1,2,priming,1,ProposerPage,Submitted Proposal,0
2025-05-23T11:19:41.851062,fwxrab8j,3,2,priming,1,ProposerPage,Submitted Proposal,10
2025-05-23T11:19:41.852164,fwxrab8j,3,2,priming,1,ProposerPage,Submitted Proposal,10
2025-05-23T11:19:41.852205,fwxrab8j,3,2,priming,1,ProposerPage,Submitted Proposal,10
2025-05-23T11:19:44.615349,fwxrab8j,2,2,priming,1,ProposerPage,Submitted Proposal,10
2025-05-23T11:19:44.616552,fwxrab8j,2,2,priming,1,ProposerPage,Submitted Proposal,10
2025-05-23T11:19:44.616585,fwxrab8j,2,2,priming,1,ProposerPage,Submitted Proposal,10
2025-05-23T11:19:50.125862,fwxrab8j,1,2,priming,1,VoterPage,Voted,True
2025-05-23T11:19:51.671579,fwxrab8j,3,2,priming,1,VoterPage,Voted,True
2025-05-23T11:19:52.946561,fwxrab8j,2,2,priming,1,VoterPage,Voted,True
2025-05-23T11:20:21.683105,fwxrab8j,3,2,priming,2,ProposerPage,Submitted Proposal,10
2025-05-23T11:20:21.684956,fwxrab8j,3,2,priming,2,ProposerPage,Submitted Proposal,20
2025-05-23T11:20:21.684997,fwxrab8j,3,2,priming,2,ProposerPage,Submitted Proposal,0
2025-05-23T11:20:23.210016,fwxrab8j,1,2,priming,2,ProposerPage,Submitted Proposal,0
2025-05-23T11:20:23.212099,fwxrab8j,1,2,priming,2,ProposerPage,Submitted Proposal,15
2025-05-23T11:20:23.212113,fwxrab8j,1,2,priming,2,ProposerPage,Submitted Proposal,15
2025-05-23T11:20:24.902833,fwxrab8j,2,2,priming,2,ProposerPage,Submitted Proposal,12
2025-05-23T11:20:24.904631,fwxrab8j,2,2,priming,2,ProposerPage,Submitted Proposal,8
2025-05-23T11:20:24.904661,fwxrab8j,2,2,priming,2,ProposerPage,Submitted Proposal,10
2025-05-23T11:20:29.531149,fwxrab8j,1,2,priming,2,VoterPage,Voted,True
2025-05-23T11:20:32.365956,fwxrab8j,3,2,priming,2,VoterPage,Voted,False
2025-05-23T11:20:34.036630,fwxrab8j,2,2,priming,2,VoterPage,Voted,True
2025-05-23T11:22:04.421024,fwxrab8j,2,2,priming,3,ProposerPage,Submitted Proposal,0
2025-05-23T11:22:04.422887,fwxrab8j,2,2,priming,3,ProposerPage,Submitted Proposal,0
2025-05-23T11:22:04.422900,fwxrab8j,2,2,priming,3,ProposerPage,Submitted Proposal,0
2025-05-23T11:22:04.437601,fwxrab8j,3,2,priming,3,ProposerPage,Submitted Proposal,0
2025-05-23T11:22:04.438745,fwxrab8j,3,2,priming,3,ProposerPage,Submitted Proposal,0
2025-05-23T11:22:04.438758,fwxrab8j,3,2,priming,3,ProposerPage,Submitted Proposal,0
2025-05-23T11:22:04.656156,fwxrab8j,1,2,priming,3,ProposerPage,Submitted Proposal,0
2025-05-23T11:22:04.662883,fwxrab8j,1,2,priming,3,ProposerPage,Submitted Proposal,0
2025-05-23T11:22:04.662899,fwxrab8j,1,2,priming,3,ProposerPage,Submitted Proposal,0
2025-05-23T11:23:04.807602,fwxrab8j,1,2,priming,3,VoterPage,Timeout - Auto Vote,False
2025-05-23T11:23:04.973764,fwxrab8j,2,2,priming,3,VoterPage,Voted,False
2025-05-23T11:23:05.004202,fwxrab8j,3,2,priming,3,VoterPage,Voted,False
2025-05-23T11:24:35.685857,fwxrab8j,2,2,priming,4,ProposerPage,Submitted Proposal,0
2025-05-23T11:24:35.688189,fwxrab8j,2,2,priming,4,ProposerPage,Submitted Proposal,0
2025-05-23T11:24:35.688207,fwxrab8j,2,2,priming,4,ProposerPage,Submitted Proposal,0
2025-05-23T11:24:35.701992,fwxrab8j,3,2,priming,4,ProposerPage,Submitted Proposal,0
2025-05-23T11:24:35.702714,fwxrab8j,3,2,priming,4,ProposerPage,Submitted Proposal,0
2025-05-23T11:24:35.702729,fwxrab8j,3,2,priming,4,ProposerPage,Submitted Proposal,0
2025-05-23T11:24:35.766575,fwxrab8j,1,2,priming,4,ProposerPage,Submitted Proposal,0
2025-05-23T11:24:35.768745,fwxrab8j,1,2,priming,4,ProposerPage,Submitted Proposal,0
2025-05-23T11:24:35.769052,fwxrab8j,1,2,priming,4,ProposerPage,Submitted Proposal,0
2025-05-23T11:25:35.901612,fwxrab8j,1,2,priming,4,VoterPage,Voted,False
2025-05-23T11:25:36.093668,fwxrab8j,2,2,priming,4,VoterPage,Voted,False
2025-05-23T11:25:36.116392,fwxrab8j,3,2,priming,4,VoterPage,Timeout - Auto Vote,False
2025-05-23T11:27:06.937849,fwxrab8j,3,2,priming,5,ProposerPage,Submitted Proposal,0
2025-05-23T11:27:06.941530,fwxrab8j,3,2,priming,5,ProposerPage,Submitted Proposal,0
2025-05-23T11:27:06.941545,fwxrab8j,3,2,priming,5,ProposerPage,Submitted Proposal,0
2025-05-23T11:27:06.989896,fwxrab8j,1,2,priming,5,ProposerPage,Submitted Proposal,0
2025-05-23T11:27:06.990880,fwxrab8j,1,2,priming,5,ProposerPage,Submitted Proposal,0
2025-05-23T11:27:06.990894,fwxrab8j,1,2,priming,5,ProposerPage,Submitted Proposal,0
2025-05-23T11:27:07.210920,fwxrab8j,2,2,priming,5,ProposerPage,Submitted Proposal,0
2025-05-23T11:27:07.212342,fwxrab8j,2,2,priming,5,ProposerPage,Submitted Proposal,0
2025-05-23T11:27:07.212355,fwxrab8j,2,2,priming,5,ProposerPage,Submitted Proposal,0
2025-05-23T11:28:07.488688,fwxrab8j,2,2,priming,5,VoterPage,Voted,False
2025-05-23T11:28:07.505571,fwxrab8j,1,2,priming,5,VoterPage,Timeout - Auto Vote,False
2025-05-23T11:28:07.632840,fwxrab8j,3,2,priming,5,VoterPage,Voted,False
2025-05-25T07:04:27.078069,tdigzk09,1,2,priming,1,ProposerPage,Submitted Proposal,0
2025-05-25T07:04:27.079569,tdigzk09,1,2,priming,1,ProposerPage,Submitted Proposal,0
2025-05-25T07:04:27.079595,tdigzk09,1,2,priming,1,ProposerPage,Submitted Proposal,30
2025-05-25T07:04:29.983546,tdigzk09,2,2,priming,1,ProposerPage,Submitted Proposal,10
2025-05-25T07:04:29.985348,tdigzk09,2,2,priming,1,ProposerPage,Submitted Proposal,10
2025-05-25T07:04:29.985381,tdigzk09,2,2,priming,1,ProposerPage,Submitted Proposal,10
2025-05-25T07:04:34.715295,tdigzk09,3,2,priming,1,ProposerPage,Submitted Proposal,0
2025-05-25T07:04:34.716832,tdigzk09,3,2,priming,1,ProposerPage,Submitted Proposal,30
2025-05-25T07:04:34.716878,tdigzk09,3,2,priming,1,ProposerPage,Submitted Proposal,0
2025-05-25T07:04:46.643806,tdigzk09,1,2,priming,1,VoterPage,Voted,True
2025-05-25T07:04:47.817654,tdigzk09,2,2,priming,1,VoterPage,Voted,True
2025-05-25T07:04:49.350399,tdigzk09,3,2,priming,1,VoterPage,Voted,True
2025-05-25T07:34:52.458257,tdigzk09,1,2,priming,2,ProposerPage,Submitted Proposal,10
2025-05-25T07:34:52.460643,tdigzk09,1,2,priming,2,ProposerPage,Submitted Proposal,10
2025-05-25T07:34:52.460667,tdigzk09,1,2,priming,2,ProposerPage,Submitted Proposal,10
2025-05-25T07:34:54.836931,tdigzk09,2,2,priming,2,ProposerPage,Submitted Proposal,10
2025-05-25T07:34:54.838191,tdigzk09,2,2,priming,2,ProposerPage,Submitted Proposal,10
2025-05-25T07:34:54.838222,tdigzk09,2,2,priming,2,ProposerPage,Submitted Proposal,10
2025-05-25T07:34:57.177205,tdigzk09,3,2,priming,2,ProposerPage,Submitted Proposal,10
2025-05-25T07:34:57.178473,tdigzk09,3,2,priming,2,ProposerPage,Submitted Proposal,10
2025-05-25T07:34:57.178500,tdigzk09,3,2,priming,2,ProposerPage,Submitted Proposal,10
2025-05-25T07:34:59.009899,tdigzk09,1,2,priming,2,VoterPage,Voted,True
2025-05-25T07:35:00.059515,tdigzk09,2,2,priming,2,VoterPage,Voted,True
2025-05-25T07:35:01.073408,tdigzk09,3,2,priming,2,VoterPage,Voted,True
2025-05-25T07:35:07.616702,tdigzk09,1,2,priming,3,ProposerPage,Submitted Proposal,10
2025-05-25T07:35:07.617981,tdigzk09,1,2,priming,3,ProposerPage,Submitted Proposal,10
2025-05-25T07:35:07.618019,tdigzk09,1,2,priming,3,ProposerPage,Submitted Proposal,10
2025-05-25T07:35:10.744292,tdigzk09,2,2,priming,3,ProposerPage,Submitted Proposal,10
2025-05-25T07:35:10.745592,tdigzk09,2,2,priming,3,ProposerPage,Submitted Proposal,10
2025-05-25T07:35:10.745615,tdigzk09,2,2,priming,3,ProposerPage,Submitted Proposal,10
2025-05-25T07:35:13.472345,tdigzk09,3,2,priming,3,ProposerPage,Submitted Proposal,10
2025-05-25T07:35:13.473488,tdigzk09,3,2,priming,3,ProposerPage,Submitted Proposal,10
2025-05-25T07:35:13.473512,tdigzk09,3,2,priming,3,ProposerPage,Submitted Proposal,10
2025-05-25T07:35:16.034928,tdigzk09,1,2,priming,3,VoterPage,Voted,True
2025-05-25T07:35:42.298038,tdigzk09,2,2,priming,3,VoterPage,Voted,True
2025-05-25T07:35:43.660974,tdigzk09,3,2,priming,3,VoterPage,Voted,True
2025-05-25T07:35:49.818424,tdigzk09,1,2,priming,4,ProposerPage,Submitted Proposal,10
2025-05-25T07:35:49.819991,tdigzk09,1,2,priming,4,ProposerPage,Submitted Proposal,10
2025-05-25T07:35:49.820061,tdigzk09,1,2,priming,4,ProposerPage,Submitted Proposal,10
2025-05-25T07:35:52.142640,tdigzk09,2,2,priming,4,ProposerPage,Submitted Proposal,10
2025-05-25T07:35:52.144097,tdigzk09,2,2,priming,4,ProposerPage,Submitted Proposal,10
2025-05-25T07:35:52.144124,tdigzk09,2,2,priming,4,ProposerPage,Submitted Proposal,10
2025-05-25T07:35:54.574800,tdigzk09,3,2,priming,4,ProposerPage,Submitted Proposal,10
2025-05-25T07:35:54.576107,tdigzk09,3,2,priming,4,ProposerPage,Submitted Proposal,10
2025-05-25T07:35:54.576128,tdigzk09,3,2,priming,4,ProposerPage,Submitted Proposal,10
2025-05-25T07:35:56.183705,tdigzk09,1,2,priming,4,VoterPage,Voted,True
2025-05-25T07:35:57.366242,tdigzk09,2,2,priming,4,VoterPage,Voted,True
2025-05-25T07:35:58.389264,tdigzk09,3,2,priming,4,VoterPage,Voted,True
2025-05-25T07:36:05.064038,tdigzk09,1,2,priming,5,ProposerPage,Submitted Proposal,10
2025-05-25T07:36:05.065675,tdigzk09,1,2,priming,5,ProposerPage,Submitted Proposal,10
2025-05-25T07:36:05.065703,tdigzk09,1,2,priming,5,ProposerPage,Submitted Proposal,10
2025-05-25T07:36:07.396937,tdigzk09,2,2,priming,5,ProposerPage,Submitted Proposal,10
2025-05-25T07:36:07.398085,tdigzk09,2,2,priming,5,ProposerPage,Submitted Proposal,10
2025-05-25T07:36:07.398111,tdigzk09,2,2,priming,5,ProposerPage,Submitted Proposal,10
2025-05-25T07:36:09.792415,tdigzk09,3,2,priming,5,ProposerPage,Submitted Proposal,10
2025-05-25T07:36:09.793733,tdigzk09,3,2,priming,5,ProposerPage,Submitted Proposal,10
2025-05-25T07:36:09.793760,tdigzk09,3,2,priming,5,ProposerPage,Submitted Proposal,10
2025-05-25T07:36:12.431246,tdigzk09,1,2,priming,5,VoterPage,Voted,True
2025-05-25T07:36:13.530254,tdigzk09,2,2,priming,5,VoterPage,Voted,True
2025-05-25T07:36:15.281676,tdigzk09,3,2,priming,5,VoterPage,Voted,True
2025-05-25T09:14:58.324915,8rfe0mty,4,2,priming,1,ProposerPage,Submitted Proposal,0
2025-05-25T09:14:58.327992,8rfe0mty,4,2,priming,1,ProposerPage,Submitted Proposal,0
2025-05-25T09:14:58.328018,8rfe0mty,4,2,priming,1,ProposerPage,Submitted Proposal,0
2025-05-25T09:15:00.446022,8rfe0mty,2,2,priming,1,ProposerPage,Submitted Proposal,0
2025-05-25T09:15:00.447329,8rfe0mty,2,2,priming,1,ProposerPage,Submitted Proposal,0
2025-05-25T09:15:00.447373,8rfe0mty,2,2,priming,1,ProposerPage,Submitted Proposal,0
2025-05-25T09:15:01.795531,8rfe0mty,3,2,priming,1,ProposerPage,Submitted Proposal,0
2025-05-25T09:15:01.797003,8rfe0mty,3,2,priming,1,ProposerPage,Submitted Proposal,0
2025-05-25T09:15:01.797035,8rfe0mty,3,2,priming,1,ProposerPage,Submitted Proposal,0
2025-05-25T09:15:06.014221,8rfe0mty,4,2,priming,1,VoterPage,Voted,True
2025-05-25T09:15:07.234920,8rfe0mty,2,2,priming,1,VoterPage,Voted,True
2025-05-25T09:15:08.268661,8rfe0mty,3,2,priming,1,VoterPage,Voted,True
2025-05-25T09:15:19.717240,8rfe0mty,4,2,priming,2,ProposerPage,Submitted Proposal,30
2025-05-25T09:15:19.719400,8rfe0mty,4,2,priming,2,ProposerPage,Submitted Proposal,0
2025-05-25T09:15:19.719425,8rfe0mty,4,2,priming,2,ProposerPage,Submitted Proposal,0
2025-05-25T09:15:23.531027,8rfe0mty,2,2,priming,2,ProposerPage,Submitted Proposal,0
2025-05-25T09:15:23.532501,8rfe0mty,2,2,priming,2,ProposerPage,Submitted Proposal,0
2025-05-25T09:15:23.532525,8rfe0mty,2,2,priming,2,ProposerPage,Submitted Proposal,30
2025-05-25T09:15:27.285442,8rfe0mty,3,2,priming,2,ProposerPage,Submitted Proposal,30
2025-05-25T09:15:27.286888,8rfe0mty,3,2,priming,2,ProposerPage,Submitted Proposal,0
2025-05-25T09:15:27.286917,8rfe0mty,3,2,priming,2,ProposerPage,Submitted Proposal,0
2025-05-25T09:15:55.195826,8rfe0mty,4,2,priming,2,VoterPage,Voted,False
2025-05-25T09:15:57.302736,8rfe0mty,2,2,priming,2,VoterPage,Voted,True
2025-05-25T09:15:58.281055,8rfe0mty,3,2,priming,2,VoterPage,Voted,True
2025-05-25T09:16:12.398386,8rfe0mty,4,2,priming,3,ProposerPage,Submitted Proposal,0
2025-05-25T09:16:12.399475,8rfe0mty,4,2,priming,3,ProposerPage,Submitted Proposal,30
2025-05-25T09:16:12.399496,8rfe0mty,4,2,priming,3,ProposerPage,Submitted Proposal,0
2025-05-25T09:16:17.131059,8rfe0mty,2,2,priming,3,ProposerPage,Submitted Proposal,0
2025-05-25T09:16:17.132305,8rfe0mty,2,2,priming,3,ProposerPage,Submitted Proposal,0
2025-05-25T09:16:17.132336,8rfe0mty,2,2,priming,3,ProposerPage,Submitted Proposal,30
2025-05-25T09:16:21.600953,8rfe0mty,3,2,priming,3,ProposerPage,Submitted Proposal,30
2025-05-25T09:16:21.602505,8rfe0mty,3,2,priming,3,ProposerPage,Submitted Proposal,0
2025-05-25T09:16:21.602533,8rfe0mty,3,2,priming,3,ProposerPage,Submitted Proposal,0
2025-05-25T09:16:28.462409,8rfe0mty,4,2,priming,3,VoterPage,Voted,True
2025-05-25T09:16:30.560905,8rfe0mty,2,2,priming,3,VoterPage,Voted,False
2025-05-25T09:16:31.808702,8rfe0mty,3,2,priming,3,VoterPage,Voted,True
2025-05-25T09:22:32.637332,1ruft3pf,2,2,priming,1,ProposerPage,Submitted Proposal,0
2025-05-25T09:22:32.640066,1ruft3pf,2,2,priming,1,ProposerPage,Submitted Proposal,0
2025-05-25T09:22:32.640122,1ruft3pf,2,2,priming,1,ProposerPage,Submitted Proposal,30
2025-05-25T09:22:33.855694,1ruft3pf,1,2,priming,1,ProposerPage,Submitted Proposal,30
2025-05-25T09:22:33.857059,1ruft3pf,1,2,priming,1,ProposerPage,Submitted Proposal,0
2025-05-25T09:22:33.857088,1ruft3pf,1,2,priming,1,ProposerPage,Submitted Proposal,0
2025-05-25T09:22:35.284265,1ruft3pf,3,2,priming,1,ProposerPage,Submitted Proposal,0
2025-05-25T09:22:35.285781,1ruft3pf,3,2,priming,1,ProposerPage,Submitted Proposal,30
2025-05-25T09:22:35.285812,1ruft3pf,3,2,priming,1,ProposerPage,Submitted Proposal,0
2025-05-25T09:22:38.239647,1ruft3pf,1,2,priming,1,VoterPage,Voted,True
2025-05-25T09:22:40.007996,1ruft3pf,2,2,priming,1,VoterPage,Voted,False
2025-05-25T09:22:41.357278,1ruft3pf,3,2,priming,1,VoterPage,Voted,False
2025-05-25T09:22:50.990261,1ruft3pf,1,2,priming,2,ProposerPage,Submitted Proposal,10
2025-05-25T09:22:50.991680,1ruft3pf,1,2,priming,2,ProposerPage,Submitted Proposal,10
2025-05-25T09:22:50.991710,1ruft3pf,1,2,priming,2,ProposerPage,Submitted Proposal,10
2025-05-25T09:22:53.292479,1ruft3pf,2,2,priming,2,ProposerPage,Submitted Proposal,10
2025-05-25T09:22:53.293848,1ruft3pf,2,2,priming,2,ProposerPage,Submitted Proposal,10
2025-05-25T09:22:53.293871,1ruft3pf,2,2,priming,2,ProposerPage,Submitted Proposal,10
2025-05-25T09:22:55.804031,1ruft3pf,3,2,priming,2,ProposerPage,Submitted Proposal,10
2025-05-25T09:22:55.805554,1ruft3pf,3,2,priming,2,ProposerPage,Submitted Proposal,10
2025-05-25T09:22:55.805581,1ruft3pf,3,2,priming,2,ProposerPage,Submitted Proposal,10
2025-05-25T09:23:00.071144,1ruft3pf,1,2,priming,2,VoterPage,Voted,True
2025-05-25T09:23:03.836279,1ruft3pf,2,2,priming,2,VoterPage,Voted,True
2025-05-25T09:23:05.142547,1ruft3pf,3,2,priming,2,VoterPage,Voted,True
2025-05-25T09:23:25.689291,1ruft3pf,2,2,priming,3,ProposerPage,Submitted Proposal,0
2025-05-25T09:23:25.690714,1ruft3pf,2,2,priming,3,ProposerPage,Submitted Proposal,10
2025-05-25T09:23:25.690737,1ruft3pf,2,2,priming,3,ProposerPage,Submitted Proposal,20
2025-05-25T09:23:27.321103,1ruft3pf,3,2,priming,3,ProposerPage,Submitted Proposal,8
2025-05-25T09:23:27.322117,1ruft3pf,3,2,priming,3,ProposerPage,Submitted Proposal,12
2025-05-25T09:23:27.322143,1ruft3pf,3,2,priming,3,ProposerPage,Submitted Proposal,10
2025-05-25T09:23:28.488468,1ruft3pf,1,2,priming,3,ProposerPage,Submitted Proposal,15
2025-05-25T09:23:28.489841,1ruft3pf,1,2,priming,3,ProposerPage,Submitted Proposal,15
2025-05-25T09:23:28.489869,1ruft3pf,1,2,priming,3,ProposerPage,Submitted Proposal,0
2025-05-25T09:23:39.124386,1ruft3pf,1,2,priming,3,VoterPage,Voted,True
2025-05-25T09:23:41.661099,1ruft3pf,2,2,priming,3,VoterPage,Voted,False
2025-05-25T09:23:42.873543,1ruft3pf,3,2,priming,3,VoterPage,Voted,True
2025-05-25T09:24:10.901445,1ruft3pf,3,2,priming,4,ProposerPage,Submitted Proposal,19
2025-05-25T09:24:10.902992,1ruft3pf,3,2,priming,4,ProposerPage,Submitted Proposal,11
2025-05-25T09:24:10.903017,1ruft3pf,3,2,priming,4,ProposerPage,Submitted Proposal,0
2025-05-25T09:24:12.126440,1ruft3pf,2,2,priming,4,ProposerPage,Submitted Proposal,12
2025-05-25T09:24:12.127686,1ruft3pf,2,2,priming,4,ProposerPage,Submitted Proposal,18
2025-05-25T09:24:12.127714,1ruft3pf,2,2,priming,4,ProposerPage,Submitted Proposal,0
2025-05-25T09:24:13.239292,1ruft3pf,1,2,priming,4,ProposerPage,Submitted Proposal,0
2025-05-25T09:24:13.241275,1ruft3pf,1,2,priming,4,ProposerPage,Submitted Proposal,10
2025-05-25T09:24:13.241314,1ruft3pf,1,2,priming,4,ProposerPage,Submitted Proposal,20
2025-05-25T09:24:19.213580,1ruft3pf,1,2,priming,4,VoterPage,Voted,True
2025-05-25T09:24:21.789141,1ruft3pf,2,2,priming,4,VoterPage,Voted,True
2025-05-25T09:24:23.327333,1ruft3pf,3,2,priming,4,VoterPage,Voted,False
2025-05-25T09:24:36.668940,1ruft3pf,2,2,priming,5,ProposerPage,Submitted Proposal,0
2025-05-25T09:24:36.670731,1ruft3pf,2,2,priming,5,ProposerPage,Submitted Proposal,0
2025-05-25T09:24:36.670758,1ruft3pf,2,2,priming,5,ProposerPage,Submitted Proposal,30
2025-05-25T09:24:40.562006,1ruft3pf,3,2,priming,5,ProposerPage,Submitted Proposal,30
2025-05-25T09:24:40.563601,1ruft3pf,3,2,priming,5,ProposerPage,Submitted Proposal,0
2025-05-25T09:24:40.563640,1ruft3pf,3,2,priming,5,ProposerPage,Submitted Proposal,0
2025-05-25T09:24:42.192030,1ruft3pf,1,2,priming,5,ProposerPage,Submitted Proposal,0
2025-05-25T09:24:42.193879,1ruft3pf,1,2,priming,5,ProposerPage,Submitted Proposal,20
2025-05-25T09:24:42.193908,1ruft3pf,1,2,priming,5,ProposerPage,Submitted Proposal,10
2025-05-25T09:24:50.401682,1ruft3pf,1,2,priming,5,VoterPage,Voted,False
2025-05-25T09:24:51.540427,1ruft3pf,2,2,priming,5,VoterPage,Voted,True
2025-05-25T09:24:52.666308,1ruft3pf,3,2,priming,5,VoterPage,Voted,True
2025-05-25T09:37:00.506847,v42psxc1,2,2,priming,1,ProposerPage,Submitted Proposal,0
2025-05-25T09:37:00.509175,v42psxc1,2,2,priming,1,ProposerPage,Submitted Proposal,0
2025-05-25T09:37:00.509198,v42psxc1,2,2,priming,1,ProposerPage,Submitted Proposal,30
2025-05-25T09:37:04.539394,v42psxc1,3,2,priming,1,ProposerPage,Submitted Proposal,30
2025-05-25T09:37:04.540827,v42psxc1,3,2,priming,1,ProposerPage,Submitted Proposal,0
2025-05-25T09:37:04.540857,v42psxc1,3,2,priming,1,ProposerPage,Submitted Proposal,0
2025-05-25T09:37:05.757274,v42psxc1,1,2,priming,1,ProposerPage,Submitted Proposal,0
2025-05-25T09:37:05.758535,v42psxc1,1,2,priming,1,ProposerPage,Submitted Proposal,30
2025-05-25T09:37:05.758583,v42psxc1,1,2,priming,1,ProposerPage,Submitted Proposal,0
2025-05-25T09:37:13.301056,v42psxc1,1,2,priming,1,VoterPage,Voted,False
2025-05-25T09:37:17.732334,v42psxc1,2,2,priming,1,VoterPage,Voted,False
2025-05-25T09:37:21.456402,v42psxc1,3,2,priming,1,VoterPage,Voted,True
2025-05-25T09:37:42.970685,v42psxc1,1,2,priming,2,ProposerPage,Submitted Proposal,0
2025-05-25T09:37:42.972630,v42psxc1,1,2,priming,2,ProposerPage,Submitted Proposal,30
2025-05-25T09:37:42.972661,v42psxc1,1,2,priming,2,ProposerPage,Submitted Proposal,0
2025-05-25T09:37:44.322743,v42psxc1,2,2,priming,2,ProposerPage,Submitted Proposal,0
2025-05-25T09:37:44.324079,v42psxc1,2,2,priming,2,ProposerPage,Submitted Proposal,0
2025-05-25T09:37:44.324106,v42psxc1,2,2,priming,2,ProposerPage,Submitted Proposal,30
2025-05-25T09:37:45.384652,v42psxc1,3,2,priming,2,ProposerPage,Submitted Proposal,30
2025-05-25T09:37:45.385632,v42psxc1,3,2,priming,2,ProposerPage,Submitted Proposal,0
2025-05-25T09:37:45.385653,v42psxc1,3,2,priming,2,ProposerPage,Submitted Proposal,0
2025-05-25T09:37:52.252253,v42psxc1,1,2,priming,2,VoterPage,Voted,True
2025-05-25T09:37:53.237411,v42psxc1,2,2,priming,2,VoterPage,Voted,False
2025-05-25T09:37:54.147182,v42psxc1,3,2,priming,2,VoterPage,Voted,False
2025-05-25T09:38:01.461645,v42psxc1,2,2,priming,3,ProposerPage,Submitted Proposal,30
2025-05-25T09:38:01.463283,v42psxc1,2,2,priming,3,ProposerPage,Submitted Proposal,0
2025-05-25T09:38:01.463319,v42psxc1,2,2,priming,3,ProposerPage,Submitted Proposal,0
2025-05-25T09:38:04.860189,v42psxc1,1,2,priming,3,ProposerPage,Submitted Proposal,0
2025-05-25T09:38:04.861341,v42psxc1,1,2,priming,3,ProposerPage,Submitted Proposal,0
2025-05-25T09:38:04.861370,v42psxc1,1,2,priming,3,ProposerPage,Submitted Proposal,30
2025-05-25T09:38:09.160090,v42psxc1,3,2,priming,3,ProposerPage,Submitted Proposal,0
2025-05-25T09:38:09.161689,v42psxc1,3,2,priming,3,ProposerPage,Submitted Proposal,30
2025-05-25T09:38:09.161724,v42psxc1,3,2,priming,3,ProposerPage,Submitted Proposal,0
2025-05-25T09:38:15.521100,v42psxc1,1,2,priming,3,VoterPage,Voted,False
2025-05-25T09:38:17.371739,v42psxc1,2,2,priming,3,VoterPage,Voted,True
2025-05-25T09:38:18.610278,v42psxc1,3,2,priming,3,VoterPage,Voted,False
2025-05-25T11:43:39.439903,8mz1i1w0,3,2,priming,1,ProposerPage,Submitted Proposal,0
2025-05-25T11:43:39.442406,8mz1i1w0,3,2,priming,1,ProposerPage,Submitted Proposal,30
2025-05-25T11:43:39.442438,8mz1i1w0,3,2,priming,1,ProposerPage,Submitted Proposal,0
2025-05-25T11:43:44.125042,8mz1i1w0,2,2,priming,1,ProposerPage,Submitted Proposal,30
2025-05-25T11:43:44.126310,8mz1i1w0,2,2,priming,1,ProposerPage,Submitted Proposal,0
2025-05-25T11:43:44.126332,8mz1i1w0,2,2,priming,1,ProposerPage,Submitted Proposal,0
2025-05-25T11:43:47.965304,8mz1i1w0,1,2,priming,1,ProposerPage,Submitted Proposal,0
2025-05-25T11:43:47.967124,8mz1i1w0,1,2,priming,1,ProposerPage,Submitted Proposal,0
2025-05-25T11:43:47.967164,8mz1i1w0,1,2,priming,1,ProposerPage,Submitted Proposal,30
2025-05-25T11:43:51.875687,8mz1i1w0,3,2,priming,1,VoterPage,Voted,False
2025-05-25T11:43:53.612915,8mz1i1w0,2,2,priming,1,VoterPage,Voted,False
2025-05-25T11:43:54.901182,8mz1i1w0,1,2,priming,1,VoterPage,Voted,True
2025-05-25T11:44:06.313234,8mz1i1w0,2,2,priming,2,ProposerPage,Submitted Proposal,10
2025-05-25T11:44:06.315612,8mz1i1w0,2,2,priming,2,ProposerPage,Submitted Proposal,10
2025-05-25T11:44:06.315680,8mz1i1w0,2,2,priming,2,ProposerPage,Submitted Proposal,10
2025-05-25T11:44:08.912916,8mz1i1w0,1,2,priming,2,ProposerPage,Submitted Proposal,10
2025-05-25T11:44:08.914339,8mz1i1w0,1,2,priming,2,ProposerPage,Submitted Proposal,10
2025-05-25T11:44:08.914369,8mz1i1w0,1,2,priming,2,ProposerPage,Submitted Proposal,10
2025-05-25T11:44:10.197186,8mz1i1w0,3,2,priming,2,ProposerPage,Submitted Proposal,10
2025-05-25T11:44:10.198375,8mz1i1w0,3,2,priming,2,ProposerPage,Submitted Proposal,10
2025-05-25T11:44:10.198413,8mz1i1w0,3,2,priming,2,ProposerPage,Submitted Proposal,10
2025-05-25T11:44:12.254729,8mz1i1w0,3,2,priming,2,VoterPage,Voted,True
2025-05-25T11:44:13.907176,8mz1i1w0,2,2,priming,2,VoterPage,Voted,True
2025-05-25T11:44:15.999971,8mz1i1w0,1,2,priming,2,VoterPage,Voted,True
2025-05-25T11:44:37.817990,8mz1i1w0,3,2,priming,3,ProposerPage,Submitted Proposal,10
2025-05-25T11:44:37.820293,8mz1i1w0,3,2,priming,3,ProposerPage,Submitted Proposal,20
2025-05-25T11:44:37.820330,8mz1i1w0,3,2,priming,3,ProposerPage,Submitted Proposal,0
2025-05-25T11:44:38.971981,8mz1i1w0,2,2,priming,3,ProposerPage,Submitted Proposal,8
2025-05-25T11:44:38.973579,8mz1i1w0,2,2,priming,3,ProposerPage,Submitted Proposal,10
2025-05-25T11:44:38.973613,8mz1i1w0,2,2,priming,3,ProposerPage,Submitted Proposal,12
2025-05-25T11:44:40.416453,8mz1i1w0,1,2,priming,3,ProposerPage,Submitted Proposal,21
2025-05-25T11:44:40.423482,8mz1i1w0,1,2,priming,3,ProposerPage,Submitted Proposal,9
2025-05-25T11:44:40.424060,8mz1i1w0,1,2,priming,3,ProposerPage,Submitted Proposal,0
2025-05-25T11:44:44.250611,8mz1i1w0,3,2,priming,3,VoterPage,Voted,True
2025-05-25T11:44:46.283649,8mz1i1w0,2,2,priming,3,VoterPage,Voted,False
2025-05-25T11:44:47.685501,8mz1i1w0,1,2,priming,3,VoterPage,Voted,True
2025-05-25T11:45:09.420564,8mz1i1w0,1,2,priming,4,ProposerPage,Submitted Proposal,12
2025-05-25T11:45:09.422506,8mz1i1w0,1,2,priming,4,ProposerPage,Submitted Proposal,18
2025-05-25T11:45:09.422530,8mz1i1w0,1,2,priming,4,ProposerPage,Submitted Proposal,0
2025-05-25T11:45:10.541004,8mz1i1w0,2,2,priming,4,ProposerPage,Submitted Proposal,2
2025-05-25T11:45:10.542048,8mz1i1w0,2,2,priming,4,ProposerPage,Submitted Proposal,10
2025-05-25T11:45:10.542070,8mz1i1w0,2,2,priming,4,ProposerPage,Submitted Proposal,18
2025-05-25T11:45:11.793036,8mz1i1w0,3,2,priming,4,ProposerPage,Submitted Proposal,20
2025-05-25T11:45:11.794422,8mz1i1w0,3,2,priming,4,ProposerPage,Submitted Proposal,10
2025-05-25T11:45:11.794453,8mz1i1w0,3,2,priming,4,ProposerPage,Submitted Proposal,0
2025-05-25T11:45:15.529764,8mz1i1w0,3,2,priming,4,VoterPage,Voted,True
2025-05-25T11:45:18.479064,8mz1i1w0,2,2,priming,4,VoterPage,Voted,False
2025-05-25T11:45:20.136159,8mz1i1w0,1,2,priming,4,VoterPage,Voted,True
2025-05-25T11:45:40.991327,8mz1i1w0,1,2,priming,5,ProposerPage,Submitted Proposal,15
2025-05-25T11:45:40.992944,8mz1i1w0,1,2,priming,5,ProposerPage,Submitted Proposal,15
2025-05-25T11:45:40.992968,8mz1i1w0,1,2,priming,5,ProposerPage,Submitted Proposal,0
2025-05-25T11:45:42.687816,8mz1i1w0,3,2,priming,5,ProposerPage,Submitted Proposal,9
2025-05-25T11:45:42.689437,8mz1i1w0,3,2,priming,5,ProposerPage,Submitted Proposal,21
2025-05-25T11:45:42.689462,8mz1i1w0,3,2,priming,5,ProposerPage,Submitted Proposal,0
2025-05-25T11:45:44.065086,8mz1i1w0,2,2,priming,5,ProposerPage,Submitted Proposal,0
2025-05-25T11:45:44.066387,8mz1i1w0,2,2,priming,5,ProposerPage,Submitted Proposal,12
2025-05-25T11:45:44.066416,8mz1i1w0,2,2,priming,5,ProposerPage,Submitted Proposal,18
2025-05-25T11:45:47.781588,8mz1i1w0,3,2,priming,5,VoterPage,Voted,True
2025-05-25T11:45:50.046382,8mz1i1w0,2,2,priming,5,VoterPage,Voted,False
2025-05-25T11:45:51.537513,8mz1i1w0,1,2,priming,5,VoterPage,Voted,True
2025-05-25T13:27:13.199911,14iapie6,1,2,priming,1,ProposerPage,Submitted Proposal,10
2025-05-25T13:27:13.201897,14iapie6,1,2,priming,1,ProposerPage,Submitted Proposal,10
2025-05-25T13:27:13.201930,14iapie6,1,2,priming,1,ProposerPage,Submitted Proposal,10
2025-05-25T13:27:16.045461,14iapie6,2,2,priming,1,ProposerPage,Submitted Proposal,10
2025-05-25T13:27:16.046678,14iapie6,2,2,priming,1,ProposerPage,Submitted Proposal,10
2025-05-25T13:27:16.046704,14iapie6,2,2,priming,1,ProposerPage,Submitted Proposal,10
2025-05-25T13:28:08.693914,14iapie6,3,2,priming,1,ProposerPage,Submitted Proposal,0
2025-05-25T13:28:08.695253,14iapie6,3,2,priming,1,ProposerPage,Submitted Proposal,0
2025-05-25T13:28:08.695275,14iapie6,3,2,priming,1,ProposerPage,Submitted Proposal,0
2025-05-25T13:29:08.852508,14iapie6,3,2,priming,1,VoterPage,Voted,False
2025-05-25T13:29:08.870389,14iapie6,2,2,priming,1,VoterPage,Timeout - Auto Vote,False
2025-05-25T13:29:08.890815,14iapie6,1,2,priming,1,VoterPage,Timeout - Auto Vote,False
2025-05-25T13:37:04.508611,ipcnlabe,2,2,priming,1,ProposerPage,Submitted Proposal,15
2025-05-25T13:37:04.510682,ipcnlabe,2,2,priming,1,ProposerPage,Submitted Proposal,15
2025-05-25T13:37:04.510711,ipcnlabe,2,2,priming,1,ProposerPage,Submitted Proposal,0
2025-05-25T13:37:22.331694,ipcnlabe,3,2,priming,1,ProposerPage,Submitted Proposal,10
2025-05-25T13:37:22.333195,ipcnlabe,3,2,priming,1,ProposerPage,Submitted Proposal,10
2025-05-25T13:37:22.333225,ipcnlabe,3,2,priming,1,ProposerPage,Submitted Proposal,10
2025-05-25T13:37:48.960617,ipcnlabe,1,2,priming,1,ProposerPage,Submitted Proposal,0
2025-05-25T13:37:48.962442,ipcnlabe,1,2,priming,1,ProposerPage,Submitted Proposal,0
2025-05-25T13:37:48.962487,ipcnlabe,1,2,priming,1,ProposerPage,Submitted Proposal,0
2025-05-25T13:38:49.155606,ipcnlabe,1,2,priming,1,VoterPage,Timeout - Auto Vote,False
2025-05-25T13:38:49.213963,ipcnlabe,2,2,priming,1,VoterPage,Timeout - Auto Vote,False
2025-05-25T13:38:49.259055,ipcnlabe,3,2,priming,1,VoterPage,Timeout - Auto Vote,False
2025-05-26T02:42:35.260127,jx7q6jdi,2,2,priming,1,ProposerPage,Submitted Proposal,10
2025-05-26T02:42:35.261798,jx7q6jdi,2,2,priming,1,ProposerPage,Submitted Proposal,10
2025-05-26T02:42:35.261828,jx7q6jdi,2,2,priming,1,ProposerPage,Submitted Proposal,10
2025-05-26T02:42:38.069957,jx7q6jdi,3,2,priming,1,ProposerPage,Submitted Proposal,10
2025-05-26T02:42:38.071339,jx7q6jdi,3,2,priming,1,ProposerPage,Submitted Proposal,10
2025-05-26T02:42:38.071368,jx7q6jdi,3,2,priming,1,ProposerPage,Submitted Proposal,10
2025-05-26T02:42:39.969207,jx7q6jdi,1,2,priming,1,ProposerPage,Submitted Proposal,0
2025-05-26T02:42:39.970007,jx7q6jdi,1,2,priming,1,ProposerPage,Submitted Proposal,0
2025-05-26T02:42:39.970023,jx7q6jdi,1,2,priming,1,ProposerPage,Submitted Proposal,0
2025-05-26T02:44:23.081883,qtcip8vf,2,2,priming,1,ProposerPage,Submitted Proposal,10
2025-05-26T02:44:23.083391,qtcip8vf,2,2,priming,1,ProposerPage,Submitted Proposal,10
2025-05-26T02:44:23.083416,qtcip8vf,2,2,priming,1,ProposerPage,Submitted Proposal,10
2025-05-26T02:44:25.307752,qtcip8vf,3,2,priming,1,ProposerPage,Submitted Proposal,10
2025-05-26T02:44:25.309014,qtcip8vf,3,2,priming,1,ProposerPage,Submitted Proposal,10
2025-05-26T02:44:25.309143,qtcip8vf,3,2,priming,1,ProposerPage,Submitted Proposal,10
2025-05-26T02:44:29.798758,qtcip8vf,1,2,priming,1,ProposerPage,Submitted Proposal,0
2025-05-26T02:44:29.799768,qtcip8vf,1,2,priming,1,ProposerPage,Submitted Proposal,0
2025-05-26T02:44:29.799792,qtcip8vf,1,2,priming,1,ProposerPage,Submitted Proposal,0
2025-05-26T03:00:00.107155,qtcip8vf,3,2,priming,1,VoterPage,Timeout - Auto Vote,False
2025-05-26T03:00:00.161026,qtcip8vf,1,2,priming,1,VoterPage,Timeout - Auto Vote,False
2025-05-26T03:00:00.193575,qtcip8vf,2,2,priming,1,VoterPage,Timeout - Auto Vote,False
2025-05-26T03:24:50.891334,jqmlw0b9,1,2,priming,1,ProposerPage,Submitted Proposal,0
2025-05-26T03:24:50.892950,jqmlw0b9,1,2,priming,1,ProposerPage,Submitted Proposal,0
2025-05-26T03:24:50.892965,jqmlw0b9,1,2,priming,1,ProposerPage,Submitted Proposal,0
2025-05-26T03:24:51.369374,jqmlw0b9,2,2,priming,1,ProposerPage,Submitted Proposal,0
2025-05-26T03:24:51.371511,jqmlw0b9,2,2,priming,1,ProposerPage,Submitted Proposal,0
2025-05-26T03:24:51.371553,jqmlw0b9,2,2,priming,1,ProposerPage,Submitted Proposal,0
2025-05-26T03:24:51.388266,jqmlw0b9,3,2,priming,1,ProposerPage,Submitted Proposal,0
2025-05-26T03:24:51.389065,jqmlw0b9,3,2,priming,1,ProposerPage,Submitted Proposal,0
2025-05-26T03:24:51.389089,jqmlw0b9,3,2,priming,1,ProposerPage,Submitted Proposal,0
2025-05-26T03:25:51.527922,jqmlw0b9,1,2,priming,1,VoterPage,Voted,False
2025-05-26T03:26:35.460589,jqmlw0b9,3,2,priming,1,VoterPage,Timeout - Auto Vote,False
2025-05-26T03:26:35.517295,jqmlw0b9,2,2,priming,1,VoterPage,Timeout - Auto Vote,False
2025-05-26T03:32:51.871218,y84c2g1t,2,2,priming,1,ProposerPage,Submitted Proposal,10
2025-05-26T03:32:51.872751,y84c2g1t,2,2,priming,1,ProposerPage,Submitted Proposal,10
2025-05-26T03:32:51.872780,y84c2g1t,2,2,priming,1,ProposerPage,Submitted Proposal,10
2025-05-26T03:32:54.442354,y84c2g1t,1,2,priming,1,ProposerPage,Submitted Proposal,10
2025-05-26T03:32:54.443781,y84c2g1t,1,2,priming,1,ProposerPage,Submitted Proposal,10
2025-05-26T03:32:54.443808,y84c2g1t,1,2,priming,1,ProposerPage,Submitted Proposal,10
2025-05-26T03:32:57.389651,y84c2g1t,3,2,priming,1,ProposerPage,Submitted Proposal,0
2025-05-26T03:32:57.390953,y84c2g1t,3,2,priming,1,ProposerPage,Submitted Proposal,0
2025-05-26T03:32:57.390975,y84c2g1t,3,2,priming,1,ProposerPage,Submitted Proposal,0
2025-05-26T03:33:57.492123,y84c2g1t,3,2,priming,1,VoterPage,Timeout - Auto Vote,False
2025-05-26T03:34:35.455691,y84c2g1t,2,2,priming,1,VoterPage,Timeout - Auto Vote,False
2025-05-26T03:34:35.471306,y84c2g1t,1,2,priming,1,VoterPage,Timeout - Auto Vote,False
2025-05-26T03:36:16.979272,lzopcv0m,2,2,priming,1,ProposerPage,Submitted Proposal,10
2025-05-26T03:36:16.981649,lzopcv0m,2,2,priming,1,ProposerPage,Submitted Proposal,10
2025-05-26T03:36:16.981677,lzopcv0m,2,2,priming,1,ProposerPage,Submitted Proposal,10
2025-05-26T03:36:19.821951,lzopcv0m,1,2,priming,1,ProposerPage,Submitted Proposal,10
2025-05-26T03:36:19.823629,lzopcv0m,1,2,priming,1,ProposerPage,Submitted Proposal,10
2025-05-26T03:36:19.823655,lzopcv0m,1,2,priming,1,ProposerPage,Submitted Proposal,10
2025-05-26T03:36:23.105180,lzopcv0m,3,2,priming,1,ProposerPage,Submitted Proposal,0
2025-05-26T03:36:23.106192,lzopcv0m,3,2,priming,1,ProposerPage,Submitted Proposal,0
2025-05-26T03:36:23.106212,lzopcv0m,3,2,priming,1,ProposerPage,Submitted Proposal,0
2025-05-26T03:37:23.259490,lzopcv0m,3,2,priming,1,VoterPage,Timeout - Auto Vote,False
2025-05-26T03:37:27.239695,lzopcv0m,2,2,priming,1,VoterPage,Timeout - Auto Vote,False
2025-05-26T03:37:35.420598,lzopcv0m,1,2,priming,1,VoterPage,Timeout - Auto Vote,False
2025-05-26T03:49:17.377810,lwypxqlr,2,2,priming,1,ProposerPage,Submitted Proposal,10
2025-05-26T03:49:17.379918,lwypxqlr,2,2,priming,1,ProposerPage,Submitted Proposal,10
2025-05-26T03:49:17.379946,lwypxqlr,2,2,priming,1,ProposerPage,Submitted Proposal,10
2025-05-26T03:49:20.328565,lwypxqlr,3,2,priming,1,ProposerPage,Submitted Proposal,10
2025-05-26T03:49:20.329871,lwypxqlr,3,2,priming,1,ProposerPage,Submitted Proposal,10
2025-05-26T03:49:20.329901,lwypxqlr,3,2,priming,1,ProposerPage,Submitted Proposal,10
2025-05-26T03:49:23.049307,lwypxqlr,1,2,priming,1,ProposerPage,Submitted Proposal,0
2025-05-26T03:49:23.050440,lwypxqlr,1,2,priming,1,ProposerPage,Submitted Proposal,0
2025-05-26T03:49:23.050462,lwypxqlr,1,2,priming,1,ProposerPage,Submitted Proposal,0
2025-05-26T03:49:26.965490,lwypxqlr,1,2,priming,1,VoterPage,Voted,True
2025-05-26T03:49:29.509806,lwypxqlr,2,2,priming,1,VoterPage,Voted,True
2025-05-26T03:50:23.182648,lwypxqlr,3,2,priming,1,VoterPage,Timeout - Auto Vote,False
2025-05-26T04:37:04.870762,qm82n3iz,1,2,priming,1,ProposerPage,Submitted Proposal,10
2025-05-26T04:37:04.872627,qm82n3iz,1,2,priming,1,ProposerPage,Submitted Proposal,10
2025-05-26T04:37:04.872654,qm82n3iz,1,2,priming,1,ProposerPage,Submitted Proposal,10
2025-05-26T04:37:08.890680,qm82n3iz,2,2,priming,1,ProposerPage,Submitted Proposal,10
2025-05-26T04:37:08.892223,qm82n3iz,2,2,priming,1,ProposerPage,Submitted Proposal,10
2025-05-26T04:37:08.892244,qm82n3iz,2,2,priming,1,ProposerPage,Submitted Proposal,10
2025-05-26T04:37:11.904475,qm82n3iz,3,2,priming,1,ProposerPage,Submitted Proposal,0
2025-05-26T04:37:11.905260,qm82n3iz,3,2,priming,1,ProposerPage,Submitted Proposal,0
2025-05-26T04:37:11.905275,qm82n3iz,3,2,priming,1,ProposerPage,Submitted Proposal,0
2025-05-26T04:37:34.091830,qm82n3iz,3,2,priming,1,VoterPage,Voted,True
2025-05-26T04:37:35.597597,qm82n3iz,2,2,priming,1,VoterPage,Voted,True
2025-05-26T04:37:37.333086,qm82n3iz,1,2,priming,1,VoterPage,Voted,True
2025-05-26T04:37:45.431410,qm82n3iz,2,2,priming,2,ProposerPage,Submitted Proposal,10
2025-05-26T04:37:45.434791,qm82n3iz,2,2,priming,2,ProposerPage,Submitted Proposal,10
2025-05-26T04:37:45.434831,qm82n3iz,2,2,priming,2,ProposerPage,Submitted Proposal,10
2025-05-26T04:37:48.012152,qm82n3iz,1,2,priming,2,ProposerPage,Submitted Proposal,10
2025-05-26T04:37:48.013696,qm82n3iz,1,2,priming,2,ProposerPage,Submitted Proposal,10
2025-05-26T04:37:48.013726,qm82n3iz,1,2,priming,2,ProposerPage,Submitted Proposal,10
2025-05-26T04:37:52.024043,qm82n3iz,3,2,priming,2,ProposerPage,Submitted Proposal,0
2025-05-26T04:37:52.025024,qm82n3iz,3,2,priming,2,ProposerPage,Submitted Proposal,0
2025-05-26T04:37:52.025050,qm82n3iz,3,2,priming,2,ProposerPage,Submitted Proposal,0
2025-05-26T04:41:32.295627,91r0kgrg,1,2,priming,1,ProposerPage,Submitted Proposal,10
2025-05-26T04:41:32.297718,91r0kgrg,1,2,priming,1,ProposerPage,Submitted Proposal,10
2025-05-26T04:41:32.297739,91r0kgrg,1,2,priming,1,ProposerPage,Submitted Proposal,10
2025-05-26T04:41:35.231981,91r0kgrg,2,2,priming,1,ProposerPage,Submitted Proposal,0
2025-05-26T04:41:35.234424,91r0kgrg,2,2,priming,1,ProposerPage,Submitted Proposal,0
2025-05-26T04:41:35.234490,91r0kgrg,2,2,priming,1,ProposerPage,Submitted Proposal,0
2025-05-26T04:41:35.738428,91r0kgrg,3,2,priming,1,ProposerPage,Submitted Proposal,0
2025-05-26T04:41:35.739987,91r0kgrg,3,2,priming,1,ProposerPage,Submitted Proposal,0
2025-05-26T04:41:35.740039,91r0kgrg,3,2,priming,1,ProposerPage,Submitted Proposal,0
2025-05-26T04:42:35.917427,91r0kgrg,2,2,priming,1,VoterPage,Voted,False
2025-05-26T04:42:46.825800,91r0kgrg,1,2,priming,1,VoterPage,Timeout - Auto Vote,False
2025-05-26T04:42:46.833795,91r0kgrg,3,2,priming,1,VoterPage,Timeout - Auto Vote,False
2025-05-26T04:44:24.177811,oj1cqvxh,1,2,priming,1,ProposerPage,Submitted Proposal,10
2025-05-26T04:44:24.179122,oj1cqvxh,1,2,priming,1,ProposerPage,Submitted Proposal,10
2025-05-26T04:44:24.179149,oj1cqvxh,1,2,priming,1,ProposerPage,Submitted Proposal,10
2025-05-26T04:44:26.456306,oj1cqvxh,2,2,priming,1,ProposerPage,Submitted Proposal,10
2025-05-26T04:44:26.457849,oj1cqvxh,2,2,priming,1,ProposerPage,Submitted Proposal,10
2025-05-26T04:44:26.457879,oj1cqvxh,2,2,priming,1,ProposerPage,Submitted Proposal,10
2025-05-26T04:44:30.316156,oj1cqvxh,3,2,priming,1,ProposerPage,Submitted Proposal,0
2025-05-26T04:44:30.317463,oj1cqvxh,3,2,priming,1,ProposerPage,Submitted Proposal,0
2025-05-26T04:44:30.317482,oj1cqvxh,3,2,priming,1,ProposerPage,Submitted Proposal,0
2025-05-26T04:45:30.425022,oj1cqvxh,3,2,priming,1,VoterPage,Voted,False
2025-05-26T04:45:46.810785,oj1cqvxh,2,2,priming,1,VoterPage,Timeout - Auto Vote,False
2025-05-26T04:45:46.821378,oj1cqvxh,1,2,priming,1,VoterPage,Timeout - Auto Vote,False
2025-05-26T04:57:41.532266,cqqg3ysx,2,2,priming,1,ProposerPage,Submitted Proposal,10
2025-05-26T04:57:41.535401,cqqg3ysx,2,2,priming,1,ProposerPage,Submitted Proposal,10
2025-05-26T04:57:41.535430,cqqg3ysx,2,2,priming,1,ProposerPage,Submitted Proposal,10
2025-05-26T04:57:44.054073,cqqg3ysx,1,2,priming,1,ProposerPage,Submitted Proposal,10
2025-05-26T04:57:44.055074,cqqg3ysx,1,2,priming,1,ProposerPage,Submitted Proposal,10
2025-05-26T04:57:44.055113,cqqg3ysx,1,2,priming,1,ProposerPage,Submitted Proposal,10
2025-05-26T04:57:47.598788,cqqg3ysx,3,2,priming,1,ProposerPage,Timeout - Auto Proposal,-10
2025-05-26T04:57:47.600030,cqqg3ysx,3,2,priming,1,ProposerPage,Timeout - Auto Proposal,-10
2025-05-26T04:57:47.600052,cqqg3ysx,3,2,priming,1,ProposerPage,Timeout - Auto Proposal,-10
2025-05-26T04:59:46.790878,cqqg3ysx,2,2,priming,1,VoterPage,Timeout - Auto Vote,False
2025-05-26T04:59:46.804497,cqqg3ysx,1,2,priming,1,VoterPage,Timeout - Auto Vote,False
2025-05-26T05:02:53.137581,doqa931z,3,2,priming,1,ProposerPage,Submitted Proposal,10
2025-05-26T05:02:53.140730,doqa931z,3,2,priming,1,ProposerPage,Submitted Proposal,10
2025-05-26T05:02:53.140764,doqa931z,3,2,priming,1,ProposerPage,Submitted Proposal,10
2025-05-26T05:02:55.900566,doqa931z,2,2,priming,1,ProposerPage,Submitted Proposal,10
2025-05-26T05:02:55.901950,doqa931z,2,2,priming,1,ProposerPage,Submitted Proposal,10
2025-05-26T05:02:55.901972,doqa931z,2,2,priming,1,ProposerPage,Submitted Proposal,10
2025-05-26T05:02:59.668049,doqa931z,1,2,priming,1,ProposerPage,Timeout - Auto Proposal,-10
2025-05-26T05:02:59.670394,doqa931z,1,2,priming,1,ProposerPage,Timeout - Auto Proposal,-10
2025-05-26T05:02:59.670420,doqa931z,1,2,priming,1,ProposerPage,Timeout - Auto Proposal,-10
2025-05-26T05:03:59.902258,doqa931z,2,2,priming,1,VoterPage,Timeout - Auto Vote,False
2025-05-26T05:04:46.896267,doqa931z,3,2,priming,1,VoterPage,Timeout - Auto Vote,False
2025-05-26T05:05:13.453927,doqa931z,5,3,baseline,1,ProposerPage,Submitted Proposal,10
2025-05-26T05:05:13.455956,doqa931z,5,3,baseline,1,ProposerPage,Submitted Proposal,10
2025-05-26T05:05:13.455974,doqa931z,5,3,baseline,1,ProposerPage,Submitted Proposal,10
2025-05-26T05:05:15.378283,doqa931z,4,3,baseline,1,ProposerPage,Submitted Proposal,10
2025-05-26T05:05:15.380196,doqa931z,4,3,baseline,1,ProposerPage,Submitted Proposal,10
2025-05-26T05:05:15.380226,doqa931z,4,3,baseline,1,ProposerPage,Submitted Proposal,10
2025-05-26T05:05:18.136024,doqa931z,6,3,baseline,1,ProposerPage,Timeout - Auto Proposal,-10
2025-05-26T05:05:18.136713,doqa931z,6,3,baseline,1,ProposerPage,Timeout - Auto Proposal,-10
2025-05-26T05:05:18.136729,doqa931z,6,3,baseline,1,ProposerPage,Timeout - Auto Proposal,-10
2025-05-26T05:06:18.861963,doqa931z,4,3,baseline,1,VoterPage,Timeout - Auto Vote,False
2025-05-26T05:06:18.900657,doqa931z,5,3,baseline,1,VoterPage,Timeout - Auto Vote,False
2025-05-26T05:10:26.391349,doqa931z,8,4,priming,1,ProposerPage,Submitted Proposal,10
2025-05-26T05:10:26.395059,doqa931z,8,4,priming,1,ProposerPage,Submitted Proposal,10
2025-05-26T05:10:26.395118,doqa931z,8,4,priming,1,ProposerPage,Submitted Proposal,10
2025-05-26T05:10:29.124578,doqa931z,7,4,priming,1,ProposerPage,Submitted Proposal,10
2025-05-26T05:10:29.126193,doqa931z,7,4,priming,1,ProposerPage,Submitted Proposal,10
2025-05-26T05:10:29.126216,doqa931z,7,4,priming,1,ProposerPage,Submitted Proposal,10
2025-05-26T05:10:30.299715,doqa931z,9,4,priming,1,ProposerPage,Timeout - Auto Proposal,-10
2025-05-26T05:10:30.300356,doqa931z,9,4,priming,1,ProposerPage,Timeout - Auto Proposal,-10
2025-05-26T05:10:30.300369,doqa931z,9,4,priming,1,ProposerPage,Timeout - Auto Proposal,-10
2025-05-26T05:11:30.835641,doqa931z,7,4,priming,1,VoterPage,Timeout - Auto Vote,False
2025-05-26T05:11:30.870367,doqa931z,8,4,priming,1,VoterPage,Timeout - Auto Vote,False
2025-05-26T05:16:49.588353,vh4yo9ql,1,2,priming,1,ProposerPage,Submitted Proposal,10
2025-05-26T05:16:49.595116,vh4yo9ql,1,2,priming,1,ProposerPage,Submitted Proposal,10
2025-05-26T05:16:49.595148,vh4yo9ql,1,2,priming,1,ProposerPage,Submitted Proposal,10
2025-05-26T05:16:51.994184,vh4yo9ql,2,2,priming,1,ProposerPage,Submitted Proposal,10
2025-05-26T05:16:51.995526,vh4yo9ql,2,2,priming,1,ProposerPage,Submitted Proposal,10
2025-05-26T05:16:51.995547,vh4yo9ql,2,2,priming,1,ProposerPage,Submitted Proposal,10
2025-05-26T05:16:53.657362,vh4yo9ql,3,2,priming,1,ProposerPage,Timeout - Auto Proposal,-10
2025-05-26T05:16:53.658863,vh4yo9ql,3,2,priming,1,ProposerPage,Timeout - Auto Proposal,-10
2025-05-26T05:16:53.658876,vh4yo9ql,3,2,priming,1,ProposerPage,Timeout - Auto Proposal,-10
2025-05-26T05:17:53.948862,vh4yo9ql,2,2,priming,1,VoterPage,Voted,False
2025-05-26T05:18:46.833179,vh4yo9ql,1,2,priming,1,VoterPage,Timeout - Auto Vote,False
2025-05-26T05:27:50.785585,tqd18fsm,2,2,priming,1,ProposerPage,Submitted Proposal,10
2025-05-26T05:27:50.788618,tqd18fsm,2,2,priming,1,ProposerPage,Submitted Proposal,10
2025-05-26T05:27:50.788652,tqd18fsm,2,2,priming,1,ProposerPage,Submitted Proposal,10
2025-05-26T05:27:53.477658,tqd18fsm,1,2,priming,1,ProposerPage,Submitted Proposal,10
2025-05-26T05:27:53.479555,tqd18fsm,1,2,priming,1,ProposerPage,Submitted Proposal,10
2025-05-26T05:27:53.479578,tqd18fsm,1,2,priming,1,ProposerPage,Submitted Proposal,10
2025-05-26T05:27:56.684635,tqd18fsm,3,2,priming,1,ProposerPage,Timeout - Auto Proposal,-10
2025-05-26T05:27:56.685665,tqd18fsm,3,2,priming,1,ProposerPage,Timeout - Auto Proposal,-10
2025-05-26T05:27:56.685685,tqd18fsm,3,2,priming,1,ProposerPage,Timeout - Auto Proposal,-10
2025-05-26T06:24:01.102744,0u4ew82l,1,2,priming,1,ProposerPage,Timeout - Auto Proposal,-10
2025-05-26T06:24:01.104621,0u4ew82l,1,2,priming,1,ProposerPage,Timeout - Auto Proposal,-10
2025-05-26T06:24:01.104642,0u4ew82l,1,2,priming,1,ProposerPage,Timeout - Auto Proposal,-10
2025-05-26T06:24:01.150437,0u4ew82l,3,2,priming,1,ProposerPage,Timeout - Auto Proposal,-10
2025-05-26T06:24:01.150850,0u4ew82l,3,2,priming,1,ProposerPage,Timeout - Auto Proposal,-10
2025-05-26T06:24:01.150859,0u4ew82l,3,2,priming,1,ProposerPage,Timeout - Auto Proposal,-10
2025-05-26T06:24:01.179274,0u4ew82l,2,2,priming,1,ProposerPage,Timeout - Auto Proposal,-10
2025-05-26T06:24:01.179634,0u4ew82l,2,2,priming,1,ProposerPage,Timeout - Auto Proposal,-10
2025-05-26T06:24:01.179642,0u4ew82l,2,2,priming,1,ProposerPage,Timeout - Auto Proposal,-10
2025-05-26T06:43:31.018588,0cfmked6,3,2,priming,1,ProposerPage,Submitted Proposal,10
2025-05-26T06:43:31.020609,0cfmked6,3,2,priming,1,ProposerPage,Submitted Proposal,10
2025-05-26T06:43:31.020631,0cfmked6,3,2,priming,1,ProposerPage,Submitted Proposal,10
2025-05-26T06:43:33.918716,0cfmked6,2,2,priming,1,ProposerPage,Submitted Proposal,10
2025-05-26T06:43:33.919941,0cfmked6,2,2,priming,1,ProposerPage,Submitted Proposal,10
2025-05-26T06:43:33.919969,0cfmked6,2,2,priming,1,ProposerPage,Submitted Proposal,10
2025-05-26T06:43:34.901564,0cfmked6,1,2,priming,1,ProposerPage,Timeout - Auto Proposal,-10
2025-05-26T06:43:34.903075,0cfmked6,1,2,priming,1,ProposerPage,Timeout - Auto Proposal,-10
2025-05-26T06:43:34.903101,0cfmked6,1,2,priming,1,ProposerPage,Timeout - Auto Proposal,-10
2025-05-26T07:19:34.573670,2pk3ghus,5,2,priming,1,ProposerPage,Submitted Proposal,10
2025-05-26T07:19:34.578531,2pk3ghus,5,2,priming,1,ProposerPage,Submitted Proposal,10
2025-05-26T07:19:34.578560,2pk3ghus,5,2,priming,1,ProposerPage,Submitted Proposal,10
2025-05-26T07:19:37.144630,2pk3ghus,4,2,priming,1,ProposerPage,Timeout - Auto Proposal,-10
2025-05-26T07:19:37.145400,2pk3ghus,4,2,priming,1,ProposerPage,Timeout - Auto Proposal,-10
2025-05-26T07:19:37.145415,2pk3ghus,4,2,priming,1,ProposerPage,Timeout - Auto Proposal,-10
2025-05-26T07:19:38.160476,2pk3ghus,6,2,priming,1,ProposerPage,Timeout - Auto Proposal,-10
2025-05-26T07:19:38.162098,2pk3ghus,6,2,priming,1,ProposerPage,Timeout - Auto Proposal,-10
2025-05-26T07:19:38.162129,2pk3ghus,6,2,priming,1,ProposerPage,Timeout - Auto Proposal,-10
2025-05-27T04:57:30.840806,9t8mt2qx,3,2,priming,1,ProposerPage,Submitted Proposal,10
2025-05-27T04:57:30.844365,9t8mt2qx,3,2,priming,1,ProposerPage,Submitted Proposal,10
2025-05-27T04:57:30.844402,9t8mt2qx,3,2,priming,1,ProposerPage,Submitted Proposal,10
2025-05-27T04:57:33.934675,9t8mt2qx,2,2,priming,1,ProposerPage,Submitted Proposal,10
2025-05-27T04:57:33.936301,9t8mt2qx,2,2,priming,1,ProposerPage,Submitted Proposal,10
2025-05-27T04:57:33.936331,9t8mt2qx,2,2,priming,1,ProposerPage,Submitted Proposal,10
2025-05-27T04:57:37.706834,9t8mt2qx,1,2,priming,1,ProposerPage,Timeout - Auto Proposal,-10
2025-05-27T04:57:37.707860,9t8mt2qx,1,2,priming,1,ProposerPage,Timeout - Auto Proposal,-10
2025-05-27T04:57:37.707880,9t8mt2qx,1,2,priming,1,ProposerPage,Timeout - Auto Proposal,-10
2025-05-27T05:03:57.631840,9t8mt2qx,6,3,baseline,1,ProposerPage,Submitted Proposal,10
2025-05-27T05:03:57.635132,9t8mt2qx,6,3,baseline,1,ProposerPage,Submitted Proposal,10
2025-05-27T05:03:57.635161,9t8mt2qx,6,3,baseline,1,ProposerPage,Submitted Proposal,10
2025-05-27T05:04:00.085607,9t8mt2qx,5,3,baseline,1,ProposerPage,Submitted Proposal,10
2025-05-27T05:04:00.087076,9t8mt2qx,5,3,baseline,1,ProposerPage,Submitted Proposal,10
2025-05-27T05:04:00.087106,9t8mt2qx,5,3,baseline,1,ProposerPage,Submitted Proposal,10
2025-05-27T05:04:02.898294,9t8mt2qx,4,3,baseline,1,ProposerPage,Submitted Proposal,10
2025-05-27T05:04:02.900007,9t8mt2qx,4,3,baseline,1,ProposerPage,Submitted Proposal,10
2025-05-27T05:04:02.900040,9t8mt2qx,4,3,baseline,1,ProposerPage,Submitted Proposal,10
2025-05-27T05:04:04.680293,9t8mt2qx,4,3,baseline,1,VoterPage,Voted,True
2025-05-27T05:04:06.884492,9t8mt2qx,5,3,baseline,1,VoterPage,Voted,True
2025-05-27T05:04:10.982137,9t8mt2qx,6,3,baseline,1,VoterPage,Voted,True
2025-05-27T05:04:25.711088,9t8mt2qx,4,3,baseline,2,ProposerPage,Submitted Proposal,10
2025-05-27T05:04:25.712599,9t8mt2qx,4,3,baseline,2,ProposerPage,Submitted Proposal,10
2025-05-27T05:04:25.712620,9t8mt2qx,4,3,baseline,2,ProposerPage,Submitted Proposal,10
2025-05-27T05:04:28.646508,9t8mt2qx,5,3,baseline,2,ProposerPage,Submitted Proposal,10
2025-05-27T05:04:28.648056,9t8mt2qx,5,3,baseline,2,ProposerPage,Submitted Proposal,10
2025-05-27T05:04:28.648089,9t8mt2qx,5,3,baseline,2,ProposerPage,Submitted Proposal,10
2025-05-27T05:04:33.549150,9t8mt2qx,6,3,baseline,2,ProposerPage,Timeout - Auto Proposal,-10
2025-05-27T05:04:33.549885,9t8mt2qx,6,3,baseline,2,ProposerPage,Timeout - Auto Proposal,-10
2025-05-27T05:04:33.549900,9t8mt2qx,6,3,baseline,2,ProposerPage,Timeout - Auto Proposal,-10
2025-05-27T05:05:32.114630,9t8mt2qx,9,4,priming,1,ProposerPage,Submitted Proposal,10
2025-05-27T05:05:32.117423,9t8mt2qx,9,4,priming,1,ProposerPage,Submitted Proposal,10
2025-05-27T05:05:32.117449,9t8mt2qx,9,4,priming,1,ProposerPage,Submitted Proposal,10
2025-05-27T05:05:34.712210,9t8mt2qx,8,4,priming,1,ProposerPage,Submitted Proposal,10
2025-05-27T05:05:34.713249,9t8mt2qx,8,4,priming,1,ProposerPage,Submitted Proposal,10
2025-05-27T05:05:34.713270,9t8mt2qx,8,4,priming,1,ProposerPage,Submitted Proposal,10
2025-05-27T05:05:37.511509,9t8mt2qx,7,4,priming,1,ProposerPage,Submitted Proposal,10
2025-05-27T05:05:37.512728,9t8mt2qx,7,4,priming,1,ProposerPage,Submitted Proposal,10
2025-05-27T05:05:37.512751,9t8mt2qx,7,4,priming,1,ProposerPage,Submitted Proposal,10
2025-05-27T05:05:39.061645,9t8mt2qx,7,4,priming,1,VoterPage,Voted,True
2025-05-27T05:05:40.395458,9t8mt2qx,8,4,priming,1,VoterPage,Voted,True
2025-05-27T05:05:41.946085,9t8mt2qx,9,4,priming,1,VoterPage,Voted,True
2025-05-27T05:05:49.112047,9t8mt2qx,9,4,priming,2,ProposerPage,Submitted Proposal,10
2025-05-27T05:05:49.113996,9t8mt2qx,9,4,priming,2,ProposerPage,Submitted Proposal,10
2025-05-27T05:05:49.114023,9t8mt2qx,9,4,priming,2,ProposerPage,Submitted Proposal,10
2025-05-27T05:05:51.979344,9t8mt2qx,8,4,priming,2,ProposerPage,Submitted Proposal,10
2025-05-27T05:05:51.980772,9t8mt2qx,8,4,priming,2,ProposerPage,Submitted Proposal,10
2025-05-27T05:05:51.980799,9t8mt2qx,8,4,priming,2,ProposerPage,Submitted Proposal,10
2025-05-27T05:05:56.379137,9t8mt2qx,7,4,priming,2,ProposerPage,Timeout - Auto Proposal,-10
2025-05-27T05:05:56.379918,9t8mt2qx,7,4,priming,2,ProposerPage,Timeout - Auto Proposal,-10
2025-05-27T05:05:56.379933,9t8mt2qx,7,4,priming,2,ProposerPage,Timeout - Auto Proposal,-10
2025-05-27T05:07:48.774918,9t8mt2qx,12,5,baseline,1,ProposerPage,Submitted Proposal,10
2025-05-27T05:07:48.784780,9t8mt2qx,12,5,baseline,1,ProposerPage,Submitted Proposal,10
2025-05-27T05:07:48.784825,9t8mt2qx,12,5,baseline,1,ProposerPage,Submitted Proposal,10
2025-05-27T05:07:51.029718,9t8mt2qx,11,5,baseline,1,ProposerPage,Submitted Proposal,10
2025-05-27T05:07:51.031505,9t8mt2qx,11,5,baseline,1,ProposerPage,Submitted Proposal,10
2025-05-27T05:07:51.031536,9t8mt2qx,11,5,baseline,1,ProposerPage,Submitted Proposal,10
2025-05-27T05:07:53.394979,9t8mt2qx,10,5,baseline,1,ProposerPage,Submitted Proposal,10
2025-05-27T05:07:53.396491,9t8mt2qx,10,5,baseline,1,ProposerPage,Submitted Proposal,10
2025-05-27T05:07:53.396530,9t8mt2qx,10,5,baseline,1,ProposerPage,Submitted Proposal,10
2025-05-27T05:07:54.713133,9t8mt2qx,10,5,baseline,1,VoterPage,Voted,True
2025-05-27T05:07:56.146134,9t8mt2qx,11,5,baseline,1,VoterPage,Voted,True
2025-05-27T05:07:57.428708,9t8mt2qx,12,5,baseline,1,VoterPage,Voted,True
2025-05-27T05:08:06.573022,9t8mt2qx,10,5,baseline,2,ProposerPage,Submitted Proposal,10
2025-05-27T05:08:06.574877,9t8mt2qx,10,5,baseline,2,ProposerPage,Submitted Proposal,10
2025-05-27T05:08:06.574907,9t8mt2qx,10,5,baseline,2,ProposerPage,Submitted Proposal,10
2025-05-27T05:08:10.286925,9t8mt2qx,11,5,baseline,2,ProposerPage,Submitted Proposal,10
2025-05-27T05:08:10.288374,9t8mt2qx,11,5,baseline,2,ProposerPage,Submitted Proposal,10
2025-05-27T05:08:10.288397,9t8mt2qx,11,5,baseline,2,ProposerPage,Submitted Proposal,10
2025-05-27T05:08:12.627648,9t8mt2qx,12,5,baseline,2,ProposerPage,Submitted Proposal,10
2025-05-27T05:08:12.629030,9t8mt2qx,12,5,baseline,2,ProposerPage,Submitted Proposal,10
2025-05-27T05:08:12.629059,9t8mt2qx,12,5,baseline,2,ProposerPage,Submitted Proposal,10
2025-05-27T05:08:14.445833,9t8mt2qx,12,5,baseline,2,VoterPage,Voted,True
2025-05-27T05:08:15.929167,9t8mt2qx,11,5,baseline,2,VoterPage,Voted,True
2025-05-27T05:08:17.277038,9t8mt2qx,10,5,baseline,2,VoterPage,Voted,True
2025-05-27T05:08:27.462838,9t8mt2qx,12,5,baseline,3,ProposerPage,Submitted Proposal,10
2025-05-27T05:08:27.464639,9t8mt2qx,12,5,baseline,3,ProposerPage,Submitted Proposal,10
2025-05-27T05:08:27.464673,9t8mt2qx,12,5,baseline,3,ProposerPage,Submitted Proposal,10
2025-05-27T05:08:30.195519,9t8mt2qx,11,5,baseline,3,ProposerPage,Submitted Proposal,10
2025-05-27T05:08:30.197105,9t8mt2qx,11,5,baseline,3,ProposerPage,Submitted Proposal,10
2025-05-27T05:08:30.197142,9t8mt2qx,11,5,baseline,3,ProposerPage,Submitted Proposal,10
2025-05-27T05:08:35.201474,9t8mt2qx,10,5,baseline,3,ProposerPage,Timeout - Auto Proposal,-10
2025-05-27T05:08:35.202255,9t8mt2qx,10,5,baseline,3,ProposerPage,Timeout - Auto Proposal,-10
2025-05-27T05:08:35.202271,9t8mt2qx,10,5,baseline,3,ProposerPage,Timeout - Auto Proposal,-10
2025-05-27T05:12:03.002787,rqfph6q3,7,2,priming,1,ProposerPage,Submitted Proposal,10
2025-05-27T05:12:03.005840,rqfph6q3,7,2,priming,1,ProposerPage,Submitted Proposal,10
2025-05-27T05:12:03.005875,rqfph6q3,7,2,priming,1,ProposerPage,Submitted Proposal,10
2025-05-27T05:12:04.849150,rqfph6q3,5,2,priming,1,ProposerPage,Timeout - Auto Proposal,-10
2025-05-27T05:12:04.850377,rqfph6q3,5,2,priming,1,ProposerPage,Timeout - Auto Proposal,-10
2025-05-27T05:12:04.850403,rqfph6q3,5,2,priming,1,ProposerPage,Timeout - Auto Proposal,-10
2025-05-27T05:12:05.338198,rqfph6q3,4,2,priming,1,ProposerPage,Timeout - Auto Proposal,-10
2025-05-27T05:12:05.339401,rqfph6q3,4,2,priming,1,ProposerPage,Timeout - Auto Proposal,-10
2025-05-27T05:12:05.339429,rqfph6q3,4,2,priming,1,ProposerPage,Timeout - Auto Proposal,-10
2025-05-27T05:12:05.392871,rqfph6q3,2,2,priming,1,ProposerPage,Timeout - Auto Proposal,-10
2025-05-27T05:12:05.393466,rqfph6q3,2,2,priming,1,ProposerPage,Timeout - Auto Proposal,-10
2025-05-27T05:12:05.393479,rqfph6q3,2,2,priming,1,ProposerPage,Timeout - Auto Proposal,-10
2025-05-27T05:12:05.429664,rqfph6q3,1,2,priming,1,ProposerPage,Timeout - Auto Proposal,-10
2025-05-27T05:12:05.430099,rqfph6q3,1,2,priming,1,ProposerPage,Timeout - Auto Proposal,-10
2025-05-27T05:12:05.430109,rqfph6q3,1,2,priming,1,ProposerPage,Timeout - Auto Proposal,-10
2025-05-27T05:12:06.355835,rqfph6q3,3,2,priming,1,ProposerPage,Timeout - Auto Proposal,-10
2025-05-27T05:12:06.357164,rqfph6q3,3,2,priming,1,ProposerPage,Timeout - Auto Proposal,-10
2025-05-27T05:12:06.357193,rqfph6q3,3,2,priming,1,ProposerPage,Timeout - Auto Proposal,-10
2025-05-27T05:13:39.782106,rqfph6q3,16,3,baseline,1,ProposerPage,Submitted Proposal,10
2025-05-27T05:13:39.785812,rqfph6q3,16,3,baseline,1,ProposerPage,Submitted Proposal,10
2025-05-27T05:13:39.785844,rqfph6q3,16,3,baseline,1,ProposerPage,Submitted Proposal,10
2025-05-27T05:13:42.890219,rqfph6q3,17,3,baseline,1,ProposerPage,Submitted Proposal,10
2025-05-27T05:13:42.891583,rqfph6q3,17,3,baseline,1,ProposerPage,Submitted Proposal,10
2025-05-27T05:13:42.891605,rqfph6q3,17,3,baseline,1,ProposerPage,Submitted Proposal,10
2025-05-27T05:13:46.180571,rqfph6q3,18,3,baseline,1,ProposerPage,Submitted Proposal,10
2025-05-27T05:13:46.182128,rqfph6q3,18,3,baseline,1,ProposerPage,Submitted Proposal,10
2025-05-27T05:13:46.182157,rqfph6q3,18,3,baseline,1,ProposerPage,Submitted Proposal,10
2025-05-27T05:13:49.025932,rqfph6q3,15,3,baseline,1,ProposerPage,Submitted Proposal,10
2025-05-27T05:13:49.027040,rqfph6q3,15,3,baseline,1,ProposerPage,Submitted Proposal,10
2025-05-27T05:13:49.027080,rqfph6q3,15,3,baseline,1,ProposerPage,Submitted Proposal,10
2025-05-27T05:13:52.253970,rqfph6q3,14,3,baseline,1,ProposerPage,Submitted Proposal,10
2025-05-27T05:13:52.254930,rqfph6q3,14,3,baseline,1,ProposerPage,Submitted Proposal,10
2025-05-27T05:13:52.254966,rqfph6q3,14,3,baseline,1,ProposerPage,Submitted Proposal,10
2025-05-27T05:14:35.859568,rqfph6q3,13,3,baseline,1,ProposerPage,Timeout - Auto Proposal,-10
2025-05-27T05:14:35.860547,rqfph6q3,13,3,baseline,1,ProposerPage,Timeout - Auto Proposal,-10
2025-05-27T05:14:35.860567,rqfph6q3,13,3,baseline,1,ProposerPage,Timeout - Auto Proposal,-10
2025-05-27T05:28:16.366401,3n824xhl,3,2,priming,1,ProposerPage,Timeout - Auto Proposal,-10
2025-05-27T05:28:16.368661,3n824xhl,3,2,priming,1,ProposerPage,Timeout - Auto Proposal,-10
2025-05-27T05:28:16.368676,3n824xhl,3,2,priming,1,ProposerPage,Timeout - Auto Proposal,-10
2025-05-27T05:28:28.391920,3n824xhl,5,2,priming,1,ProposerPage,Timeout - Auto Proposal,-10
2025-05-27T05:28:28.392674,3n824xhl,5,2,priming,1,ProposerPage,Timeout - Auto Proposal,-10
2025-05-27T05:28:28.392692,3n824xhl,5,2,priming,1,ProposerPage,Timeout - Auto Proposal,-10
2025-05-27T05:28:33.799096,3n824xhl,6,2,priming,1,ProposerPage,Timeout - Auto Proposal,-10
2025-05-27T05:28:33.800341,3n824xhl,6,2,priming,1,ProposerPage,Timeout - Auto Proposal,-10
2025-05-27T05:28:33.800368,3n824xhl,6,2,priming,1,ProposerPage,Timeout - Auto Proposal,-10
2025-05-27T05:28:38.375220,3n824xhl,4,2,priming,1,ProposerPage,Timeout - Auto Proposal,-10
2025-05-27T05:28:38.376823,3n824xhl,4,2,priming,1,ProposerPage,Timeout - Auto Proposal,-10
2025-05-27T05:28:38.376853,3n824xhl,4,2,priming,1,ProposerPage,Timeout - Auto Proposal,-10
2025-05-27T05:30:47.985640,3n824xhl,18,3,baseline,1,ProposerPage,Timeout - Auto Proposal,-10
2025-05-27T05:30:47.987522,3n824xhl,18,3,baseline,1,ProposerPage,Timeout - Auto Proposal,-10
2025-05-27T05:30:47.987544,3n824xhl,18,3,baseline,1,ProposerPage,Timeout - Auto Proposal,-10
2025-05-27T05:34:17.363413,3n824xhl,12,4,priming,1,ProposerPage,Timeout - Auto Proposal,-10
2025-05-27T05:34:17.364876,3n824xhl,12,4,priming,1,ProposerPage,Timeout - Auto Proposal,-10
2025-05-27T05:34:17.364902,3n824xhl,12,4,priming,1,ProposerPage,Timeout - Auto Proposal,-10
2025-05-27T05:34:18.337326,3n824xhl,11,4,priming,1,ProposerPage,Timeout - Auto Proposal,-10
2025-05-27T05:34:18.338992,3n824xhl,11,4,priming,1,ProposerPage,Timeout - Auto Proposal,-10
2025-05-27T05:34:18.339032,3n824xhl,11,4,priming,1,ProposerPage,Timeout - Auto Proposal,-10
2025-05-27T05:34:19.340920,3n824xhl,10,4,priming,1,ProposerPage,Timeout - Auto Proposal,-10
2025-05-27T05:34:19.342389,3n824xhl,10,4,priming,1,ProposerPage,Timeout - Auto Proposal,-10
2025-05-27T05:34:19.342423,3n824xhl,10,4,priming,1,ProposerPage,Timeout - Auto Proposal,-10
2025-05-27T05:37:20.216598,szo85vwq,1,2,priming,1,ProposerPage,Submitted Proposal,10
2025-05-27T05:37:20.218346,szo85vwq,1,2,priming,1,ProposerPage,Submitted Proposal,10
2025-05-27T05:37:20.218369,szo85vwq,1,2,priming,1,ProposerPage,Submitted Proposal,10
2025-05-27T05:37:22.584125,szo85vwq,2,2,priming,1,ProposerPage,Submitted Proposal,10
2025-05-27T05:37:22.585503,szo85vwq,2,2,priming,1,ProposerPage,Submitted Proposal,10
2025-05-27T05:37:22.585533,szo85vwq,2,2,priming,1,ProposerPage,Submitted Proposal,10
2025-05-27T05:37:25.602878,szo85vwq,3,2,priming,1,ProposerPage,Submitted Proposal,10
2025-05-27T05:37:25.604379,szo85vwq,3,2,priming,1,ProposerPage,Submitted Proposal,10
2025-05-27T05:37:25.604410,szo85vwq,3,2,priming,1,ProposerPage,Submitted Proposal,10
2025-05-27T05:37:27.001361,szo85vwq,3,2,priming,1,VoterPage,Voted,True
2025-05-27T05:37:28.372880,szo85vwq,2,2,priming,1,VoterPage,Voted,True
2025-05-27T05:39:25.887328,szo85vwq,1,2,priming,1,VoterPage,Voted,False
2025-05-27T05:45:07.350389,ne5l9gvx,1,2,priming,1,ProposerPage,Submitted Proposal,10
2025-05-27T05:45:07.352677,ne5l9gvx,1,2,priming,1,ProposerPage,Submitted Proposal,10
2025-05-27T05:45:07.352709,ne5l9gvx,1,2,priming,1,ProposerPage,Submitted Proposal,10
2025-05-27T05:45:10.798534,ne5l9gvx,2,2,priming,1,ProposerPage,Submitted Proposal,10
2025-05-27T05:45:10.800187,ne5l9gvx,2,2,priming,1,ProposerPage,Submitted Proposal,10
2025-05-27T05:45:10.800217,ne5l9gvx,2,2,priming,1,ProposerPage,Submitted Proposal,10
2025-05-27T05:45:13.380081,ne5l9gvx,3,2,priming,1,ProposerPage,Submitted Proposal,10
2025-05-27T05:45:13.381568,ne5l9gvx,3,2,priming,1,ProposerPage,Submitted Proposal,10
2025-05-27T05:45:13.381596,ne5l9gvx,3,2,priming,1,ProposerPage,Submitted Proposal,10
2025-05-27T05:45:14.530994,ne5l9gvx,3,2,priming,1,VoterPage,Voted,True
2025-05-27T05:45:17.983395,ne5l9gvx,1,2,priming,1,VoterPage,Voted,True
2025-05-27T05:46:13.563314,ne5l9gvx,2,2,priming,1,VoterPage,Timeout - Auto Vote,False
