Timestamp,Participant_ID,Group_ID,Round,Period,Player_ID,Group_ID,Field,Value
2025-03-27T05:34:40.459690,1,1,0,1,1,is_priming,True
2025-03-27T05:34:40.463598,2,1,0,2,1,is_priming,False
2025-03-27T05:34:40.465328,3,1,0,3,1,is_priming,False
2025-03-27T05:34:40.478488,1,2,0,1,1,is_priming,True
2025-03-27T05:34:40.479636,2,2,0,2,1,is_priming,False
2025-03-27T05:34:40.481245,3,2,0,3,1,is_priming,False
2025-03-27T05:34:40.498766,1,3,0,1,1,is_priming,True
2025-03-27T05:34:40.500290,2,3,0,2,1,is_priming,False
2025-03-27T05:34:40.501277,3,3,0,3,1,is_priming,False
2025-03-27T05:34:40.509496,1,4,0,1,1,is_priming,True
2025-03-27T05:34:40.510359,2,4,0,2,1,is_priming,False
2025-03-27T05:34:40.510881,3,4,0,3,1,is_priming,False
2025-03-27T05:34:40.519185,1,5,0,1,1,is_priming,True
2025-03-27T05:34:40.520201,2,5,0,2,1,is_priming,False
2025-03-27T05:34:40.520763,3,5,0,3,1,is_priming,False
2025-03-30T07:50:14.446363,1,1,1,1,ProposerPage,Submitted Proposal,s1,1
2025-03-30T07:50:14.446488,1,1,1,1,ProposerPage,Submitted Proposal,s2,28
2025-03-30T07:50:14.446535,1,1,1,1,ProposerPage,Submitted Proposal,s3,1
2025-03-30T07:50:15.197687,2,1,1,1,ProposerPage,Submitted Proposal,s1,10
2025-03-30T07:50:15.197864,2,1,1,1,ProposerPage,Submitted Proposal,s2,10
2025-03-30T07:50:15.197929,2,1,1,1,ProposerPage,Submitted Proposal,s3,10
2025-03-30T07:50:15.802803,3,1,1,1,ProposerPage,Submitted Proposal,s1,10
2025-03-30T07:50:15.802924,3,1,1,1,ProposerPage,Submitted Proposal,s2,10
2025-03-30T07:50:15.802948,3,1,1,1,ProposerPage,Submitted Proposal,s3,10
2025-03-30T07:58:14.608003,1,1,1,1,VoterPage,Voted,vote,False
2025-03-30T07:58:15.314025,2,1,1,1,VoterPage,Voted,vote,False
2025-03-30T07:58:16.068055,3,1,1,1,VoterPage,Voted,vote,False
2025-03-30T08:47:14.143334,1,1,1,1,ProposerPage,Submitted Proposal,s1,0
2025-03-30T08:47:14.143465,1,1,1,1,ProposerPage,Submitted Proposal,s2,30
2025-03-30T08:47:14.143493,1,1,1,1,ProposerPage,Submitted Proposal,s3,0
2025-03-30T08:47:15.017503,2,1,1,1,ProposerPage,Submitted Proposal,s1,30
2025-03-30T08:47:15.017652,2,1,1,1,ProposerPage,Submitted Proposal,s2,0
2025-03-30T08:47:15.017733,2,1,1,1,ProposerPage,Submitted Proposal,s3,0
2025-03-30T08:47:17.884826,3,1,1,1,ProposerPage,Submitted Proposal,s1,0
2025-03-30T08:47:17.884964,3,1,1,1,ProposerPage,Submitted Proposal,s2,0
2025-03-30T08:47:17.885000,3,1,1,1,ProposerPage,Submitted Proposal,s3,30
2025-03-30T08:47:23.476726,1,1,1,1,VoterPage,Voted,vote,False
2025-03-30T08:47:24.608004,2,1,1,1,VoterPage,Voted,vote,True
2025-03-30T08:47:26.138253,3,1,1,1,VoterPage,Voted,vote,False
2025-03-30T08:47:48.585307,1,1,2,2,ProposerPage,Submitted Proposal,s1,10
2025-03-30T08:47:48.585459,1,1,2,2,ProposerPage,Submitted Proposal,s2,10
2025-03-30T08:47:48.585504,1,1,2,2,ProposerPage,Submitted Proposal,s3,10
2025-03-30T08:47:49.170705,2,1,2,2,ProposerPage,Submitted Proposal,s1,15
2025-03-30T08:47:49.170880,2,1,2,2,ProposerPage,Submitted Proposal,s2,15
2025-03-30T08:47:49.170928,2,1,2,2,ProposerPage,Submitted Proposal,s3,0
2025-03-30T08:47:49.919699,3,1,2,2,ProposerPage,Submitted Proposal,s1,20
2025-03-30T08:47:49.919836,3,1,2,2,ProposerPage,Submitted Proposal,s2,10
2025-03-30T08:47:49.919882,3,1,2,2,ProposerPage,Submitted Proposal,s3,0
2025-03-30T08:47:59.425676,1,1,2,2,VoterPage,Voted,vote,False
2025-03-30T08:48:00.372021,2,1,2,2,VoterPage,Voted,vote,True
2025-03-30T08:48:01.636334,3,1,2,2,VoterPage,Voted,vote,True
2025-03-30T08:48:17.016443,1,1,3,3,ProposerPage,Submitted Proposal,s1,10
2025-03-30T08:48:17.016567,1,1,3,3,ProposerPage,Submitted Proposal,s2,10
2025-03-30T08:48:17.016615,1,1,3,3,ProposerPage,Submitted Proposal,s3,10
2025-03-30T08:48:17.486085,2,1,3,3,ProposerPage,Submitted Proposal,s1,10
2025-03-30T08:48:17.486226,2,1,3,3,ProposerPage,Submitted Proposal,s2,10
2025-03-30T08:48:17.486252,2,1,3,3,ProposerPage,Submitted Proposal,s3,10
2025-03-30T08:48:18.151738,3,1,3,3,ProposerPage,Submitted Proposal,s1,10
2025-03-30T08:48:18.151864,3,1,3,3,ProposerPage,Submitted Proposal,s2,10
2025-03-30T08:48:18.151896,3,1,3,3,ProposerPage,Submitted Proposal,s3,10
2025-03-30T08:48:22.121189,1,1,3,3,VoterPage,Voted,vote,True
2025-03-30T08:48:22.838076,2,1,3,3,VoterPage,Voted,vote,True
2025-03-30T08:48:23.605935,3,1,3,3,VoterPage,Voted,vote,True
2025-03-30T08:48:43.049220,1,1,4,4,ProposerPage,Submitted Proposal,s1,0
2025-03-30T08:48:43.049315,1,1,4,4,ProposerPage,Submitted Proposal,s2,5
2025-03-30T08:48:43.049340,1,1,4,4,ProposerPage,Submitted Proposal,s3,25
2025-03-30T08:48:43.793212,2,1,4,4,ProposerPage,Submitted Proposal,s1,10
2025-03-30T08:48:43.793375,2,1,4,4,ProposerPage,Submitted Proposal,s2,20
2025-03-30T08:48:43.793407,2,1,4,4,ProposerPage,Submitted Proposal,s3,0
2025-03-30T08:48:44.575343,3,1,4,4,ProposerPage,Submitted Proposal,s1,18
2025-03-30T08:48:44.575493,3,1,4,4,ProposerPage,Submitted Proposal,s2,12
2025-03-30T08:48:44.575528,3,1,4,4,ProposerPage,Submitted Proposal,s3,0
2025-03-30T08:48:51.857818,1,1,4,4,VoterPage,Voted,vote,True
2025-03-30T08:48:55.806362,2,1,4,4,VoterPage,Voted,vote,True
2025-03-30T08:48:56.903522,3,1,4,4,VoterPage,Voted,vote,False
2025-03-30T08:49:21.301906,1,1,5,5,ProposerPage,Submitted Proposal,s1,20
2025-03-30T08:49:21.302065,1,1,5,5,ProposerPage,Submitted Proposal,s2,10
2025-03-30T08:49:21.302092,1,1,5,5,ProposerPage,Submitted Proposal,s3,0
2025-03-30T08:49:22.018717,2,1,5,5,ProposerPage,Submitted Proposal,s1,14
2025-03-30T08:49:22.018872,2,1,5,5,ProposerPage,Submitted Proposal,s2,16
2025-03-30T08:49:22.018914,2,1,5,5,ProposerPage,Submitted Proposal,s3,0
2025-03-30T08:49:22.787126,3,1,5,5,ProposerPage,Submitted Proposal,s1,0
2025-03-30T08:49:22.787236,3,1,5,5,ProposerPage,Submitted Proposal,s2,10
2025-03-30T08:49:22.787260,3,1,5,5,ProposerPage,Submitted Proposal,s3,20
2025-03-30T08:49:29.872431,1,1,5,5,VoterPage,Voted,vote,False
2025-03-30T08:49:30.767443,2,1,5,5,VoterPage,Voted,vote,True
2025-03-30T08:49:31.550647,3,1,5,5,VoterPage,Voted,vote,True
2025-03-30T09:00:39.964275,1,1,1,1,ProposerPage,Submitted Proposal,s1,10
2025-03-30T09:00:39.964376,1,1,1,1,ProposerPage,Submitted Proposal,s2,10
2025-03-30T09:00:39.964404,1,1,1,1,ProposerPage,Submitted Proposal,s3,10
2025-03-30T09:00:41.993655,2,1,1,1,ProposerPage,Submitted Proposal,s1,10
2025-03-30T09:00:41.993733,2,1,1,1,ProposerPage,Submitted Proposal,s2,10
2025-03-30T09:00:41.993756,2,1,1,1,ProposerPage,Submitted Proposal,s3,10
2025-03-30T09:00:44.597118,3,1,1,1,ProposerPage,Submitted Proposal,s1,10
2025-03-30T09:00:44.597302,3,1,1,1,ProposerPage,Submitted Proposal,s2,10
2025-03-30T09:00:44.597327,3,1,1,1,ProposerPage,Submitted Proposal,s3,10
2025-03-30T09:01:05.520475,1,1,1,1,VoterPage,Voted,vote,True
2025-03-30T09:01:06.316116,2,1,1,1,VoterPage,Voted,vote,True
2025-03-30T09:01:06.916132,3,1,1,1,VoterPage,Voted,vote,True
2025-03-30T09:02:24.673830,1,1,2,2,ProposerPage,Submitted Proposal,s1,10
2025-03-30T09:02:24.674354,1,1,2,2,ProposerPage,Submitted Proposal,s2,10
2025-03-30T09:02:24.674435,1,1,2,2,ProposerPage,Submitted Proposal,s3,10
2025-03-30T09:02:25.147749,2,1,2,2,ProposerPage,Submitted Proposal,s1,10
2025-03-30T09:02:25.147913,2,1,2,2,ProposerPage,Submitted Proposal,s2,10
2025-03-30T09:02:25.147941,2,1,2,2,ProposerPage,Submitted Proposal,s3,10
2025-03-30T09:02:27.443823,3,1,2,2,ProposerPage,Submitted Proposal,s1,10
2025-03-30T09:02:27.443963,3,1,2,2,ProposerPage,Submitted Proposal,s2,10
2025-03-30T09:02:27.444014,3,1,2,2,ProposerPage,Submitted Proposal,s3,10
2025-03-30T09:02:31.167057,1,1,2,2,VoterPage,Voted,vote,True
2025-03-30T09:02:32.413259,2,1,2,2,VoterPage,Voted,vote,False
2025-03-30T09:02:33.081669,3,1,2,2,VoterPage,Voted,vote,True
2025-03-30T09:04:14.708942,1,1,3,3,ProposerPage,Submitted Proposal,s1,10
2025-03-30T09:04:14.709094,1,1,3,3,ProposerPage,Submitted Proposal,s2,10
2025-03-30T09:04:14.709142,1,1,3,3,ProposerPage,Submitted Proposal,s3,10
2025-03-30T09:04:15.310324,2,1,3,3,ProposerPage,Submitted Proposal,s1,10
2025-03-30T09:04:15.310448,2,1,3,3,ProposerPage,Submitted Proposal,s2,10
2025-03-30T09:04:15.310475,2,1,3,3,ProposerPage,Submitted Proposal,s3,10
2025-03-30T09:04:16.041796,3,1,3,3,ProposerPage,Submitted Proposal,s1,10
2025-03-30T09:04:16.041972,3,1,3,3,ProposerPage,Submitted Proposal,s2,10
2025-03-30T09:04:16.042027,3,1,3,3,ProposerPage,Submitted Proposal,s3,10
2025-03-30T09:04:19.244247,1,1,3,3,VoterPage,Voted,vote,True
2025-03-30T09:04:19.929252,2,1,3,3,VoterPage,Voted,vote,False
2025-03-30T09:04:20.568131,3,1,3,3,VoterPage,Voted,vote,True
2025-03-30T09:04:27.423603,1,1,4,4,ProposerPage,Submitted Proposal,s1,10
2025-03-30T09:04:27.423698,1,1,4,4,ProposerPage,Submitted Proposal,s2,10
2025-03-30T09:04:27.423723,1,1,4,4,ProposerPage,Submitted Proposal,s3,10
2025-03-30T09:04:29.890436,2,1,4,4,ProposerPage,Submitted Proposal,s1,10
2025-03-30T09:04:29.890598,2,1,4,4,ProposerPage,Submitted Proposal,s2,10
2025-03-30T09:04:29.890661,2,1,4,4,ProposerPage,Submitted Proposal,s3,10
2025-03-30T09:04:31.857499,3,1,4,4,ProposerPage,Submitted Proposal,s1,10
2025-03-30T09:04:31.857621,3,1,4,4,ProposerPage,Submitted Proposal,s2,10
2025-03-30T09:04:31.857666,3,1,4,4,ProposerPage,Submitted Proposal,s3,10
2025-03-30T09:06:48.734343,1,1,4,4,VoterPage,Voted,vote,True
2025-03-30T09:06:49.426932,2,1,4,4,VoterPage,Voted,vote,True
2025-03-30T09:06:50.056461,3,1,4,4,VoterPage,Voted,vote,True
2025-03-30T09:07:04.170357,1,1,5,5,ProposerPage,Submitted Proposal,s1,10
2025-03-30T09:07:04.170554,1,1,5,5,ProposerPage,Submitted Proposal,s2,10
2025-03-30T09:07:04.170656,1,1,5,5,ProposerPage,Submitted Proposal,s3,10
2025-03-30T09:07:04.638524,2,1,5,5,ProposerPage,Submitted Proposal,s1,10
2025-03-30T09:07:04.638683,2,1,5,5,ProposerPage,Submitted Proposal,s2,10
2025-03-30T09:07:04.638730,2,1,5,5,ProposerPage,Submitted Proposal,s3,10
2025-03-30T09:07:05.408698,3,1,5,5,ProposerPage,Submitted Proposal,s1,10
2025-03-30T09:07:05.408811,3,1,5,5,ProposerPage,Submitted Proposal,s2,10
2025-03-30T09:07:05.408834,3,1,5,5,ProposerPage,Submitted Proposal,s3,10
2025-03-30T09:07:09.006875,1,1,5,5,VoterPage,Voted,vote,True
2025-03-30T09:07:09.726050,2,1,5,5,VoterPage,Voted,vote,True
2025-03-30T09:07:10.471064,3,1,5,5,VoterPage,Voted,vote,True
2025-03-30T09:23:27.555251,1,1,1,1,ProposerPage,Submitted Proposal,s1,10
2025-03-30T09:23:27.555480,1,1,1,1,ProposerPage,Submitted Proposal,s2,10
2025-03-30T09:23:27.555551,1,1,1,1,ProposerPage,Submitted Proposal,s3,10
2025-03-30T09:23:28.088400,2,1,1,1,ProposerPage,Submitted Proposal,s1,10
2025-03-30T09:23:28.088567,2,1,1,1,ProposerPage,Submitted Proposal,s2,10
2025-03-30T09:23:28.088629,2,1,1,1,ProposerPage,Submitted Proposal,s3,10
2025-03-30T09:23:28.826579,3,1,1,1,ProposerPage,Submitted Proposal,s1,10
2025-03-30T09:23:28.826672,3,1,1,1,ProposerPage,Submitted Proposal,s2,10
2025-03-30T09:23:28.826696,3,1,1,1,ProposerPage,Submitted Proposal,s3,10
2025-03-30T09:23:33.192174,1,1,1,1,VoterPage,Voted,vote,True
2025-03-30T09:23:33.939327,2,1,1,1,VoterPage,Voted,vote,True
2025-03-30T09:23:34.658666,3,1,1,1,VoterPage,Voted,vote,True
2025-03-30T09:23:45.041867,1,1,2,2,ProposerPage,Submitted Proposal,s1,10
2025-03-30T09:23:45.042053,1,1,2,2,ProposerPage,Submitted Proposal,s2,10
2025-03-30T09:23:45.042101,1,1,2,2,ProposerPage,Submitted Proposal,s3,10
2025-03-30T09:23:45.562277,2,1,2,2,ProposerPage,Submitted Proposal,s1,10
2025-03-30T09:23:45.562439,2,1,2,2,ProposerPage,Submitted Proposal,s2,10
2025-03-30T09:23:45.562486,2,1,2,2,ProposerPage,Submitted Proposal,s3,10
2025-03-30T09:23:46.373332,3,1,2,2,ProposerPage,Submitted Proposal,s1,10
2025-03-30T09:23:46.373431,3,1,2,2,ProposerPage,Submitted Proposal,s2,10
2025-03-30T09:23:46.373456,3,1,2,2,ProposerPage,Submitted Proposal,s3,10
2025-03-30T09:23:49.801800,1,1,2,2,VoterPage,Voted,vote,True
2025-03-30T09:23:50.541238,2,1,2,2,VoterPage,Voted,vote,True
2025-03-30T09:23:51.309204,3,1,2,2,VoterPage,Voted,vote,False
2025-03-30T09:24:03.371780,1,1,3,3,ProposerPage,Submitted Proposal,s1,10
2025-03-30T09:24:03.371891,1,1,3,3,ProposerPage,Submitted Proposal,s2,10
2025-03-30T09:24:03.371925,1,1,3,3,ProposerPage,Submitted Proposal,s3,10
2025-03-30T09:24:03.936346,2,1,3,3,ProposerPage,Submitted Proposal,s1,10
2025-03-30T09:24:03.936527,2,1,3,3,ProposerPage,Submitted Proposal,s2,10
2025-03-30T09:24:03.936592,2,1,3,3,ProposerPage,Submitted Proposal,s3,10
2025-03-30T09:24:04.553500,3,1,3,3,ProposerPage,Submitted Proposal,s1,10
2025-03-30T09:24:04.553678,3,1,3,3,ProposerPage,Submitted Proposal,s2,10
2025-03-30T09:24:04.553747,3,1,3,3,ProposerPage,Submitted Proposal,s3,10
2025-03-30T09:24:07.984890,1,1,3,3,VoterPage,Voted,vote,True
2025-03-30T09:24:08.711168,2,1,3,3,VoterPage,Voted,vote,True
2025-03-30T09:24:09.461303,3,1,3,3,VoterPage,Voted,vote,True
2025-03-30T09:24:21.069067,1,1,4,4,ProposerPage,Submitted Proposal,s1,10
2025-03-30T09:24:21.069193,1,1,4,4,ProposerPage,Submitted Proposal,s2,10
2025-03-30T09:24:21.069238,1,1,4,4,ProposerPage,Submitted Proposal,s3,10
2025-03-30T09:24:21.556304,2,1,4,4,ProposerPage,Submitted Proposal,s1,10
2025-03-30T09:24:21.556432,2,1,4,4,ProposerPage,Submitted Proposal,s2,10
2025-03-30T09:24:21.556471,2,1,4,4,ProposerPage,Submitted Proposal,s3,10
2025-03-30T09:24:22.239366,3,1,4,4,ProposerPage,Submitted Proposal,s1,10
2025-03-30T09:24:22.239483,3,1,4,4,ProposerPage,Submitted Proposal,s2,10
2025-03-30T09:24:22.239507,3,1,4,4,ProposerPage,Submitted Proposal,s3,10
2025-03-30T09:24:25.824127,1,1,4,4,VoterPage,Voted,vote,True
2025-03-30T09:24:26.472447,2,1,4,4,VoterPage,Voted,vote,True
2025-03-30T09:24:27.191480,3,1,4,4,VoterPage,Voted,vote,True
2025-03-30T09:24:39.854498,2,1,5,5,ProposerPage,Submitted Proposal,s1,10
2025-03-30T09:24:39.854638,2,1,5,5,ProposerPage,Submitted Proposal,s2,10
2025-03-30T09:24:39.854685,2,1,5,5,ProposerPage,Submitted Proposal,s3,10
2025-03-30T09:24:40.472818,3,1,5,5,ProposerPage,Submitted Proposal,s1,10
2025-03-30T09:24:40.472939,3,1,5,5,ProposerPage,Submitted Proposal,s2,10
2025-03-30T09:24:40.472962,3,1,5,5,ProposerPage,Submitted Proposal,s3,10
2025-03-30T09:24:41.338363,1,1,5,5,ProposerPage,Submitted Proposal,s1,10
2025-03-30T09:24:41.338469,1,1,5,5,ProposerPage,Submitted Proposal,s2,10
2025-03-30T09:24:41.338498,1,1,5,5,ProposerPage,Submitted Proposal,s3,10
2025-03-30T09:24:44.461043,1,1,5,5,VoterPage,Voted,vote,False
2025-03-30T09:24:45.057928,2,1,5,5,VoterPage,Voted,vote,True
2025-03-30T09:24:45.838303,3,1,5,5,VoterPage,Voted,vote,True
2025-03-30T09:55:21.912629,1,1,1,1,ProposerPage,Submitted Proposal,s1,10
2025-03-30T09:55:21.912772,1,1,1,1,ProposerPage,Submitted Proposal,s2,10
2025-03-30T09:55:21.912805,1,1,1,1,ProposerPage,Submitted Proposal,s3,10
2025-03-30T09:55:23.026666,2,1,1,1,ProposerPage,Submitted Proposal,s1,30
2025-03-30T09:55:23.026785,2,1,1,1,ProposerPage,Submitted Proposal,s2,0
2025-03-30T09:55:23.026820,2,1,1,1,ProposerPage,Submitted Proposal,s3,0
2025-03-30T09:55:23.742486,3,1,1,1,ProposerPage,Submitted Proposal,s1,0
2025-03-30T09:55:23.742615,3,1,1,1,ProposerPage,Submitted Proposal,s2,0
2025-03-30T09:55:23.742667,3,1,1,1,ProposerPage,Submitted Proposal,s3,30
2025-03-30T09:55:29.807522,1,1,1,1,VoterPage,Voted,vote,True
2025-03-30T09:55:32.134675,2,1,1,1,VoterPage,Voted,vote,False
2025-03-30T09:55:33.323273,3,1,1,1,VoterPage,Voted,vote,True
2025-03-30T09:55:51.607228,1,1,2,2,ProposerPage,Submitted Proposal,s1,10
2025-03-30T09:55:51.607420,1,1,2,2,ProposerPage,Submitted Proposal,s2,10
2025-03-30T09:55:51.607486,1,1,2,2,ProposerPage,Submitted Proposal,s3,10
2025-03-30T09:55:52.227312,2,1,2,2,ProposerPage,Submitted Proposal,s1,10
2025-03-30T09:55:52.227451,2,1,2,2,ProposerPage,Submitted Proposal,s2,15
2025-03-30T09:55:52.227478,2,1,2,2,ProposerPage,Submitted Proposal,s3,5
2025-03-30T09:55:52.857870,3,1,2,2,ProposerPage,Submitted Proposal,s1,15
2025-03-30T09:55:52.857967,3,1,2,2,ProposerPage,Submitted Proposal,s2,15
2025-03-30T09:55:52.858000,3,1,2,2,ProposerPage,Submitted Proposal,s3,0
2025-03-30T09:55:58.544394,1,1,2,2,VoterPage,Voted,vote,True
2025-03-30T09:55:59.815342,2,1,2,2,VoterPage,Voted,vote,True
2025-03-30T09:56:01.245751,3,1,2,2,VoterPage,Voted,vote,True
2025-03-30T09:56:20.252180,1,1,3,3,ProposerPage,Submitted Proposal,s1,0
2025-03-30T09:56:20.252899,1,1,3,3,ProposerPage,Submitted Proposal,s2,10
2025-03-30T09:56:20.252993,1,1,3,3,ProposerPage,Submitted Proposal,s3,20
2025-03-30T09:56:23.507198,2,1,3,3,ProposerPage,Submitted Proposal,s1,12
2025-03-30T09:56:23.507293,2,1,3,3,ProposerPage,Submitted Proposal,s2,18
2025-03-30T09:56:23.507318,2,1,3,3,ProposerPage,Submitted Proposal,s3,0
2025-03-30T09:56:24.325838,3,1,3,3,ProposerPage,Submitted Proposal,s1,15
2025-03-30T09:56:24.325924,3,1,3,3,ProposerPage,Submitted Proposal,s2,15
2025-03-30T09:56:24.325949,3,1,3,3,ProposerPage,Submitted Proposal,s3,0
2025-03-30T09:56:30.770079,1,1,3,3,VoterPage,Voted,vote,False
2025-03-30T09:56:31.900323,2,1,3,3,VoterPage,Voted,vote,True
2025-03-30T09:56:32.763438,3,1,3,3,VoterPage,Voted,vote,True
2025-03-30T09:56:57.444563,1,1,4,4,ProposerPage,Submitted Proposal,s1,5
2025-03-30T09:56:57.444660,1,1,4,4,ProposerPage,Submitted Proposal,s2,10
2025-03-30T09:56:57.444684,1,1,4,4,ProposerPage,Submitted Proposal,s3,15
2025-03-30T09:56:58.026522,2,1,4,4,ProposerPage,Submitted Proposal,s1,25
2025-03-30T09:56:58.026653,2,1,4,4,ProposerPage,Submitted Proposal,s2,5
2025-03-30T09:56:58.026704,2,1,4,4,ProposerPage,Submitted Proposal,s3,0
2025-03-30T09:56:58.728107,3,1,4,4,ProposerPage,Submitted Proposal,s1,10
2025-03-30T09:56:58.728249,3,1,4,4,ProposerPage,Submitted Proposal,s2,20
2025-03-30T09:56:58.728284,3,1,4,4,ProposerPage,Submitted Proposal,s3,0
2025-03-30T09:57:03.187769,1,1,4,4,VoterPage,Voted,vote,False
2025-03-30T09:57:04.034363,2,1,4,4,VoterPage,Voted,vote,True
2025-03-30T09:57:04.710903,3,1,4,4,VoterPage,Voted,vote,True
2025-03-30T09:57:24.132812,1,1,5,5,ProposerPage,Submitted Proposal,s1,0
2025-03-30T09:57:24.133000,1,1,5,5,ProposerPage,Submitted Proposal,s2,12
2025-03-30T09:57:24.133056,1,1,5,5,ProposerPage,Submitted Proposal,s3,18
2025-03-30T09:57:24.862241,2,1,5,5,ProposerPage,Submitted Proposal,s1,0
2025-03-30T09:57:24.862394,2,1,5,5,ProposerPage,Submitted Proposal,s2,28
2025-03-30T09:57:24.862422,2,1,5,5,ProposerPage,Submitted Proposal,s3,2
2025-03-30T09:57:25.579521,3,1,5,5,ProposerPage,Submitted Proposal,s1,10
2025-03-30T09:57:25.579651,3,1,5,5,ProposerPage,Submitted Proposal,s2,10
2025-03-30T09:57:25.579674,3,1,5,5,ProposerPage,Submitted Proposal,s3,10
2025-03-30T09:57:31.165403,1,1,5,5,VoterPage,Voted,vote,True
2025-03-30T09:57:32.984172,2,1,5,5,VoterPage,Voted,vote,True
2025-03-30T09:57:34.061373,3,1,5,5,VoterPage,Voted,vote,False
2025-03-30T10:04:45.507566,1,1,1,1,ProposerPage,Submitted Proposal,s1,10
2025-03-30T10:04:45.507757,1,1,1,1,ProposerPage,Submitted Proposal,s2,10
2025-03-30T10:04:45.507826,1,1,1,1,ProposerPage,Submitted Proposal,s3,10
2025-03-30T10:04:46.078109,2,1,1,1,ProposerPage,Submitted Proposal,s1,10
2025-03-30T10:04:46.078240,2,1,1,1,ProposerPage,Submitted Proposal,s2,10
2025-03-30T10:04:46.078268,2,1,1,1,ProposerPage,Submitted Proposal,s3,10
2025-03-30T10:04:46.670601,3,1,1,1,ProposerPage,Submitted Proposal,s1,10
2025-03-30T10:04:46.670700,3,1,1,1,ProposerPage,Submitted Proposal,s2,10
2025-03-30T10:04:46.670726,3,1,1,1,ProposerPage,Submitted Proposal,s3,10
2025-03-30T10:04:49.811087,1,1,1,1,VoterPage,Voted,vote,True
2025-03-30T10:04:50.481459,2,1,1,1,VoterPage,Voted,vote,True
2025-03-30T10:04:51.245005,3,1,1,1,VoterPage,Voted,vote,True
2025-03-30T10:05:01.570886,1,1,2,2,ProposerPage,Submitted Proposal,s1,10
2025-03-30T10:05:01.571041,1,1,2,2,ProposerPage,Submitted Proposal,s2,10
2025-03-30T10:05:01.571087,1,1,2,2,ProposerPage,Submitted Proposal,s3,10
2025-03-30T10:05:02.248795,2,1,2,2,ProposerPage,Submitted Proposal,s1,10
2025-03-30T10:05:02.248974,2,1,2,2,ProposerPage,Submitted Proposal,s2,10
2025-03-30T10:05:02.249019,2,1,2,2,ProposerPage,Submitted Proposal,s3,10
2025-03-30T10:05:02.929013,3,1,2,2,ProposerPage,Submitted Proposal,s1,10
2025-03-30T10:05:02.929167,3,1,2,2,ProposerPage,Submitted Proposal,s2,10
2025-03-30T10:05:02.929209,3,1,2,2,ProposerPage,Submitted Proposal,s3,10
2025-03-30T10:05:05.996891,1,1,2,2,VoterPage,Voted,vote,False
2025-03-30T10:05:06.596507,2,1,2,2,VoterPage,Voted,vote,True
2025-03-30T10:05:07.394179,3,1,2,2,VoterPage,Voted,vote,False
2025-03-30T10:05:17.841137,1,1,3,3,ProposerPage,Submitted Proposal,s1,10
2025-03-30T10:05:17.841326,1,1,3,3,ProposerPage,Submitted Proposal,s2,10
2025-03-30T10:05:17.841390,1,1,3,3,ProposerPage,Submitted Proposal,s3,10
2025-03-30T10:05:18.427069,2,1,3,3,ProposerPage,Submitted Proposal,s1,10
2025-03-30T10:05:18.427190,2,1,3,3,ProposerPage,Submitted Proposal,s2,10
2025-03-30T10:05:18.427218,2,1,3,3,ProposerPage,Submitted Proposal,s3,10
2025-03-30T10:05:19.042891,3,1,3,3,ProposerPage,Submitted Proposal,s1,10
2025-03-30T10:05:19.042991,3,1,3,3,ProposerPage,Submitted Proposal,s2,10
2025-03-30T10:05:19.043016,3,1,3,3,ProposerPage,Submitted Proposal,s3,10
2025-03-30T10:05:22.264933,1,1,3,3,VoterPage,Voted,vote,True
2025-03-30T10:05:23.064064,2,1,3,3,VoterPage,Voted,vote,True
2025-03-30T10:05:23.821164,3,1,3,3,VoterPage,Voted,vote,False
2025-03-30T10:05:33.492398,1,1,4,4,ProposerPage,Submitted Proposal,s1,10
2025-03-30T10:05:33.492471,1,1,4,4,ProposerPage,Submitted Proposal,s2,10
2025-03-30T10:05:33.492494,1,1,4,4,ProposerPage,Submitted Proposal,s3,10
2025-03-30T10:05:34.124387,2,1,4,4,ProposerPage,Submitted Proposal,s1,10
2025-03-30T10:05:34.124462,2,1,4,4,ProposerPage,Submitted Proposal,s2,10
2025-03-30T10:05:34.124485,2,1,4,4,ProposerPage,Submitted Proposal,s3,10
2025-03-30T10:05:34.796825,3,1,4,4,ProposerPage,Submitted Proposal,s1,10
2025-03-30T10:05:34.796956,3,1,4,4,ProposerPage,Submitted Proposal,s2,10
2025-03-30T10:05:34.796979,3,1,4,4,ProposerPage,Submitted Proposal,s3,10
2025-03-30T10:05:44.322604,1,1,4,4,VoterPage,Voted,vote,True
2025-03-30T10:05:45.281102,2,1,4,4,VoterPage,Voted,vote,True
2025-03-30T10:05:45.998600,3,1,4,4,VoterPage,Voted,vote,False
2025-03-30T10:05:57.688710,1,1,5,5,ProposerPage,Submitted Proposal,s1,10
2025-03-30T10:05:57.688831,1,1,5,5,ProposerPage,Submitted Proposal,s2,10
2025-03-30T10:05:57.688874,1,1,5,5,ProposerPage,Submitted Proposal,s3,10
2025-03-30T10:05:58.472820,2,1,5,5,ProposerPage,Submitted Proposal,s1,10
2025-03-30T10:05:58.472945,2,1,5,5,ProposerPage,Submitted Proposal,s2,10
2025-03-30T10:05:58.472988,2,1,5,5,ProposerPage,Submitted Proposal,s3,10
2025-03-30T10:05:59.223761,3,1,5,5,ProposerPage,Submitted Proposal,s1,10
2025-03-30T10:05:59.223846,3,1,5,5,ProposerPage,Submitted Proposal,s2,10
2025-03-30T10:05:59.223870,3,1,5,5,ProposerPage,Submitted Proposal,s3,10
2025-03-30T10:06:08.093967,1,1,5,5,VoterPage,Voted,vote,True
2025-03-30T10:06:08.896361,2,1,5,5,VoterPage,Voted,vote,False
2025-03-30T10:06:09.673967,3,1,5,5,VoterPage,Voted,vote,True
2025-03-30T10:08:09.117665,1,1,5,5,VoterPage,Voted,vote,True
2025-03-30T10:08:28.583119,2,1,5,5,VoterPage,Voted,vote,False
2025-03-30T10:08:32.310268,3,1,5,5,VoterPage,Voted,vote,True
2025-03-30T10:14:34.967317,1,1,1,1,ProposerPage,Submitted Proposal,s1,10
2025-03-30T10:14:34.967438,1,1,1,1,ProposerPage,Submitted Proposal,s2,10
2025-03-30T10:14:34.967475,1,1,1,1,ProposerPage,Submitted Proposal,s3,10
2025-03-30T10:14:35.601969,2,1,1,1,ProposerPage,Submitted Proposal,s1,10
2025-03-30T10:14:35.602083,2,1,1,1,ProposerPage,Submitted Proposal,s2,10
2025-03-30T10:14:35.602115,2,1,1,1,ProposerPage,Submitted Proposal,s3,10
2025-03-30T10:14:36.370635,3,1,1,1,ProposerPage,Submitted Proposal,s1,10
2025-03-30T10:14:36.370769,3,1,1,1,ProposerPage,Submitted Proposal,s2,10
2025-03-30T10:14:36.370805,3,1,1,1,ProposerPage,Submitted Proposal,s3,10
2025-03-30T10:14:39.923902,1,1,1,1,VoterPage,Voted,vote,True
2025-03-30T10:14:40.755893,2,1,1,1,VoterPage,Voted,vote,True
2025-03-30T10:14:41.486366,3,1,1,1,VoterPage,Voted,vote,True
2025-03-30T10:14:59.040199,1,1,2,2,ProposerPage,Submitted Proposal,s1,0
2025-03-30T10:14:59.040334,1,1,2,2,ProposerPage,Submitted Proposal,s2,30
2025-03-30T10:14:59.040363,1,1,2,2,ProposerPage,Submitted Proposal,s3,0
2025-03-30T10:14:59.736020,2,1,2,2,ProposerPage,Submitted Proposal,s1,0
2025-03-30T10:14:59.736220,2,1,2,2,ProposerPage,Submitted Proposal,s2,15
2025-03-30T10:14:59.736257,2,1,2,2,ProposerPage,Submitted Proposal,s3,15
2025-03-30T10:15:00.516316,3,1,2,2,ProposerPage,Submitted Proposal,s1,20
2025-03-30T10:15:00.516397,3,1,2,2,ProposerPage,Submitted Proposal,s2,10
2025-03-30T10:15:00.516420,3,1,2,2,ProposerPage,Submitted Proposal,s3,0
2025-03-30T10:15:05.122183,1,1,2,2,VoterPage,Voted,vote,True
2025-03-30T10:15:06.104069,2,1,2,2,VoterPage,Voted,vote,False
2025-03-30T10:15:06.953562,3,1,2,2,VoterPage,Voted,vote,False
2025-03-30T10:15:24.277004,1,1,3,3,ProposerPage,Submitted Proposal,s1,20
2025-03-30T10:15:24.277171,1,1,3,3,ProposerPage,Submitted Proposal,s2,10
2025-03-30T10:15:24.277202,1,1,3,3,ProposerPage,Submitted Proposal,s3,0
2025-03-30T10:15:24.888063,2,1,3,3,ProposerPage,Submitted Proposal,s1,15
2025-03-30T10:15:24.888174,2,1,3,3,ProposerPage,Submitted Proposal,s2,15
2025-03-30T10:15:24.888198,2,1,3,3,ProposerPage,Submitted Proposal,s3,0
2025-03-30T10:15:25.669496,3,1,3,3,ProposerPage,Submitted Proposal,s1,0
2025-03-30T10:15:25.669646,3,1,3,3,ProposerPage,Submitted Proposal,s2,12
2025-03-30T10:15:25.669673,3,1,3,3,ProposerPage,Submitted Proposal,s3,18
2025-03-30T10:15:30.485756,1,1,3,3,VoterPage,Voted,vote,False
2025-03-30T10:15:31.251375,2,1,3,3,VoterPage,Voted,vote,True
2025-03-30T10:15:32.119206,3,1,3,3,VoterPage,Voted,vote,True
2025-04-02T03:08:09.198173,1,1,1,1,ProposerPage,Submitted Proposal,s1,10
2025-04-02T03:08:09.198296,1,1,1,1,ProposerPage,Submitted Proposal,s2,10
2025-04-02T03:08:09.198332,1,1,1,1,ProposerPage,Submitted Proposal,s3,10
2025-04-02T03:08:09.925511,2,1,1,1,ProposerPage,Submitted Proposal,s1,10
2025-04-02T03:08:09.925610,2,1,1,1,ProposerPage,Submitted Proposal,s2,10
2025-04-02T03:08:09.925639,2,1,1,1,ProposerPage,Submitted Proposal,s3,10
2025-04-02T03:08:10.685302,3,1,1,1,ProposerPage,Submitted Proposal,s1,10
2025-04-02T03:08:10.685426,3,1,1,1,ProposerPage,Submitted Proposal,s2,10
2025-04-02T03:08:10.685452,3,1,1,1,ProposerPage,Submitted Proposal,s3,10
2025-04-02T03:08:37.304491,1,1,1,1,VoterPage,Voted,vote,True
2025-04-02T03:08:37.977446,2,1,1,1,VoterPage,Voted,vote,True
2025-04-02T03:08:38.838876,3,1,1,1,VoterPage,Voted,vote,True
2025-04-02T03:08:46.364212,1,1,2,2,ProposerPage,Submitted Proposal,s1,10
2025-04-02T03:08:46.364357,1,1,2,2,ProposerPage,Submitted Proposal,s2,10
2025-04-02T03:08:46.364390,1,1,2,2,ProposerPage,Submitted Proposal,s3,10
2025-04-02T03:08:48.351052,2,1,2,2,ProposerPage,Submitted Proposal,s1,10
2025-04-02T03:08:48.351135,2,1,2,2,ProposerPage,Submitted Proposal,s2,10
2025-04-02T03:08:48.351160,2,1,2,2,ProposerPage,Submitted Proposal,s3,10
2025-04-02T03:08:50.241799,3,1,2,2,ProposerPage,Submitted Proposal,s1,10
2025-04-02T03:08:50.241886,3,1,2,2,ProposerPage,Submitted Proposal,s2,10
2025-04-02T03:08:50.241912,3,1,2,2,ProposerPage,Submitted Proposal,s3,10
2025-04-02T03:08:54.816742,1,1,2,2,VoterPage,Voted,vote,True
2025-04-02T03:08:55.546004,2,1,2,2,VoterPage,Voted,vote,True
2025-04-02T03:08:56.379175,3,1,2,2,VoterPage,Voted,vote,True
2025-04-02T03:09:07.052798,3,1,3,3,ProposerPage,Submitted Proposal,s1,10
2025-04-02T03:09:07.052906,3,1,3,3,ProposerPage,Submitted Proposal,s2,10
2025-04-02T03:09:07.052959,3,1,3,3,ProposerPage,Submitted Proposal,s3,10
2025-04-02T03:09:07.782205,2,1,3,3,ProposerPage,Submitted Proposal,s1,10
2025-04-02T03:09:07.782403,2,1,3,3,ProposerPage,Submitted Proposal,s2,10
2025-04-02T03:09:07.782450,2,1,3,3,ProposerPage,Submitted Proposal,s3,10
2025-04-02T03:09:08.569085,1,1,3,3,ProposerPage,Submitted Proposal,s1,10
2025-04-02T03:09:08.569259,1,1,3,3,ProposerPage,Submitted Proposal,s2,10
2025-04-02T03:09:08.569322,1,1,3,3,ProposerPage,Submitted Proposal,s3,10
2025-04-02T03:09:11.833700,1,1,3,3,VoterPage,Voted,vote,False
2025-04-02T03:09:12.883451,2,1,3,3,VoterPage,Voted,vote,True
2025-04-02T03:09:13.651539,3,1,3,3,VoterPage,Voted,vote,False
2025-04-02T03:09:52.295244,1,1,4,4,ProposerPage,Submitted Proposal,s1,10
2025-04-02T03:09:52.295339,1,1,4,4,ProposerPage,Submitted Proposal,s2,10
2025-04-02T03:09:52.295371,1,1,4,4,ProposerPage,Submitted Proposal,s3,10
2025-04-02T03:09:53.212357,2,1,4,4,ProposerPage,Submitted Proposal,s1,10
2025-04-02T03:09:53.212445,2,1,4,4,ProposerPage,Submitted Proposal,s2,10
2025-04-02T03:09:53.212470,2,1,4,4,ProposerPage,Submitted Proposal,s3,10
2025-04-02T03:09:53.981779,3,1,4,4,ProposerPage,Submitted Proposal,s1,10
2025-04-02T03:09:53.981916,3,1,4,4,ProposerPage,Submitted Proposal,s2,10
2025-04-02T03:09:53.981951,3,1,4,4,ProposerPage,Submitted Proposal,s3,10
2025-04-02T03:09:57.293269,1,1,4,4,VoterPage,Voted,vote,True
2025-04-02T03:09:57.982272,2,1,4,4,VoterPage,Voted,vote,True
2025-04-02T03:09:58.741434,3,1,4,4,VoterPage,Voted,vote,True
2025-04-02T03:10:13.368778,1,1,5,5,ProposerPage,Submitted Proposal,s1,10
2025-04-02T03:10:13.368886,1,1,5,5,ProposerPage,Submitted Proposal,s2,10
2025-04-02T03:10:13.368918,1,1,5,5,ProposerPage,Submitted Proposal,s3,10
2025-04-02T03:10:13.997086,2,1,5,5,ProposerPage,Submitted Proposal,s1,10
2025-04-02T03:10:13.997206,2,1,5,5,ProposerPage,Submitted Proposal,s2,10
2025-04-02T03:10:13.997230,2,1,5,5,ProposerPage,Submitted Proposal,s3,10
2025-04-02T03:10:16.234991,3,1,5,5,ProposerPage,Submitted Proposal,s1,10
2025-04-02T03:10:16.235073,3,1,5,5,ProposerPage,Submitted Proposal,s2,10
2025-04-02T03:10:16.235098,3,1,5,5,ProposerPage,Submitted Proposal,s3,10
2025-04-02T03:10:18.391914,1,1,5,5,VoterPage,Voted,vote,True
2025-04-02T03:10:19.992191,2,1,5,5,VoterPage,Voted,vote,False
2025-04-02T03:10:21.276161,3,1,5,5,VoterPage,Voted,vote,True
2025-04-03T06:22:10.271141,1,1,1,1,ProposerPage,Submitted Proposal,10
2025-04-03T06:22:10.271265,1,1,1,1,ProposerPage,Submitted Proposal,10
2025-04-03T06:22:10.271312,1,1,1,1,ProposerPage,Submitted Proposal,10
2025-04-03T06:22:11.036775,2,1,1,1,ProposerPage,Submitted Proposal,10
2025-04-03T06:22:11.036899,2,1,1,1,ProposerPage,Submitted Proposal,10
2025-04-03T06:22:11.036944,2,1,1,1,ProposerPage,Submitted Proposal,10
2025-04-03T06:22:21.858267,3,1,1,1,ProposerPage,Submitted Proposal,10
2025-04-03T06:22:21.858429,3,1,1,1,ProposerPage,Submitted Proposal,15
2025-04-03T06:22:21.858463,3,1,1,1,ProposerPage,Submitted Proposal,5
2025-04-03T06:22:34.511419,1,1,1,1,VoterPage,Voted,False
2025-04-03T06:22:35.456234,2,1,1,1,VoterPage,Voted,False
2025-04-03T06:22:36.662618,3,1,1,1,VoterPage,Voted,False
2025-04-03T06:24:15.554507,1,1,2,2,ProposerPage,Submitted Proposal,15
2025-04-03T06:24:15.554586,1,1,2,2,ProposerPage,Submitted Proposal,15
2025-04-03T06:24:15.554609,1,1,2,2,ProposerPage,Submitted Proposal,0
2025-04-03T06:24:16.369304,2,1,2,2,ProposerPage,Submitted Proposal,0
2025-04-03T06:24:16.369494,2,1,2,2,ProposerPage,Submitted Proposal,0
2025-04-03T06:24:16.369558,2,1,2,2,ProposerPage,Submitted Proposal,30
2025-04-03T06:24:17.053042,3,1,2,2,ProposerPage,Submitted Proposal,0
2025-04-03T06:24:17.053120,3,1,2,2,ProposerPage,Submitted Proposal,20
2025-04-03T06:24:17.053145,3,1,2,2,ProposerPage,Submitted Proposal,10
2025-04-03T06:24:31.923206,1,1,2,2,VoterPage,Voted,False
2025-04-03T06:24:32.839773,2,1,2,2,VoterPage,Voted,True
2025-04-03T06:24:33.878088,3,1,2,2,VoterPage,Voted,False
2025-04-03T06:25:40.867266,1,1,3,3,ProposerPage,Submitted Proposal,10
2025-04-03T06:25:40.867366,1,1,3,3,ProposerPage,Submitted Proposal,10
2025-04-03T06:25:40.867400,1,1,3,3,ProposerPage,Submitted Proposal,10
2025-04-03T06:25:43.845838,2,1,3,3,ProposerPage,Submitted Proposal,10
2025-04-03T06:25:43.845979,2,1,3,3,ProposerPage,Submitted Proposal,10
2025-04-03T06:25:43.846013,2,1,3,3,ProposerPage,Submitted Proposal,10
2025-04-03T06:25:44.669512,3,1,3,3,ProposerPage,Submitted Proposal,10
2025-04-03T06:25:44.669645,3,1,3,3,ProposerPage,Submitted Proposal,10
2025-04-03T06:25:44.669689,3,1,3,3,ProposerPage,Submitted Proposal,10
2025-04-03T06:25:48.555987,1,1,3,3,VoterPage,Voted,True
2025-04-03T06:25:49.320757,2,1,3,3,VoterPage,Voted,True
2025-04-03T06:25:50.225808,3,1,3,3,VoterPage,Voted,True
2025-04-03T06:26:11.485025,1,1,4,4,ProposerPage,Submitted Proposal,0
2025-04-03T06:26:11.485169,1,1,4,4,ProposerPage,Submitted Proposal,0
2025-04-03T06:26:11.485215,1,1,4,4,ProposerPage,Submitted Proposal,30
2025-04-03T06:26:12.167707,2,1,4,4,ProposerPage,Submitted Proposal,30
2025-04-03T06:26:12.167834,2,1,4,4,ProposerPage,Submitted Proposal,0
2025-04-03T06:26:12.167858,2,1,4,4,ProposerPage,Submitted Proposal,0
2025-04-03T06:26:13.336627,3,1,4,4,ProposerPage,Submitted Proposal,0
2025-04-03T06:26:13.336702,3,1,4,4,ProposerPage,Submitted Proposal,30
2025-04-03T06:26:13.336726,3,1,4,4,ProposerPage,Submitted Proposal,0
2025-04-03T06:26:21.311551,1,1,4,4,VoterPage,Voted,True
2025-04-03T06:26:23.525345,2,1,4,4,VoterPage,Voted,False
2025-04-03T06:26:24.770669,3,1,4,4,VoterPage,Voted,True
2025-04-03T06:26:52.334104,1,1,5,5,ProposerPage,Submitted Proposal,10
2025-04-03T06:26:52.334271,1,1,5,5,ProposerPage,Submitted Proposal,10
2025-04-03T06:26:52.334306,1,1,5,5,ProposerPage,Submitted Proposal,10
2025-04-03T06:26:53.176607,2,1,5,5,ProposerPage,Submitted Proposal,10
2025-04-03T06:26:53.176726,2,1,5,5,ProposerPage,Submitted Proposal,10
2025-04-03T06:26:53.176770,2,1,5,5,ProposerPage,Submitted Proposal,10
2025-04-03T06:26:53.949666,3,1,5,5,ProposerPage,Submitted Proposal,15
2025-04-03T06:26:53.949815,3,1,5,5,ProposerPage,Submitted Proposal,15
2025-04-03T06:26:53.949849,3,1,5,5,ProposerPage,Submitted Proposal,0
2025-04-03T06:27:00.862255,1,1,5,5,VoterPage,Voted,True
2025-04-03T06:27:01.775460,2,1,5,5,VoterPage,Voted,True
2025-04-03T06:27:02.612180,3,1,5,5,VoterPage,Voted,True
