participant.id_in_session,participant.code,participant.label,participant._is_bot,participant._index_in_pages,participant._max_page_index,participant._current_app_name,participant._current_page_name,participant.time_started_utc,participant.visited,participant.mturk_worker_id,participant.mturk_assignment_id,participant.payoff,participant.final_payment,participant.next_period,participant.skip_this_oTree_round,participant.periods,participant.rounds,session.code,session.label,session.mturk_HITId,session.mturk_HITGroupId,session.comment,session.is_demo,session.config.study_id,session.config.real_world_currency_per_point,session.config.name,session.config.participation_fee,session.config.player_session_id,session.num_players,session.list_players_waiting,session.list_players_session,session.number_oTree_round_matching,session.finish,fund_vanishes.1.player.id_in_group,fund_vanishes.1.player.role,fund_vanishes.1.player.payoff,fund_vanishes.1.player.experiment_start_time,fund_vanishes.1.player.experiment_end_time,fund_vanishes.1.player.game_start_time,fund_vanishes.1.player.game_end_time,fund_vanishes.1.player.is_priming,fund_vanishes.1.player.group_id_9,fund_vanishes.1.player.subgroup_id,fund_vanishes.1.player.id_in_subgroup,fund_vanishes.1.player.ungrouped,fund_vanishes.1.player.last_round_finished,fund_vanishes.1.player.s1,fund_vanishes.1.player.s2,fund_vanishes.1.player.s3,fund_vanishes.1.player.total_bonus,fund_vanishes.1.player.survey_fee,fund_vanishes.1.player.base_fee,fund_vanishes.1.player.completion_code,fund_vanishes.1.player.period_no,fund_vanishes.1.player.player_role,fund_vanishes.1.player.proposal,fund_vanishes.1.player.vote,fund_vanishes.1.player.earnings,fund_vanishes.1.player.all_earnings,fund_vanishes.1.player.final_payment,fund_vanishes.1.player.feedback,fund_vanishes.1.player.total_num_failed_attempts,fund_vanishes.1.player.q1_num_failed_attempts,fund_vanishes.1.player.q2_num_failed_attempts,fund_vanishes.1.player.q3_num_failed_attempts,fund_vanishes.1.player.q1_quiz,fund_vanishes.1.player.q2_quiz,fund_vanishes.1.player.q3_quiz,fund_vanishes.1.player.adios_reason,fund_vanishes.1.player.dropout,fund_vanishes.1.player.decision,fund_vanishes.1.player.random_period,fund_vanishes.1.player.share,fund_vanishes.1.player.role_player,fund_vanishes.1.player.player_offer_accepted,fund_vanishes.1.player.investment,fund_vanishes.1.player.payoff_this_period,fund_vanishes.1.player.s,fund_vanishes.1.player.s_per,fund_vanishes.1.player.points_to_currency,fund_vanishes.1.player.points_to_currency_s,fund_vanishes.1.player.qp1,fund_vanishes.1.player.gen_cgi,fund_vanishes.1.player.qp3,fund_vanishes.1.player.qp4,fund_vanishes.1.player.combined_payoff,fund_vanishes.1.player.random_payoff,fund_vanishes.1.player.sex,fund_vanishes.1.player.trans_1,fund_vanishes.1.player.trans_2,fund_vanishes.1.player.cmt_propr,fund_vanishes.1.player.cmt_vtr,fund_vanishes.1.player.retaliation,fund_vanishes.1.player.retaliation_other,fund_vanishes.1.player.mwc,fund_vanishes.1.player.mwc_others,fund_vanishes.1.player.atq_1,fund_vanishes.1.player.atq_2,fund_vanishes.1.player.atq_3,fund_vanishes.1.player.age,fund_vanishes.1.player.risk,fund_vanishes.1.player.occ,fund_vanishes.1.player.econ,fund_vanishes.1.player.plop_unempl,fund_vanishes.1.player.plop_comp,fund_vanishes.1.player.plop_incdist,fund_vanishes.1.player.plop_priv,fund_vanishes.1.player.plop_luckeffort,fund_vanishes.1.player.rel,fund_vanishes.1.player.rel_spec,fund_vanishes.1.player.rel_other,fund_vanishes.1.player.mwc_bonus,fund_vanishes.1.player.mwc_bonus_others,fund_vanishes.1.player.enjoy,fund_vanishes.1.player.power_q1a,fund_vanishes.1.player.power_q1b,fund_vanishes.1.player.power_q2,fund_vanishes.1.player.power_q3,fund_vanishes.1.player.democracy_obedience,fund_vanishes.1.player.gender_q1,fund_vanishes.1.player.gender_q2,fund_vanishes.1.player.gender_q3,fund_vanishes.1.player.gender_q4,fund_vanishes.1.player.social_power,fund_vanishes.1.player.wealth,fund_vanishes.1.player.authority,fund_vanishes.1.player.humble,fund_vanishes.1.player.influential,fund_vanishes.1.player.bonus,fund_vanishes.1.group.id_in_subsession,fund_vanishes.1.group.current_period,fund_vanishes.1.group.group_id_9,fund_vanishes.1.group.subgroup_id,fund_vanishes.1.group.session_finish,fund_vanishes.1.group.drop_out_detected,fund_vanishes.1.group.drop_out_finalized,fund_vanishes.1.group.all_proposals_str,fund_vanishes.1.group.selected_proposer_id,fund_vanishes.1.group.selected_proposal,fund_vanishes.1.group.subgroup_proposals_str,fund_vanishes.1.group.selected_proposals_str,fund_vanishes.1.group.s1,fund_vanishes.1.group.s2,fund_vanishes.1.group.s3,fund_vanishes.1.group.total_votes,fund_vanishes.1.group.approved,fund_vanishes.1.group.all_votes_str,fund_vanishes.1.group.Fund,fund_vanishes.1.group.decision_array_str,fund_vanishes.1.group.period_results_array_str,fund_vanishes.1.group.number_shares,fund_vanishes.1.subsession.round_number,fund_vanishes.2.player.id_in_group,fund_vanishes.2.player.role,fund_vanishes.2.player.payoff,fund_vanishes.2.player.experiment_start_time,fund_vanishes.2.player.experiment_end_time,fund_vanishes.2.player.game_start_time,fund_vanishes.2.player.game_end_time,fund_vanishes.2.player.is_priming,fund_vanishes.2.player.group_id_9,fund_vanishes.2.player.subgroup_id,fund_vanishes.2.player.id_in_subgroup,fund_vanishes.2.player.ungrouped,fund_vanishes.2.player.last_round_finished,fund_vanishes.2.player.s1,fund_vanishes.2.player.s2,fund_vanishes.2.player.s3,fund_vanishes.2.player.total_bonus,fund_vanishes.2.player.survey_fee,fund_vanishes.2.player.base_fee,fund_vanishes.2.player.completion_code,fund_vanishes.2.player.period_no,fund_vanishes.2.player.player_role,fund_vanishes.2.player.proposal,fund_vanishes.2.player.vote,fund_vanishes.2.player.earnings,fund_vanishes.2.player.all_earnings,fund_vanishes.2.player.final_payment,fund_vanishes.2.player.feedback,fund_vanishes.2.player.total_num_failed_attempts,fund_vanishes.2.player.q1_num_failed_attempts,fund_vanishes.2.player.q2_num_failed_attempts,fund_vanishes.2.player.q3_num_failed_attempts,fund_vanishes.2.player.q1_quiz,fund_vanishes.2.player.q2_quiz,fund_vanishes.2.player.q3_quiz,fund_vanishes.2.player.adios_reason,fund_vanishes.2.player.dropout,fund_vanishes.2.player.decision,fund_vanishes.2.player.random_period,fund_vanishes.2.player.share,fund_vanishes.2.player.role_player,fund_vanishes.2.player.player_offer_accepted,fund_vanishes.2.player.investment,fund_vanishes.2.player.payoff_this_period,fund_vanishes.2.player.s,fund_vanishes.2.player.s_per,fund_vanishes.2.player.points_to_currency,fund_vanishes.2.player.points_to_currency_s,fund_vanishes.2.player.qp1,fund_vanishes.2.player.gen_cgi,fund_vanishes.2.player.qp3,fund_vanishes.2.player.qp4,fund_vanishes.2.player.combined_payoff,fund_vanishes.2.player.random_payoff,fund_vanishes.2.player.sex,fund_vanishes.2.player.trans_1,fund_vanishes.2.player.trans_2,fund_vanishes.2.player.cmt_propr,fund_vanishes.2.player.cmt_vtr,fund_vanishes.2.player.retaliation,fund_vanishes.2.player.retaliation_other,fund_vanishes.2.player.mwc,fund_vanishes.2.player.mwc_others,fund_vanishes.2.player.atq_1,fund_vanishes.2.player.atq_2,fund_vanishes.2.player.atq_3,fund_vanishes.2.player.age,fund_vanishes.2.player.risk,fund_vanishes.2.player.occ,fund_vanishes.2.player.econ,fund_vanishes.2.player.plop_unempl,fund_vanishes.2.player.plop_comp,fund_vanishes.2.player.plop_incdist,fund_vanishes.2.player.plop_priv,fund_vanishes.2.player.plop_luckeffort,fund_vanishes.2.player.rel,fund_vanishes.2.player.rel_spec,fund_vanishes.2.player.rel_other,fund_vanishes.2.player.mwc_bonus,fund_vanishes.2.player.mwc_bonus_others,fund_vanishes.2.player.enjoy,fund_vanishes.2.player.power_q1a,fund_vanishes.2.player.power_q1b,fund_vanishes.2.player.power_q2,fund_vanishes.2.player.power_q3,fund_vanishes.2.player.democracy_obedience,fund_vanishes.2.player.gender_q1,fund_vanishes.2.player.gender_q2,fund_vanishes.2.player.gender_q3,fund_vanishes.2.player.gender_q4,fund_vanishes.2.player.social_power,fund_vanishes.2.player.wealth,fund_vanishes.2.player.authority,fund_vanishes.2.player.humble,fund_vanishes.2.player.influential,fund_vanishes.2.player.bonus,fund_vanishes.2.group.id_in_subsession,fund_vanishes.2.group.current_period,fund_vanishes.2.group.group_id_9,fund_vanishes.2.group.subgroup_id,fund_vanishes.2.group.session_finish,fund_vanishes.2.group.drop_out_detected,fund_vanishes.2.group.drop_out_finalized,fund_vanishes.2.group.all_proposals_str,fund_vanishes.2.group.selected_proposer_id,fund_vanishes.2.group.selected_proposal,fund_vanishes.2.group.subgroup_proposals_str,fund_vanishes.2.group.selected_proposals_str,fund_vanishes.2.group.s1,fund_vanishes.2.group.s2,fund_vanishes.2.group.s3,fund_vanishes.2.group.total_votes,fund_vanishes.2.group.approved,fund_vanishes.2.group.all_votes_str,fund_vanishes.2.group.Fund,fund_vanishes.2.group.decision_array_str,fund_vanishes.2.group.period_results_array_str,fund_vanishes.2.group.number_shares,fund_vanishes.2.subsession.round_number,fund_vanishes.3.player.id_in_group,fund_vanishes.3.player.role,fund_vanishes.3.player.payoff,fund_vanishes.3.player.experiment_start_time,fund_vanishes.3.player.experiment_end_time,fund_vanishes.3.player.game_start_time,fund_vanishes.3.player.game_end_time,fund_vanishes.3.player.is_priming,fund_vanishes.3.player.group_id_9,fund_vanishes.3.player.subgroup_id,fund_vanishes.3.player.id_in_subgroup,fund_vanishes.3.player.ungrouped,fund_vanishes.3.player.last_round_finished,fund_vanishes.3.player.s1,fund_vanishes.3.player.s2,fund_vanishes.3.player.s3,fund_vanishes.3.player.total_bonus,fund_vanishes.3.player.survey_fee,fund_vanishes.3.player.base_fee,fund_vanishes.3.player.completion_code,fund_vanishes.3.player.period_no,fund_vanishes.3.player.player_role,fund_vanishes.3.player.proposal,fund_vanishes.3.player.vote,fund_vanishes.3.player.earnings,fund_vanishes.3.player.all_earnings,fund_vanishes.3.player.final_payment,fund_vanishes.3.player.feedback,fund_vanishes.3.player.total_num_failed_attempts,fund_vanishes.3.player.q1_num_failed_attempts,fund_vanishes.3.player.q2_num_failed_attempts,fund_vanishes.3.player.q3_num_failed_attempts,fund_vanishes.3.player.q1_quiz,fund_vanishes.3.player.q2_quiz,fund_vanishes.3.player.q3_quiz,fund_vanishes.3.player.adios_reason,fund_vanishes.3.player.dropout,fund_vanishes.3.player.decision,fund_vanishes.3.player.random_period,fund_vanishes.3.player.share,fund_vanishes.3.player.role_player,fund_vanishes.3.player.player_offer_accepted,fund_vanishes.3.player.investment,fund_vanishes.3.player.payoff_this_period,fund_vanishes.3.player.s,fund_vanishes.3.player.s_per,fund_vanishes.3.player.points_to_currency,fund_vanishes.3.player.points_to_currency_s,fund_vanishes.3.player.qp1,fund_vanishes.3.player.gen_cgi,fund_vanishes.3.player.qp3,fund_vanishes.3.player.qp4,fund_vanishes.3.player.combined_payoff,fund_vanishes.3.player.random_payoff,fund_vanishes.3.player.sex,fund_vanishes.3.player.trans_1,fund_vanishes.3.player.trans_2,fund_vanishes.3.player.cmt_propr,fund_vanishes.3.player.cmt_vtr,fund_vanishes.3.player.retaliation,fund_vanishes.3.player.retaliation_other,fund_vanishes.3.player.mwc,fund_vanishes.3.player.mwc_others,fund_vanishes.3.player.atq_1,fund_vanishes.3.player.atq_2,fund_vanishes.3.player.atq_3,fund_vanishes.3.player.age,fund_vanishes.3.player.risk,fund_vanishes.3.player.occ,fund_vanishes.3.player.econ,fund_vanishes.3.player.plop_unempl,fund_vanishes.3.player.plop_comp,fund_vanishes.3.player.plop_incdist,fund_vanishes.3.player.plop_priv,fund_vanishes.3.player.plop_luckeffort,fund_vanishes.3.player.rel,fund_vanishes.3.player.rel_spec,fund_vanishes.3.player.rel_other,fund_vanishes.3.player.mwc_bonus,fund_vanishes.3.player.mwc_bonus_others,fund_vanishes.3.player.enjoy,fund_vanishes.3.player.power_q1a,fund_vanishes.3.player.power_q1b,fund_vanishes.3.player.power_q2,fund_vanishes.3.player.power_q3,fund_vanishes.3.player.democracy_obedience,fund_vanishes.3.player.gender_q1,fund_vanishes.3.player.gender_q2,fund_vanishes.3.player.gender_q3,fund_vanishes.3.player.gender_q4,fund_vanishes.3.player.social_power,fund_vanishes.3.player.wealth,fund_vanishes.3.player.authority,fund_vanishes.3.player.humble,fund_vanishes.3.player.influential,fund_vanishes.3.player.bonus,fund_vanishes.3.group.id_in_subsession,fund_vanishes.3.group.current_period,fund_vanishes.3.group.group_id_9,fund_vanishes.3.group.subgroup_id,fund_vanishes.3.group.session_finish,fund_vanishes.3.group.drop_out_detected,fund_vanishes.3.group.drop_out_finalized,fund_vanishes.3.group.all_proposals_str,fund_vanishes.3.group.selected_proposer_id,fund_vanishes.3.group.selected_proposal,fund_vanishes.3.group.subgroup_proposals_str,fund_vanishes.3.group.selected_proposals_str,fund_vanishes.3.group.s1,fund_vanishes.3.group.s2,fund_vanishes.3.group.s3,fund_vanishes.3.group.total_votes,fund_vanishes.3.group.approved,fund_vanishes.3.group.all_votes_str,fund_vanishes.3.group.Fund,fund_vanishes.3.group.decision_array_str,fund_vanishes.3.group.period_results_array_str,fund_vanishes.3.group.number_shares,fund_vanishes.3.subsession.round_number
1,9cquymjr,,0,50,99,fund_vanishes,SurveyPage,2025-07-28 07:57:11.500578,1,,,0.0,,1,,,,wc4q37yp,,,,,1,Study001,1.0,experiment,0.0,Pilot1,,[],,,,7,,0.0,,,1753689456.783082,1753689686.002368,0,9,3,3,0,0,10,10,10,,,,,0,Voter,,0,0.0,"[{""round"": 1, ""earnings"": 0.0}]",,,0,0,0,0,,,,,0,0,,0.0,Voter,,,,,,,,,,,,,,,,,,,,,,,,,,,,,,,,,,,,,,,,,,,,,,,,,,,,,,,,2,0,,,0,0,0,[],0,{},"{""3"": [{""proposer_id"": 3, ""proposal"": {""s1"": 10, ""s2"": 10, ""s3"": 10}}, {""proposer_id"": 2, ""proposal"": {""s1"": 20, ""s2"": 10, ""s3"": 0}}, {""proposer_id"": 1, ""proposal"": {""s1"": 10, ""s2"": 10, ""s3"": 10}}], ""1"": [{""proposer_id"": 3, ""proposal"": {""s1"": 0, ""s2"": 15, ""s3"": 15}}, {""proposer_id"": 1, ""proposal"": {""s1"": 10, ""s2"": 10, ""s3"": 10}}, {""proposer_id"": 2, ""proposal"": {""s1"": 10, ""s2"": 10, ""s3"": 10}}], ""2"": [{""proposer_id"": 3, ""proposal"": {""s1"": 12, ""s2"": 11, ""s3"": 7}}, {""proposer_id"": 1, ""proposal"": {""s1"": 10, ""s2"": 10, ""s3"": 10}}, {""proposer_id"": 2, ""proposal"": {""s1"": 10, ""s2"": 10, ""s3"": 10}}]}","{""1"": {""proposer_id"": 3, ""proposal"": {""s1"": 0, ""s2"": 15, ""s3"": 15}}, ""2"": {""proposer_id"": 2, ""proposal"": {""s1"": 10, ""s2"": 10, ""s3"": 10}}, ""3"": {""proposer_id"": 2, ""proposal"": {""s1"": 20, ""s2"": 10, ""s3"": 0}}}",,,,0,0,[],,,,0,1,7,,0.0,,,,1753689810.997805,0,,2,1,0,2,10,10,10,,,,,0,Voter,,0,0.0,[],,,0,0,0,0,,,,,0,0,,0.0,Voter,,,,,,,,,,,,,,,,,,,,,,,,,,,,,,,,,,,,,,,,,,,,,,,,,,,,,,,,2,0,,,0,1,1,[],0,{},"{""2"": [{""proposer_id"": 2, ""proposal"": {""s1"": 10, ""s2"": 10, ""s3"": 10}}, {""proposer_id"": 3, ""proposal"": {""s1"": 10, ""s2"": 10, ""s3"": 10}}, {""proposer_id"": 1, ""proposal"": {""s1"": 10, ""s2"": 10, ""s3"": 10}}], ""3"": [{""proposer_id"": 2, ""proposal"": {""s1"": 10, ""s2"": 10, ""s3"": 10}}, {""proposer_id"": 1, ""proposal"": {""s1"": 15, ""s2"": 15, ""s3"": 0}}, {""proposer_id"": 3, ""proposal"": {""s1"": 10, ""s2"": 10, ""s3"": 10}}], ""1"": [{""proposer_id"": 3, ""proposal"": {""s1"": 10, ""s2"": 10, ""s3"": 10}}, {""proposer_id"": 1, ""proposal"": {""s1"": 10, ""s2"": 10, ""s3"": 10}}, {""proposer_id"": 2, ""proposal"": {""s1"": -10, ""s2"": -10, ""s3"": -10}}]}","{""2"": {""proposer_id"": 1, ""proposal"": {""s1"": 10, ""s2"": 10, ""s3"": 10}}, ""3"": {""proposer_id"": 2, ""proposal"": {""s1"": 10, ""s2"": 10, ""s3"": 10}}}",,,,0,0,[],,,,0,2,7,,0.0,,,,,0,,,,0,0,,,,,,,,0,Voter,,0,0.0,[],,,0,0,0,0,,,,,0,0,,0.0,Voter,,,,,,,,,,,,,,,,,,,,,,,,,,,,,,,,,,,,,,,,,,,,,,,,,,,,,,,,2,0,,,0,0,0,[],0,{},{},{},,,,0,0,[],,,,0,3
2,13q42mjc,,0,50,99,fund_vanishes,SurveyPage,2025-07-28 07:57:13.416636,1,,,0.0,,1,,,,wc4q37yp,,,,,1,Study001,1.0,experiment,0.0,Pilot1,,[],,,,4,,0.0,,,1753689457.756768,1753689685.95017,0,9,1,3,0,0,0,15,15,,,,,0,Voter,,0,0.0,"[{""round"": 1, ""earnings"": 0.0}]",,,0,0,0,0,,,,,0,0,,0.0,Voter,,,,,,,,,,,,,,,,,,,,,,,,,,,,,,,,,,,,,,,,,,,,,,,,,,,,,,,,2,0,,,0,0,0,[],0,{},"{""3"": [{""proposer_id"": 3, ""proposal"": {""s1"": 10, ""s2"": 10, ""s3"": 10}}, {""proposer_id"": 2, ""proposal"": {""s1"": 20, ""s2"": 10, ""s3"": 0}}, {""proposer_id"": 1, ""proposal"": {""s1"": 10, ""s2"": 10, ""s3"": 10}}], ""1"": [{""proposer_id"": 3, ""proposal"": {""s1"": 0, ""s2"": 15, ""s3"": 15}}, {""proposer_id"": 1, ""proposal"": {""s1"": 10, ""s2"": 10, ""s3"": 10}}, {""proposer_id"": 2, ""proposal"": {""s1"": 10, ""s2"": 10, ""s3"": 10}}], ""2"": [{""proposer_id"": 3, ""proposal"": {""s1"": 12, ""s2"": 11, ""s3"": 7}}, {""proposer_id"": 1, ""proposal"": {""s1"": 10, ""s2"": 10, ""s3"": 10}}, {""proposer_id"": 2, ""proposal"": {""s1"": 10, ""s2"": 10, ""s3"": 10}}]}","{""1"": {""proposer_id"": 3, ""proposal"": {""s1"": 0, ""s2"": 15, ""s3"": 15}}, ""2"": {""proposer_id"": 2, ""proposal"": {""s1"": 10, ""s2"": 10, ""s3"": 10}}, ""3"": {""proposer_id"": 2, ""proposal"": {""s1"": 20, ""s2"": 10, ""s3"": 0}}}",,,,0,0,[],,,,0,1,4,,0.0,,,,1753689809.297745,0,,1,1,0,2,10,10,10,,,,,0,Voter,,0,0.0,[],,,0,0,0,0,,,,,0,0,,0.0,Voter,,,,,,,,,,,,,,,,,,,,,,,,,,,,,,,,,,,,,,,,,,,,,,,,,,,,,,,,2,0,,,0,1,1,[],0,{},"{""2"": [{""proposer_id"": 2, ""proposal"": {""s1"": 10, ""s2"": 10, ""s3"": 10}}, {""proposer_id"": 3, ""proposal"": {""s1"": 10, ""s2"": 10, ""s3"": 10}}, {""proposer_id"": 1, ""proposal"": {""s1"": 10, ""s2"": 10, ""s3"": 10}}], ""3"": [{""proposer_id"": 2, ""proposal"": {""s1"": 10, ""s2"": 10, ""s3"": 10}}, {""proposer_id"": 1, ""proposal"": {""s1"": 15, ""s2"": 15, ""s3"": 0}}, {""proposer_id"": 3, ""proposal"": {""s1"": 10, ""s2"": 10, ""s3"": 10}}], ""1"": [{""proposer_id"": 3, ""proposal"": {""s1"": 10, ""s2"": 10, ""s3"": 10}}, {""proposer_id"": 1, ""proposal"": {""s1"": 10, ""s2"": 10, ""s3"": 10}}, {""proposer_id"": 2, ""proposal"": {""s1"": -10, ""s2"": -10, ""s3"": -10}}]}","{""2"": {""proposer_id"": 1, ""proposal"": {""s1"": 10, ""s2"": 10, ""s3"": 10}}, ""3"": {""proposer_id"": 2, ""proposal"": {""s1"": 10, ""s2"": 10, ""s3"": 10}}}",,,,0,0,[],,,,0,2,4,,0.0,,,,,0,,,,0,0,,,,,,,,0,Voter,,0,0.0,[],,,0,0,0,0,,,,,0,0,,0.0,Voter,,,,,,,,,,,,,,,,,,,,,,,,,,,,,,,,,,,,,,,,,,,,,,,,,,,,,,,,2,0,,,0,0,0,[],0,{},{},{},,,,0,0,[],,,,0,3
3,xhen8w48,,0,50,99,fund_vanishes,SurveyPage,2025-07-28 07:57:15.188917,1,,,0.0,,1,,,,wc4q37yp,,,,,1,Study001,1.0,experiment,0.0,Pilot1,,[],,,,9,,0.0,,,1753689457.710819,1753689685.9768791,0,9,3,2,0,0,20,10,0,,,,,0,Proposer,,1,0.0,"[{""round"": 1, ""earnings"": 0.0}]",,,0,0,0,0,,,,,0,0,,0.0,Voter,,,,,,,,,,,,,,,,,,,,,,,,,,,,,,,,,,,,,,,,,,,,,,,,,,,,,,,,2,0,,,0,0,0,[],0,{},"{""3"": [{""proposer_id"": 3, ""proposal"": {""s1"": 10, ""s2"": 10, ""s3"": 10}}, {""proposer_id"": 2, ""proposal"": {""s1"": 20, ""s2"": 10, ""s3"": 0}}, {""proposer_id"": 1, ""proposal"": {""s1"": 10, ""s2"": 10, ""s3"": 10}}], ""1"": [{""proposer_id"": 3, ""proposal"": {""s1"": 0, ""s2"": 15, ""s3"": 15}}, {""proposer_id"": 1, ""proposal"": {""s1"": 10, ""s2"": 10, ""s3"": 10}}, {""proposer_id"": 2, ""proposal"": {""s1"": 10, ""s2"": 10, ""s3"": 10}}], ""2"": [{""proposer_id"": 3, ""proposal"": {""s1"": 12, ""s2"": 11, ""s3"": 7}}, {""proposer_id"": 1, ""proposal"": {""s1"": 10, ""s2"": 10, ""s3"": 10}}, {""proposer_id"": 2, ""proposal"": {""s1"": 10, ""s2"": 10, ""s3"": 10}}]}","{""1"": {""proposer_id"": 3, ""proposal"": {""s1"": 0, ""s2"": 15, ""s3"": 15}}, ""2"": {""proposer_id"": 2, ""proposal"": {""s1"": 10, ""s2"": 10, ""s3"": 10}}, ""3"": {""proposer_id"": 2, ""proposal"": {""s1"": 20, ""s2"": 10, ""s3"": 0}}}",,,,0,0,[],,,,0,1,9,,0.0,,,,1753689807.393101,0,,3,3,0,2,10,10,10,,,,,0,Proposer,,0,0.0,[],,,0,0,0,0,,,,,0,0,,0.0,Voter,,,,,,,,,,,,,,,,,,,,,,,,,,,,,,,,,,,,,,,,,,,,,,,,,,,,,,,,2,0,,,0,1,1,[],0,{},"{""2"": [{""proposer_id"": 2, ""proposal"": {""s1"": 10, ""s2"": 10, ""s3"": 10}}, {""proposer_id"": 3, ""proposal"": {""s1"": 10, ""s2"": 10, ""s3"": 10}}, {""proposer_id"": 1, ""proposal"": {""s1"": 10, ""s2"": 10, ""s3"": 10}}], ""3"": [{""proposer_id"": 2, ""proposal"": {""s1"": 10, ""s2"": 10, ""s3"": 10}}, {""proposer_id"": 1, ""proposal"": {""s1"": 15, ""s2"": 15, ""s3"": 0}}, {""proposer_id"": 3, ""proposal"": {""s1"": 10, ""s2"": 10, ""s3"": 10}}], ""1"": [{""proposer_id"": 3, ""proposal"": {""s1"": 10, ""s2"": 10, ""s3"": 10}}, {""proposer_id"": 1, ""proposal"": {""s1"": 10, ""s2"": 10, ""s3"": 10}}, {""proposer_id"": 2, ""proposal"": {""s1"": -10, ""s2"": -10, ""s3"": -10}}]}","{""2"": {""proposer_id"": 1, ""proposal"": {""s1"": 10, ""s2"": 10, ""s3"": 10}}, ""3"": {""proposer_id"": 2, ""proposal"": {""s1"": 10, ""s2"": 10, ""s3"": 10}}}",,,,0,0,[],,,,0,2,9,,0.0,,,,,0,,,,0,0,,,,,,,,0,Proposer,,0,0.0,[],,,0,0,0,0,,,,,0,0,,0.0,Voter,,,,,,,,,,,,,,,,,,,,,,,,,,,,,,,,,,,,,,,,,,,,,,,,,,,,,,,,2,0,,,0,0,0,[],0,{},{},{},,,,0,0,[],,,,0,3
4,v3b32fa6,,0,50,99,fund_vanishes,SurveyPage,2025-07-28 07:57:17.170838,1,,,0.0,,1,,,,wc4q37yp,,,,,1,Study001,1.0,experiment,0.0,Pilot1,,[],,,,3,,0.0,,,1753689457.7296388,1753689686.126241,0,9,2,3,0,0,12,11,7,,,,,0,Proposer,,1,10.0,"[{""round"": 1, ""earnings"": 10.0}]",,,0,0,0,0,,,,,0,0,,0.0,Voter,,,,,,,,,,,,,,,,,,,,,,,,,,,,,,,,,,,,,,,,,,,,,,,,,,,,,,,,2,0,,,0,0,0,[],0,{},"{""3"": [{""proposer_id"": 3, ""proposal"": {""s1"": 10, ""s2"": 10, ""s3"": 10}}, {""proposer_id"": 2, ""proposal"": {""s1"": 20, ""s2"": 10, ""s3"": 0}}, {""proposer_id"": 1, ""proposal"": {""s1"": 10, ""s2"": 10, ""s3"": 10}}], ""1"": [{""proposer_id"": 3, ""proposal"": {""s1"": 0, ""s2"": 15, ""s3"": 15}}, {""proposer_id"": 1, ""proposal"": {""s1"": 10, ""s2"": 10, ""s3"": 10}}, {""proposer_id"": 2, ""proposal"": {""s1"": 10, ""s2"": 10, ""s3"": 10}}], ""2"": [{""proposer_id"": 3, ""proposal"": {""s1"": 12, ""s2"": 11, ""s3"": 7}}, {""proposer_id"": 1, ""proposal"": {""s1"": 10, ""s2"": 10, ""s3"": 10}}, {""proposer_id"": 2, ""proposal"": {""s1"": 10, ""s2"": 10, ""s3"": 10}}]}","{""1"": {""proposer_id"": 3, ""proposal"": {""s1"": 0, ""s2"": 15, ""s3"": 15}}, ""2"": {""proposer_id"": 2, ""proposal"": {""s1"": 10, ""s2"": 10, ""s3"": 10}}, ""3"": {""proposer_id"": 2, ""proposal"": {""s1"": 20, ""s2"": 10, ""s3"": 0}}}",,,,0,0,[],,,,0,1,3,,0.0,,,,1753689805.92589,0,,3,1,0,2,15,15,0,,,,,0,Proposer,,0,0.0,[],,,0,0,0,0,,,,,0,0,,0.0,Voter,,,,,,,,,,,,,,,,,,,,,,,,,,,,,,,,,,,,,,,,,,,,,,,,,,,,,,,,2,0,,,0,1,1,[],0,{},"{""2"": [{""proposer_id"": 2, ""proposal"": {""s1"": 10, ""s2"": 10, ""s3"": 10}}, {""proposer_id"": 3, ""proposal"": {""s1"": 10, ""s2"": 10, ""s3"": 10}}, {""proposer_id"": 1, ""proposal"": {""s1"": 10, ""s2"": 10, ""s3"": 10}}], ""3"": [{""proposer_id"": 2, ""proposal"": {""s1"": 10, ""s2"": 10, ""s3"": 10}}, {""proposer_id"": 1, ""proposal"": {""s1"": 15, ""s2"": 15, ""s3"": 0}}, {""proposer_id"": 3, ""proposal"": {""s1"": 10, ""s2"": 10, ""s3"": 10}}], ""1"": [{""proposer_id"": 3, ""proposal"": {""s1"": 10, ""s2"": 10, ""s3"": 10}}, {""proposer_id"": 1, ""proposal"": {""s1"": 10, ""s2"": 10, ""s3"": 10}}, {""proposer_id"": 2, ""proposal"": {""s1"": -10, ""s2"": -10, ""s3"": -10}}]}","{""2"": {""proposer_id"": 1, ""proposal"": {""s1"": 10, ""s2"": 10, ""s3"": 10}}, ""3"": {""proposer_id"": 2, ""proposal"": {""s1"": 10, ""s2"": 10, ""s3"": 10}}}",,,,0,0,[],,,,0,2,3,,0.0,,,,,0,,,,0,0,,,,,,,,0,Proposer,,0,0.0,[],,,0,0,0,0,,,,,0,0,,0.0,Voter,,,,,,,,,,,,,,,,,,,,,,,,,,,,,,,,,,,,,,,,,,,,,,,,,,,,,,,,2,0,,,0,0,0,[],0,{},{},{},,,,0,0,[],,,,0,3
5,njnbiznk,,0,50,99,fund_vanishes,SurveyPage,2025-07-28 07:57:19.488148,1,,,0.0,,1,,,,wc4q37yp,,,,,1,Study001,1.0,experiment,0.0,Pilot1,,[],,,,6,,0.0,,,1753689457.7513778,1753689686.052715,0,9,2,1,0,0,10,10,10,,,,,0,Voter,,0,10.0,"[{""round"": 1, ""earnings"": 10.0}]",,,0,0,0,0,,,,,0,0,,0.0,Voter,,,,,,,,,,,,,,,,,,,,,,,,,,,,,,,,,,,,,,,,,,,,,,,,,,,,,,,,2,0,,,0,0,0,[],0,{},"{""3"": [{""proposer_id"": 3, ""proposal"": {""s1"": 10, ""s2"": 10, ""s3"": 10}}, {""proposer_id"": 2, ""proposal"": {""s1"": 20, ""s2"": 10, ""s3"": 0}}, {""proposer_id"": 1, ""proposal"": {""s1"": 10, ""s2"": 10, ""s3"": 10}}], ""1"": [{""proposer_id"": 3, ""proposal"": {""s1"": 0, ""s2"": 15, ""s3"": 15}}, {""proposer_id"": 1, ""proposal"": {""s1"": 10, ""s2"": 10, ""s3"": 10}}, {""proposer_id"": 2, ""proposal"": {""s1"": 10, ""s2"": 10, ""s3"": 10}}], ""2"": [{""proposer_id"": 3, ""proposal"": {""s1"": 12, ""s2"": 11, ""s3"": 7}}, {""proposer_id"": 1, ""proposal"": {""s1"": 10, ""s2"": 10, ""s3"": 10}}, {""proposer_id"": 2, ""proposal"": {""s1"": 10, ""s2"": 10, ""s3"": 10}}]}","{""1"": {""proposer_id"": 3, ""proposal"": {""s1"": 0, ""s2"": 15, ""s3"": 15}}, ""2"": {""proposer_id"": 2, ""proposal"": {""s1"": 10, ""s2"": 10, ""s3"": 10}}, ""3"": {""proposer_id"": 2, ""proposal"": {""s1"": 20, ""s2"": 10, ""s3"": 0}}}",,,,0,0,[],,,,0,1,6,,0.0,,,,1753689804.282353,0,,2,3,0,2,10,10,10,,,,,0,Voter,,0,0.0,[],,,0,0,0,0,,,,,0,0,,0.0,Voter,,,,,,,,,,,,,,,,,,,,,,,,,,,,,,,,,,,,,,,,,,,,,,,,,,,,,,,,2,0,,,0,1,1,[],0,{},"{""2"": [{""proposer_id"": 2, ""proposal"": {""s1"": 10, ""s2"": 10, ""s3"": 10}}, {""proposer_id"": 3, ""proposal"": {""s1"": 10, ""s2"": 10, ""s3"": 10}}, {""proposer_id"": 1, ""proposal"": {""s1"": 10, ""s2"": 10, ""s3"": 10}}], ""3"": [{""proposer_id"": 2, ""proposal"": {""s1"": 10, ""s2"": 10, ""s3"": 10}}, {""proposer_id"": 1, ""proposal"": {""s1"": 15, ""s2"": 15, ""s3"": 0}}, {""proposer_id"": 3, ""proposal"": {""s1"": 10, ""s2"": 10, ""s3"": 10}}], ""1"": [{""proposer_id"": 3, ""proposal"": {""s1"": 10, ""s2"": 10, ""s3"": 10}}, {""proposer_id"": 1, ""proposal"": {""s1"": 10, ""s2"": 10, ""s3"": 10}}, {""proposer_id"": 2, ""proposal"": {""s1"": -10, ""s2"": -10, ""s3"": -10}}]}","{""2"": {""proposer_id"": 1, ""proposal"": {""s1"": 10, ""s2"": 10, ""s3"": 10}}, ""3"": {""proposer_id"": 2, ""proposal"": {""s1"": 10, ""s2"": 10, ""s3"": 10}}}",,,,0,0,[],,,,0,2,6,,0.0,,,,,0,,,,0,0,,,,,,,,0,Voter,,0,0.0,[],,,0,0,0,0,,,,,0,0,,0.0,Voter,,,,,,,,,,,,,,,,,,,,,,,,,,,,,,,,,,,,,,,,,,,,,,,,,,,,,,,,2,0,,,0,0,0,[],0,{},{},{},,,,0,0,[],,,,0,3
6,2um47kwm,,0,50,99,fund_vanishes,SurveyPage,2025-07-28 07:57:21.362393,1,,,0.0,,1,,,,wc4q37yp,,,,,1,Study001,1.0,experiment,0.0,Pilot1,,[],,,,2,,0.0,,,1753689457.720549,1753689686.0277069,0,9,1,1,0,0,10,10,10,,,,,0,Proposer,,0,0.0,"[{""round"": 1, ""earnings"": 0.0}]",,,0,0,0,0,,,,,0,0,,0.0,Voter,,,,,,,,,,,,,,,,,,,,,,,,,,,,,,,,,,,,,,,,,,,,,,,,,,,,,,,,2,0,,,0,0,0,[],0,{},"{""3"": [{""proposer_id"": 3, ""proposal"": {""s1"": 10, ""s2"": 10, ""s3"": 10}}, {""proposer_id"": 2, ""proposal"": {""s1"": 20, ""s2"": 10, ""s3"": 0}}, {""proposer_id"": 1, ""proposal"": {""s1"": 10, ""s2"": 10, ""s3"": 10}}], ""1"": [{""proposer_id"": 3, ""proposal"": {""s1"": 0, ""s2"": 15, ""s3"": 15}}, {""proposer_id"": 1, ""proposal"": {""s1"": 10, ""s2"": 10, ""s3"": 10}}, {""proposer_id"": 2, ""proposal"": {""s1"": 10, ""s2"": 10, ""s3"": 10}}], ""2"": [{""proposer_id"": 3, ""proposal"": {""s1"": 12, ""s2"": 11, ""s3"": 7}}, {""proposer_id"": 1, ""proposal"": {""s1"": 10, ""s2"": 10, ""s3"": 10}}, {""proposer_id"": 2, ""proposal"": {""s1"": 10, ""s2"": 10, ""s3"": 10}}]}","{""1"": {""proposer_id"": 3, ""proposal"": {""s1"": 0, ""s2"": 15, ""s3"": 15}}, ""2"": {""proposer_id"": 2, ""proposal"": {""s1"": 10, ""s2"": 10, ""s3"": 10}}, ""3"": {""proposer_id"": 2, ""proposal"": {""s1"": 20, ""s2"": 10, ""s3"": 0}}}",,,,0,0,[],,,,0,1,2,,0.0,,,,1753689802.365234,0,,1,3,0,2,10,10,10,,,,,0,Proposer,,0,0.0,[],,,0,0,0,0,,,,,0,0,,0.0,Voter,,,,,,,,,,,,,,,,,,,,,,,,,,,,,,,,,,,,,,,,,,,,,,,,,,,,,,,,2,0,,,0,1,1,[],0,{},"{""2"": [{""proposer_id"": 2, ""proposal"": {""s1"": 10, ""s2"": 10, ""s3"": 10}}, {""proposer_id"": 3, ""proposal"": {""s1"": 10, ""s2"": 10, ""s3"": 10}}, {""proposer_id"": 1, ""proposal"": {""s1"": 10, ""s2"": 10, ""s3"": 10}}], ""3"": [{""proposer_id"": 2, ""proposal"": {""s1"": 10, ""s2"": 10, ""s3"": 10}}, {""proposer_id"": 1, ""proposal"": {""s1"": 15, ""s2"": 15, ""s3"": 0}}, {""proposer_id"": 3, ""proposal"": {""s1"": 10, ""s2"": 10, ""s3"": 10}}], ""1"": [{""proposer_id"": 3, ""proposal"": {""s1"": 10, ""s2"": 10, ""s3"": 10}}, {""proposer_id"": 1, ""proposal"": {""s1"": 10, ""s2"": 10, ""s3"": 10}}, {""proposer_id"": 2, ""proposal"": {""s1"": -10, ""s2"": -10, ""s3"": -10}}]}","{""2"": {""proposer_id"": 1, ""proposal"": {""s1"": 10, ""s2"": 10, ""s3"": 10}}, ""3"": {""proposer_id"": 2, ""proposal"": {""s1"": 10, ""s2"": 10, ""s3"": 10}}}",,,,0,0,[],,,,0,2,2,,0.0,,,,,0,,,,0,0,,,,,,,,0,Proposer,,0,0.0,[],,,0,0,0,0,,,,,0,0,,0.0,Voter,,,,,,,,,,,,,,,,,,,,,,,,,,,,,,,,,,,,,,,,,,,,,,,,,,,,,,,,2,0,,,0,0,0,[],0,{},{},{},,,,0,0,[],,,,0,3
7,9euvkq2v,,0,52,99,fund_vanishes,Part1,2025-07-28 07:57:25.071544,1,,,0.0,,1,,,,wc4q37yp,,,,,1,Study001,1.0,experiment,0.0,Pilot1,,[],,,,8,,0.0,,,1753689457.745285,1753689686.077984,0,9,2,2,0,0,10,10,10,,,,,0,Voter,,1,10.0,"[{""round"": 1, ""earnings"": 10.0}]",,,0,0,0,0,,,,,0,0,,0.0,Voter,,,,,,,,,,,,,,,,,,,,,,,,,,,,,,,,,,,,,,,,,,,,,,,,,,,,,,,,2,0,,,0,0,0,[],0,{},"{""3"": [{""proposer_id"": 3, ""proposal"": {""s1"": 10, ""s2"": 10, ""s3"": 10}}, {""proposer_id"": 2, ""proposal"": {""s1"": 20, ""s2"": 10, ""s3"": 0}}, {""proposer_id"": 1, ""proposal"": {""s1"": 10, ""s2"": 10, ""s3"": 10}}], ""1"": [{""proposer_id"": 3, ""proposal"": {""s1"": 0, ""s2"": 15, ""s3"": 15}}, {""proposer_id"": 1, ""proposal"": {""s1"": 10, ""s2"": 10, ""s3"": 10}}, {""proposer_id"": 2, ""proposal"": {""s1"": 10, ""s2"": 10, ""s3"": 10}}], ""2"": [{""proposer_id"": 3, ""proposal"": {""s1"": 12, ""s2"": 11, ""s3"": 7}}, {""proposer_id"": 1, ""proposal"": {""s1"": 10, ""s2"": 10, ""s3"": 10}}, {""proposer_id"": 2, ""proposal"": {""s1"": 10, ""s2"": 10, ""s3"": 10}}]}","{""1"": {""proposer_id"": 3, ""proposal"": {""s1"": 0, ""s2"": 15, ""s3"": 15}}, ""2"": {""proposer_id"": 2, ""proposal"": {""s1"": 10, ""s2"": 10, ""s3"": 10}}, ""3"": {""proposer_id"": 2, ""proposal"": {""s1"": 20, ""s2"": 10, ""s3"": 0}}}",,,,0,0,[],,,,0,1,8,,0.0,,,,1753689829.738509,0,,3,2,0,2,10,10,10,,,,,0,Voter,,0,0.0,[],,,0,0,0,0,,,,,0,0,,0.0,Voter,,,,,,,,2,2,2,not sure,,,,,,,,,,,,,,,,,,,,,,,,,,,,,,,,,,,,,,,,,,,,,2,0,,,0,1,1,[],0,{},"{""2"": [{""proposer_id"": 2, ""proposal"": {""s1"": 10, ""s2"": 10, ""s3"": 10}}, {""proposer_id"": 3, ""proposal"": {""s1"": 10, ""s2"": 10, ""s3"": 10}}, {""proposer_id"": 1, ""proposal"": {""s1"": 10, ""s2"": 10, ""s3"": 10}}], ""3"": [{""proposer_id"": 2, ""proposal"": {""s1"": 10, ""s2"": 10, ""s3"": 10}}, {""proposer_id"": 1, ""proposal"": {""s1"": 15, ""s2"": 15, ""s3"": 0}}, {""proposer_id"": 3, ""proposal"": {""s1"": 10, ""s2"": 10, ""s3"": 10}}], ""1"": [{""proposer_id"": 3, ""proposal"": {""s1"": 10, ""s2"": 10, ""s3"": 10}}, {""proposer_id"": 1, ""proposal"": {""s1"": 10, ""s2"": 10, ""s3"": 10}}, {""proposer_id"": 2, ""proposal"": {""s1"": -10, ""s2"": -10, ""s3"": -10}}]}","{""2"": {""proposer_id"": 1, ""proposal"": {""s1"": 10, ""s2"": 10, ""s3"": 10}}, ""3"": {""proposer_id"": 2, ""proposal"": {""s1"": 10, ""s2"": 10, ""s3"": 10}}}",,,,0,0,[],,,,0,2,8,,0.0,,,,,0,,,,0,0,,,,,,,,0,Voter,,0,0.0,[],,,0,0,0,0,,,,,0,0,,0.0,Voter,,,,,,,,,,,,,,,,,,,,,,,,,,,,,,,,,,,,,,,,,,,,,,,,,,,,,,,,2,0,,,0,0,0,[],0,{},{},{},,,,0,0,[],,,,0,3
8,l6wmia00,,0,52,99,fund_vanishes,Part1,2025-07-28 07:57:30.841031,1,,,0.0,,1,,,,wc4q37yp,,,,,1,Study001,1.0,experiment,0.0,Pilot1,,[],,,,5,,0.0,,,1753689457.7373178,1753689686.102598,0,9,3,1,0,0,10,10,10,,,,,0,Voter,,0,0.0,"[{""round"": 1, ""earnings"": 0.0}]",,,0,0,0,0,,,,,0,0,,0.0,Voter,,,,,,,,,,,,,,,,,,,,,,,,,,,,,,,,,,,,,,,,,,,,,,,,,,,,,,,,2,0,,,0,0,0,[],0,{},"{""3"": [{""proposer_id"": 3, ""proposal"": {""s1"": 10, ""s2"": 10, ""s3"": 10}}, {""proposer_id"": 2, ""proposal"": {""s1"": 20, ""s2"": 10, ""s3"": 0}}, {""proposer_id"": 1, ""proposal"": {""s1"": 10, ""s2"": 10, ""s3"": 10}}], ""1"": [{""proposer_id"": 3, ""proposal"": {""s1"": 0, ""s2"": 15, ""s3"": 15}}, {""proposer_id"": 1, ""proposal"": {""s1"": 10, ""s2"": 10, ""s3"": 10}}, {""proposer_id"": 2, ""proposal"": {""s1"": 10, ""s2"": 10, ""s3"": 10}}], ""2"": [{""proposer_id"": 3, ""proposal"": {""s1"": 12, ""s2"": 11, ""s3"": 7}}, {""proposer_id"": 1, ""proposal"": {""s1"": 10, ""s2"": 10, ""s3"": 10}}, {""proposer_id"": 2, ""proposal"": {""s1"": 10, ""s2"": 10, ""s3"": 10}}]}","{""1"": {""proposer_id"": 3, ""proposal"": {""s1"": 0, ""s2"": 15, ""s3"": 15}}, ""2"": {""proposer_id"": 2, ""proposal"": {""s1"": 10, ""s2"": 10, ""s3"": 10}}, ""3"": {""proposer_id"": 2, ""proposal"": {""s1"": 20, ""s2"": 10, ""s3"": 0}}}",,,,0,0,[],,,,0,1,5,,0.0,,,,1753689798.266894,0,,2,2,0,2,10,10,10,,,,,0,Voter,,0,0.0,[],,,0,0,0,0,,,,,0,0,,0.0,Voter,,,,,,,,2,2,2,not sure,,,,,,,,,,,,,,,,,,,,,,,,,,,,,,,,,,,,,,,,,,,,,2,0,,,0,1,1,[],0,{},"{""2"": [{""proposer_id"": 2, ""proposal"": {""s1"": 10, ""s2"": 10, ""s3"": 10}}, {""proposer_id"": 3, ""proposal"": {""s1"": 10, ""s2"": 10, ""s3"": 10}}, {""proposer_id"": 1, ""proposal"": {""s1"": 10, ""s2"": 10, ""s3"": 10}}], ""3"": [{""proposer_id"": 2, ""proposal"": {""s1"": 10, ""s2"": 10, ""s3"": 10}}, {""proposer_id"": 1, ""proposal"": {""s1"": 15, ""s2"": 15, ""s3"": 0}}, {""proposer_id"": 3, ""proposal"": {""s1"": 10, ""s2"": 10, ""s3"": 10}}], ""1"": [{""proposer_id"": 3, ""proposal"": {""s1"": 10, ""s2"": 10, ""s3"": 10}}, {""proposer_id"": 1, ""proposal"": {""s1"": 10, ""s2"": 10, ""s3"": 10}}, {""proposer_id"": 2, ""proposal"": {""s1"": -10, ""s2"": -10, ""s3"": -10}}]}","{""2"": {""proposer_id"": 1, ""proposal"": {""s1"": 10, ""s2"": 10, ""s3"": 10}}, ""3"": {""proposer_id"": 2, ""proposal"": {""s1"": 10, ""s2"": 10, ""s3"": 10}}}",,,,0,0,[],,,,0,2,5,,0.0,,,,,0,,,,0,0,,,,,,,,0,Voter,,0,0.0,[],,,0,0,0,0,,,,,0,0,,0.0,Voter,,,,,,,,,,,,,,,,,,,,,,,,,,,,,,,,,,,,,,,,,,,,,,,,,,,,,,,,2,0,,,0,0,0,[],0,{},{},{},,,,0,0,[],,,,0,3
9,wq9pwyqr,,0,66,99,fund_vanishes,PaymentInfo,2025-07-28 07:57:32.608741,1,,,0.0,,1,,,,wc4q37yp,,,,,1,Study001,1.0,experiment,0.0,Pilot1,,[],,,,1,,0.0,,,1753689457.695626,1753689685.914072,0,9,1,2,0,0,10,10,10,,,,,0,Voter,,0,0.0,"[{""round"": 1, ""earnings"": 0.0}]",,,0,0,0,0,,,,,0,0,,0.0,Voter,,,,,,,,,,,,,,,,,,,,,,,,,,,,,,,,,,,,,,,,,,,,,,,,,,,,,,,,2,0,,,0,0,0,[],0,{},"{""3"": [{""proposer_id"": 3, ""proposal"": {""s1"": 10, ""s2"": 10, ""s3"": 10}}, {""proposer_id"": 2, ""proposal"": {""s1"": 20, ""s2"": 10, ""s3"": 0}}, {""proposer_id"": 1, ""proposal"": {""s1"": 10, ""s2"": 10, ""s3"": 10}}], ""1"": [{""proposer_id"": 3, ""proposal"": {""s1"": 0, ""s2"": 15, ""s3"": 15}}, {""proposer_id"": 1, ""proposal"": {""s1"": 10, ""s2"": 10, ""s3"": 10}}, {""proposer_id"": 2, ""proposal"": {""s1"": 10, ""s2"": 10, ""s3"": 10}}], ""2"": [{""proposer_id"": 3, ""proposal"": {""s1"": 12, ""s2"": 11, ""s3"": 7}}, {""proposer_id"": 1, ""proposal"": {""s1"": 10, ""s2"": 10, ""s3"": 10}}, {""proposer_id"": 2, ""proposal"": {""s1"": 10, ""s2"": 10, ""s3"": 10}}]}","{""1"": {""proposer_id"": 3, ""proposal"": {""s1"": 0, ""s2"": 15, ""s3"": 15}}, ""2"": {""proposer_id"": 2, ""proposal"": {""s1"": 10, ""s2"": 10, ""s3"": 10}}, ""3"": {""proposer_id"": 2, ""proposal"": {""s1"": 20, ""s2"": 10, ""s3"": 0}}}",,,,0,0,[],,,,0,1,1,,0.0,,,,1753689796.390238,0,,1,2,0,2,0,0,0,0.0,0.0,0.0,DO-000XKD,0,Voter,,0,0.0,[],0.0,,0,0,0,0,,,,,1,0,,0.0,Voter,,,,,,,,,,,,,,,,,,,,,,,,,,,,,,,,,,,,,,,,,,,,,,,,,,,,,,,,2,0,,,0,1,1,[],0,{},"{""2"": [{""proposer_id"": 2, ""proposal"": {""s1"": 10, ""s2"": 10, ""s3"": 10}}, {""proposer_id"": 3, ""proposal"": {""s1"": 10, ""s2"": 10, ""s3"": 10}}, {""proposer_id"": 1, ""proposal"": {""s1"": 10, ""s2"": 10, ""s3"": 10}}], ""3"": [{""proposer_id"": 2, ""proposal"": {""s1"": 10, ""s2"": 10, ""s3"": 10}}, {""proposer_id"": 1, ""proposal"": {""s1"": 15, ""s2"": 15, ""s3"": 0}}, {""proposer_id"": 3, ""proposal"": {""s1"": 10, ""s2"": 10, ""s3"": 10}}], ""1"": [{""proposer_id"": 3, ""proposal"": {""s1"": 10, ""s2"": 10, ""s3"": 10}}, {""proposer_id"": 1, ""proposal"": {""s1"": 10, ""s2"": 10, ""s3"": 10}}, {""proposer_id"": 2, ""proposal"": {""s1"": -10, ""s2"": -10, ""s3"": -10}}]}","{""2"": {""proposer_id"": 1, ""proposal"": {""s1"": 10, ""s2"": 10, ""s3"": 10}}, ""3"": {""proposer_id"": 2, ""proposal"": {""s1"": 10, ""s2"": 10, ""s3"": 10}}}",,,,0,0,[],,,,0,2,1,,0.0,,,,,0,,,,0,0,,,,,,,,0,Voter,,0,0.0,[],,,0,0,0,0,,,,,0,0,,0.0,Voter,,,,,,,,,,,,,,,,,,,,,,,,,,,,,,,,,,,,,,,,,,,,,,,,,,,,,,,,2,0,,,0,0,0,[],0,{},{},{},,,,0,0,[],,,,0,3
10,6l35kzcm,,0,0,99,,,,0,,,0.0,,0,,,,wc4q37yp,,,,,1,Study001,1.0,experiment,0.0,Pilot1,,[],,,,10,,0.0,,,,,0,,,,0,0,,,,,,,,0,Proposer,,0,0.0,[],,,0,0,0,0,,,,,0,0,,0.0,Voter,,,,,,,,,,,,,,,,,,,,,,,,,,,,,,,,,,,,,,,,,,,,,,,,,,,,,,,,1,0,,,0,0,0,[],0,{},{},{},,,,0,0,[],,,,0,1,10,,0.0,,,,,0,,,,0,0,,,,,,,,0,Proposer,,0,0.0,[],,,0,0,0,0,,,,,0,0,,0.0,Voter,,,,,,,,,,,,,,,,,,,,,,,,,,,,,,,,,,,,,,,,,,,,,,,,,,,,,,,,1,0,,,0,0,0,[],0,{},{},{},,,,0,0,[],,,,0,2,10,,0.0,,,,,0,,,,0,0,,,,,,,,0,Proposer,,0,0.0,[],,,0,0,0,0,,,,,0,0,,0.0,Voter,,,,,,,,,,,,,,,,,,,,,,,,,,,,,,,,,,,,,,,,,,,,,,,,,,,,,,,,1,0,,,0,0,0,[],0,{},{},{},,,,0,0,[],,,,0,3
11,xfxumbj0,,0,0,99,,,,0,,,0.0,,0,,,,wc4q37yp,,,,,1,Study001,1.0,experiment,0.0,Pilot1,,[],,,,11,,0.0,,,,,0,,,,0,0,,,,,,,,0,Voter,,0,0.0,[],,,0,0,0,0,,,,,0,0,,0.0,Voter,,,,,,,,,,,,,,,,,,,,,,,,,,,,,,,,,,,,,,,,,,,,,,,,,,,,,,,,1,0,,,0,0,0,[],0,{},{},{},,,,0,0,[],,,,0,1,11,,0.0,,,,,0,,,,0,0,,,,,,,,0,Voter,,0,0.0,[],,,0,0,0,0,,,,,0,0,,0.0,Voter,,,,,,,,,,,,,,,,,,,,,,,,,,,,,,,,,,,,,,,,,,,,,,,,,,,,,,,,1,0,,,0,0,0,[],0,{},{},{},,,,0,0,[],,,,0,2,11,,0.0,,,,,0,,,,0,0,,,,,,,,0,Voter,,0,0.0,[],,,0,0,0,0,,,,,0,0,,0.0,Voter,,,,,,,,,,,,,,,,,,,,,,,,,,,,,,,,,,,,,,,,,,,,,,,,,,,,,,,,1,0,,,0,0,0,[],0,{},{},{},,,,0,0,[],,,,0,3
12,0p51d64i,,0,0,99,,,,0,,,0.0,,0,,,,wc4q37yp,,,,,1,Study001,1.0,experiment,0.0,Pilot1,,[],,,,12,,0.0,,,,,0,,,,0,0,,,,,,,,0,Voter,,0,0.0,[],,,0,0,0,0,,,,,0,0,,0.0,Voter,,,,,,,,,,,,,,,,,,,,,,,,,,,,,,,,,,,,,,,,,,,,,,,,,,,,,,,,1,0,,,0,0,0,[],0,{},{},{},,,,0,0,[],,,,0,1,12,,0.0,,,,,0,,,,0,0,,,,,,,,0,Voter,,0,0.0,[],,,0,0,0,0,,,,,0,0,,0.0,Voter,,,,,,,,,,,,,,,,,,,,,,,,,,,,,,,,,,,,,,,,,,,,,,,,,,,,,,,,1,0,,,0,0,0,[],0,{},{},{},,,,0,0,[],,,,0,2,12,,0.0,,,,,0,,,,0,0,,,,,,,,0,Voter,,0,0.0,[],,,0,0,0,0,,,,,0,0,,0.0,Voter,,,,,,,,,,,,,,,,,,,,,,,,,,,,,,,,,,,,,,,,,,,,,,,,,,,,,,,,1,0,,,0,0,0,[],0,{},{},{},,,,0,0,[],,,,0,3
13,lrbecyyo,,0,0,99,,,,0,,,0.0,,0,,,,wc4q37yp,,,,,1,Study001,1.0,experiment,0.0,Pilot1,,[],,,,13,,0.0,,,,,0,,,,0,0,,,,,,,,0,Proposer,,0,0.0,[],,,0,0,0,0,,,,,0,0,,0.0,Voter,,,,,,,,,,,,,,,,,,,,,,,,,,,,,,,,,,,,,,,,,,,,,,,,,,,,,,,,1,0,,,0,0,0,[],0,{},{},{},,,,0,0,[],,,,0,1,13,,0.0,,,,,0,,,,0,0,,,,,,,,0,Proposer,,0,0.0,[],,,0,0,0,0,,,,,0,0,,0.0,Voter,,,,,,,,,,,,,,,,,,,,,,,,,,,,,,,,,,,,,,,,,,,,,,,,,,,,,,,,1,0,,,0,0,0,[],0,{},{},{},,,,0,0,[],,,,0,2,13,,0.0,,,,,0,,,,0,0,,,,,,,,0,Proposer,,0,0.0,[],,,0,0,0,0,,,,,0,0,,0.0,Voter,,,,,,,,,,,,,,,,,,,,,,,,,,,,,,,,,,,,,,,,,,,,,,,,,,,,,,,,1,0,,,0,0,0,[],0,{},{},{},,,,0,0,[],,,,0,3
14,alvxpj7p,,0,0,99,,,,0,,,0.0,,0,,,,wc4q37yp,,,,,1,Study001,1.0,experiment,0.0,Pilot1,,[],,,,14,,0.0,,,,,0,,,,0,0,,,,,,,,0,Proposer,,0,0.0,[],,,0,0,0,0,,,,,0,0,,0.0,Voter,,,,,,,,,,,,,,,,,,,,,,,,,,,,,,,,,,,,,,,,,,,,,,,,,,,,,,,,1,0,,,0,0,0,[],0,{},{},{},,,,0,0,[],,,,0,1,14,,0.0,,,,,0,,,,0,0,,,,,,,,0,Proposer,,0,0.0,[],,,0,0,0,0,,,,,0,0,,0.0,Voter,,,,,,,,,,,,,,,,,,,,,,,,,,,,,,,,,,,,,,,,,,,,,,,,,,,,,,,,1,0,,,0,0,0,[],0,{},{},{},,,,0,0,[],,,,0,2,14,,0.0,,,,,0,,,,0,0,,,,,,,,0,Proposer,,0,0.0,[],,,0,0,0,0,,,,,0,0,,0.0,Voter,,,,,,,,,,,,,,,,,,,,,,,,,,,,,,,,,,,,,,,,,,,,,,,,,,,,,,,,1,0,,,0,0,0,[],0,{},{},{},,,,0,0,[],,,,0,3
15,3gs6bjnw,,0,0,99,,,,0,,,0.0,,0,,,,wc4q37yp,,,,,1,Study001,1.0,experiment,0.0,Pilot1,,[],,,,15,,0.0,,,,,0,,,,0,0,,,,,,,,0,Voter,,0,0.0,[],,,0,0,0,0,,,,,0,0,,0.0,Voter,,,,,,,,,,,,,,,,,,,,,,,,,,,,,,,,,,,,,,,,,,,,,,,,,,,,,,,,1,0,,,0,0,0,[],0,{},{},{},,,,0,0,[],,,,0,1,15,,0.0,,,,,0,,,,0,0,,,,,,,,0,Voter,,0,0.0,[],,,0,0,0,0,,,,,0,0,,0.0,Voter,,,,,,,,,,,,,,,,,,,,,,,,,,,,,,,,,,,,,,,,,,,,,,,,,,,,,,,,1,0,,,0,0,0,[],0,{},{},{},,,,0,0,[],,,,0,2,15,,0.0,,,,,0,,,,0,0,,,,,,,,0,Voter,,0,0.0,[],,,0,0,0,0,,,,,0,0,,0.0,Voter,,,,,,,,,,,,,,,,,,,,,,,,,,,,,,,,,,,,,,,,,,,,,,,,,,,,,,,,1,0,,,0,0,0,[],0,{},{},{},,,,0,0,[],,,,0,3
16,rn5an958,,0,0,99,,,,0,,,0.0,,0,,,,wc4q37yp,,,,,1,Study001,1.0,experiment,0.0,Pilot1,,[],,,,16,,0.0,,,,,0,,,,0,0,,,,,,,,0,Proposer,,0,0.0,[],,,0,0,0,0,,,,,0,0,,0.0,Voter,,,,,,,,,,,,,,,,,,,,,,,,,,,,,,,,,,,,,,,,,,,,,,,,,,,,,,,,1,0,,,0,0,0,[],0,{},{},{},,,,0,0,[],,,,0,1,16,,0.0,,,,,0,,,,0,0,,,,,,,,0,Proposer,,0,0.0,[],,,0,0,0,0,,,,,0,0,,0.0,Voter,,,,,,,,,,,,,,,,,,,,,,,,,,,,,,,,,,,,,,,,,,,,,,,,,,,,,,,,1,0,,,0,0,0,[],0,{},{},{},,,,0,0,[],,,,0,2,16,,0.0,,,,,0,,,,0,0,,,,,,,,0,Proposer,,0,0.0,[],,,0,0,0,0,,,,,0,0,,0.0,Voter,,,,,,,,,,,,,,,,,,,,,,,,,,,,,,,,,,,,,,,,,,,,,,,,,,,,,,,,1,0,,,0,0,0,[],0,{},{},{},,,,0,0,[],,,,0,3
17,5na3pfd7,,0,0,99,,,,0,,,0.0,,0,,,,wc4q37yp,,,,,1,Study001,1.0,experiment,0.0,Pilot1,,[],,,,17,,0.0,,,,,0,,,,0,0,,,,,,,,0,Voter,,0,0.0,[],,,0,0,0,0,,,,,0,0,,0.0,Voter,,,,,,,,,,,,,,,,,,,,,,,,,,,,,,,,,,,,,,,,,,,,,,,,,,,,,,,,1,0,,,0,0,0,[],0,{},{},{},,,,0,0,[],,,,0,1,17,,0.0,,,,,0,,,,0,0,,,,,,,,0,Voter,,0,0.0,[],,,0,0,0,0,,,,,0,0,,0.0,Voter,,,,,,,,,,,,,,,,,,,,,,,,,,,,,,,,,,,,,,,,,,,,,,,,,,,,,,,,1,0,,,0,0,0,[],0,{},{},{},,,,0,0,[],,,,0,2,17,,0.0,,,,,0,,,,0,0,,,,,,,,0,Voter,,0,0.0,[],,,0,0,0,0,,,,,0,0,,0.0,Voter,,,,,,,,,,,,,,,,,,,,,,,,,,,,,,,,,,,,,,,,,,,,,,,,,,,,,,,,1,0,,,0,0,0,[],0,{},{},{},,,,0,0,[],,,,0,3
18,59or9qew,,0,0,99,,,,0,,,0.0,,0,,,,wc4q37yp,,,,,1,Study001,1.0,experiment,0.0,Pilot1,,[],,,,18,,0.0,,,,,0,,,,0,0,,,,,,,,0,Voter,,0,0.0,[],,,0,0,0,0,,,,,0,0,,0.0,Voter,,,,,,,,,,,,,,,,,,,,,,,,,,,,,,,,,,,,,,,,,,,,,,,,,,,,,,,,1,0,,,0,0,0,[],0,{},{},{},,,,0,0,[],,,,0,1,18,,0.0,,,,,0,,,,0,0,,,,,,,,0,Voter,,0,0.0,[],,,0,0,0,0,,,,,0,0,,0.0,Voter,,,,,,,,,,,,,,,,,,,,,,,,,,,,,,,,,,,,,,,,,,,,,,,,,,,,,,,,1,0,,,0,0,0,[],0,{},{},{},,,,0,0,[],,,,0,2,18,,0.0,,,,,0,,,,0,0,,,,,,,,0,Voter,,0,0.0,[],,,0,0,0,0,,,,,0,0,,0.0,Voter,,,,,,,,,,,,,,,,,,,,,,,,,,,,,,,,,,,,,,,,,,,,,,,,,,,,,,,,1,0,,,0,0,0,[],0,{},{},{},,,,0,0,[],,,,0,3
19,t6pz7j15,,0,0,99,,,,0,,,0.0,,0,,,,wc4q37yp,,,,,1,Study001,1.0,experiment,0.0,Pilot1,,[],,,,19,,0.0,,,,,0,,,,0,0,,,,,,,,0,Voter,,0,0.0,[],,,0,0,0,0,,,,,0,0,,0.0,Voter,,,,,,,,,,,,,,,,,,,,,,,,,,,,,,,,,,,,,,,,,,,,,,,,,,,,,,,,1,0,,,0,0,0,[],0,{},{},{},,,,0,0,[],,,,0,1,19,,0.0,,,,,0,,,,0,0,,,,,,,,0,Voter,,0,0.0,[],,,0,0,0,0,,,,,0,0,,0.0,Voter,,,,,,,,,,,,,,,,,,,,,,,,,,,,,,,,,,,,,,,,,,,,,,,,,,,,,,,,1,0,,,0,0,0,[],0,{},{},{},,,,0,0,[],,,,0,2,19,,0.0,,,,,0,,,,0,0,,,,,,,,0,Voter,,0,0.0,[],,,0,0,0,0,,,,,0,0,,0.0,Voter,,,,,,,,,,,,,,,,,,,,,,,,,,,,,,,,,,,,,,,,,,,,,,,,,,,,,,,,1,0,,,0,0,0,[],0,{},{},{},,,,0,0,[],,,,0,3
20,capv10us,,0,0,99,,,,0,,,0.0,,0,,,,wc4q37yp,,,,,1,Study001,1.0,experiment,0.0,Pilot1,,[],,,,20,,0.0,,,,,0,,,,0,0,,,,,,,,0,Proposer,,0,0.0,[],,,0,0,0,0,,,,,0,0,,0.0,Voter,,,,,,,,,,,,,,,,,,,,,,,,,,,,,,,,,,,,,,,,,,,,,,,,,,,,,,,,1,0,,,0,0,0,[],0,{},{},{},,,,0,0,[],,,,0,1,20,,0.0,,,,,0,,,,0,0,,,,,,,,0,Proposer,,0,0.0,[],,,0,0,0,0,,,,,0,0,,0.0,Voter,,,,,,,,,,,,,,,,,,,,,,,,,,,,,,,,,,,,,,,,,,,,,,,,,,,,,,,,1,0,,,0,0,0,[],0,{},{},{},,,,0,0,[],,,,0,2,20,,0.0,,,,,0,,,,0,0,,,,,,,,0,Proposer,,0,0.0,[],,,0,0,0,0,,,,,0,0,,0.0,Voter,,,,,,,,,,,,,,,,,,,,,,,,,,,,,,,,,,,,,,,,,,,,,,,,,,,,,,,,1,0,,,0,0,0,[],0,{},{},{},,,,0,0,[],,,,0,3
21,8vyjc3c9,,0,0,99,,,,0,,,0.0,,0,,,,wc4q37yp,,,,,1,Study001,1.0,experiment,0.0,Pilot1,,[],,,,21,,0.0,,,,,0,,,,0,0,,,,,,,,0,Proposer,,0,0.0,[],,,0,0,0,0,,,,,0,0,,0.0,Voter,,,,,,,,,,,,,,,,,,,,,,,,,,,,,,,,,,,,,,,,,,,,,,,,,,,,,,,,1,0,,,0,0,0,[],0,{},{},{},,,,0,0,[],,,,0,1,21,,0.0,,,,,0,,,,0,0,,,,,,,,0,Proposer,,0,0.0,[],,,0,0,0,0,,,,,0,0,,0.0,Voter,,,,,,,,,,,,,,,,,,,,,,,,,,,,,,,,,,,,,,,,,,,,,,,,,,,,,,,,1,0,,,0,0,0,[],0,{},{},{},,,,0,0,[],,,,0,2,21,,0.0,,,,,0,,,,0,0,,,,,,,,0,Proposer,,0,0.0,[],,,0,0,0,0,,,,,0,0,,0.0,Voter,,,,,,,,,,,,,,,,,,,,,,,,,,,,,,,,,,,,,,,,,,,,,,,,,,,,,,,,1,0,,,0,0,0,[],0,{},{},{},,,,0,0,[],,,,0,3
22,zcj6najy,,0,0,99,,,,0,,,0.0,,0,,,,wc4q37yp,,,,,1,Study001,1.0,experiment,0.0,Pilot1,,[],,,,22,,0.0,,,,,0,,,,0,0,,,,,,,,0,Proposer,,0,0.0,[],,,0,0,0,0,,,,,0,0,,0.0,Voter,,,,,,,,,,,,,,,,,,,,,,,,,,,,,,,,,,,,,,,,,,,,,,,,,,,,,,,,1,0,,,0,0,0,[],0,{},{},{},,,,0,0,[],,,,0,1,22,,0.0,,,,,0,,,,0,0,,,,,,,,0,Proposer,,0,0.0,[],,,0,0,0,0,,,,,0,0,,0.0,Voter,,,,,,,,,,,,,,,,,,,,,,,,,,,,,,,,,,,,,,,,,,,,,,,,,,,,,,,,1,0,,,0,0,0,[],0,{},{},{},,,,0,0,[],,,,0,2,22,,0.0,,,,,0,,,,0,0,,,,,,,,0,Proposer,,0,0.0,[],,,0,0,0,0,,,,,0,0,,0.0,Voter,,,,,,,,,,,,,,,,,,,,,,,,,,,,,,,,,,,,,,,,,,,,,,,,,,,,,,,,1,0,,,0,0,0,[],0,{},{},{},,,,0,0,[],,,,0,3
23,te50fz4h,,0,0,99,,,,0,,,0.0,,0,,,,wc4q37yp,,,,,1,Study001,1.0,experiment,0.0,Pilot1,,[],,,,23,,0.0,,,,,0,,,,0,0,,,,,,,,0,Proposer,,0,0.0,[],,,0,0,0,0,,,,,0,0,,0.0,Voter,,,,,,,,,,,,,,,,,,,,,,,,,,,,,,,,,,,,,,,,,,,,,,,,,,,,,,,,1,0,,,0,0,0,[],0,{},{},{},,,,0,0,[],,,,0,1,23,,0.0,,,,,0,,,,0,0,,,,,,,,0,Proposer,,0,0.0,[],,,0,0,0,0,,,,,0,0,,0.0,Voter,,,,,,,,,,,,,,,,,,,,,,,,,,,,,,,,,,,,,,,,,,,,,,,,,,,,,,,,1,0,,,0,0,0,[],0,{},{},{},,,,0,0,[],,,,0,2,23,,0.0,,,,,0,,,,0,0,,,,,,,,0,Proposer,,0,0.0,[],,,0,0,0,0,,,,,0,0,,0.0,Voter,,,,,,,,,,,,,,,,,,,,,,,,,,,,,,,,,,,,,,,,,,,,,,,,,,,,,,,,1,0,,,0,0,0,[],0,{},{},{},,,,0,0,[],,,,0,3
24,t8rvyiyn,,0,0,99,,,,0,,,0.0,,0,,,,wc4q37yp,,,,,1,Study001,1.0,experiment,0.0,Pilot1,,[],,,,24,,0.0,,,,,0,,,,0,0,,,,,,,,0,Proposer,,0,0.0,[],,,0,0,0,0,,,,,0,0,,0.0,Voter,,,,,,,,,,,,,,,,,,,,,,,,,,,,,,,,,,,,,,,,,,,,,,,,,,,,,,,,1,0,,,0,0,0,[],0,{},{},{},,,,0,0,[],,,,0,1,24,,0.0,,,,,0,,,,0,0,,,,,,,,0,Proposer,,0,0.0,[],,,0,0,0,0,,,,,0,0,,0.0,Voter,,,,,,,,,,,,,,,,,,,,,,,,,,,,,,,,,,,,,,,,,,,,,,,,,,,,,,,,1,0,,,0,0,0,[],0,{},{},{},,,,0,0,[],,,,0,2,24,,0.0,,,,,0,,,,0,0,,,,,,,,0,Proposer,,0,0.0,[],,,0,0,0,0,,,,,0,0,,0.0,Voter,,,,,,,,,,,,,,,,,,,,,,,,,,,,,,,,,,,,,,,,,,,,,,,,,,,,,,,,1,0,,,0,0,0,[],0,{},{},{},,,,0,0,[],,,,0,3
25,fp2m3dg3,,0,0,99,,,,0,,,0.0,,0,,,,wc4q37yp,,,,,1,Study001,1.0,experiment,0.0,Pilot1,,[],,,,25,,0.0,,,,,0,,,,0,0,,,,,,,,0,Proposer,,0,0.0,[],,,0,0,0,0,,,,,0,0,,0.0,Voter,,,,,,,,,,,,,,,,,,,,,,,,,,,,,,,,,,,,,,,,,,,,,,,,,,,,,,,,1,0,,,0,0,0,[],0,{},{},{},,,,0,0,[],,,,0,1,25,,0.0,,,,,0,,,,0,0,,,,,,,,0,Proposer,,0,0.0,[],,,0,0,0,0,,,,,0,0,,0.0,Voter,,,,,,,,,,,,,,,,,,,,,,,,,,,,,,,,,,,,,,,,,,,,,,,,,,,,,,,,1,0,,,0,0,0,[],0,{},{},{},,,,0,0,[],,,,0,2,25,,0.0,,,,,0,,,,0,0,,,,,,,,0,Proposer,,0,0.0,[],,,0,0,0,0,,,,,0,0,,0.0,Voter,,,,,,,,,,,,,,,,,,,,,,,,,,,,,,,,,,,,,,,,,,,,,,,,,,,,,,,,1,0,,,0,0,0,[],0,{},{},{},,,,0,0,[],,,,0,3
26,phvz6bpj,,0,0,99,,,,0,,,0.0,,0,,,,wc4q37yp,,,,,1,Study001,1.0,experiment,0.0,Pilot1,,[],,,,26,,0.0,,,,,0,,,,0,0,,,,,,,,0,Proposer,,0,0.0,[],,,0,0,0,0,,,,,0,0,,0.0,Voter,,,,,,,,,,,,,,,,,,,,,,,,,,,,,,,,,,,,,,,,,,,,,,,,,,,,,,,,1,0,,,0,0,0,[],0,{},{},{},,,,0,0,[],,,,0,1,26,,0.0,,,,,0,,,,0,0,,,,,,,,0,Proposer,,0,0.0,[],,,0,0,0,0,,,,,0,0,,0.0,Voter,,,,,,,,,,,,,,,,,,,,,,,,,,,,,,,,,,,,,,,,,,,,,,,,,,,,,,,,1,0,,,0,0,0,[],0,{},{},{},,,,0,0,[],,,,0,2,26,,0.0,,,,,0,,,,0,0,,,,,,,,0,Proposer,,0,0.0,[],,,0,0,0,0,,,,,0,0,,0.0,Voter,,,,,,,,,,,,,,,,,,,,,,,,,,,,,,,,,,,,,,,,,,,,,,,,,,,,,,,,1,0,,,0,0,0,[],0,{},{},{},,,,0,0,[],,,,0,3
27,xq2t1w5z,,0,0,99,,,,0,,,0.0,,0,,,,wc4q37yp,,,,,1,Study001,1.0,experiment,0.0,Pilot1,,[],,,,27,,0.0,,,,,0,,,,0,0,,,,,,,,0,Proposer,,0,0.0,[],,,0,0,0,0,,,,,0,0,,0.0,Voter,,,,,,,,,,,,,,,,,,,,,,,,,,,,,,,,,,,,,,,,,,,,,,,,,,,,,,,,1,0,,,0,0,0,[],0,{},{},{},,,,0,0,[],,,,0,1,27,,0.0,,,,,0,,,,0,0,,,,,,,,0,Proposer,,0,0.0,[],,,0,0,0,0,,,,,0,0,,0.0,Voter,,,,,,,,,,,,,,,,,,,,,,,,,,,,,,,,,,,,,,,,,,,,,,,,,,,,,,,,1,0,,,0,0,0,[],0,{},{},{},,,,0,0,[],,,,0,2,27,,0.0,,,,,0,,,,0,0,,,,,,,,0,Proposer,,0,0.0,[],,,0,0,0,0,,,,,0,0,,0.0,Voter,,,,,,,,,,,,,,,,,,,,,,,,,,,,,,,,,,,,,,,,,,,,,,,,,,,,,,,,1,0,,,0,0,0,[],0,{},{},{},,,,0,0,[],,,,0,3
28,279onte3,,0,83,99,fund_vanishes,SurveyPage,2025-07-28 08:09:25.902589,1,,,0.0,,1,,,,wc4q37yp,,,,,1,Study001,1.0,experiment,0.0,Pilot1,,[],,,,2,,0.0,,,1753690225.752734,1753690294.230119,1,31,2,1,0,0,10,10,10,,,,,0,Voter,,1,10.0,"[{""round"": 1, ""earnings"": 10.0}]",,,0,0,0,0,,,,,0,0,,0.0,Voter,,,,,,,,2,1,2,not sure,,,,,,,,,,,,,,,,,,,,,,,,,,,,,,,,,,,,,,,,,,,,,3,0,,,0,0,0,[],0,{},"{""1"": [{""proposer_id"": 3, ""proposal"": {""s1"": 10, ""s2"": 10, ""s3"": 10}}, {""proposer_id"": 1, ""proposal"": {""s1"": 10, ""s2"": 10, ""s3"": 10}}, {""proposer_id"": 2, ""proposal"": {""s1"": 10, ""s2"": 10, ""s3"": 10}}], ""3"": [{""proposer_id"": 2, ""proposal"": {""s1"": 10, ""s2"": 10, ""s3"": 10}}, {""proposer_id"": 3, ""proposal"": {""s1"": 10, ""s2"": 10, ""s3"": 10}}, {""proposer_id"": 1, ""proposal"": {""s1"": 10, ""s2"": 10, ""s3"": 10}}], ""2"": [{""proposer_id"": 2, ""proposal"": {""s1"": 10, ""s2"": 10, ""s3"": 10}}, {""proposer_id"": 3, ""proposal"": {""s1"": 10, ""s2"": 10, ""s3"": 10}}, {""proposer_id"": 1, ""proposal"": {""s1"": 10, ""s2"": 10, ""s3"": 10}}]}","{""1"": {""proposer_id"": 3, ""proposal"": {""s1"": 10, ""s2"": 10, ""s3"": 10}}, ""2"": {""proposer_id"": 2, ""proposal"": {""s1"": 10, ""s2"": 10, ""s3"": 10}}, ""3"": {""proposer_id"": 1, ""proposal"": {""s1"": 10, ""s2"": 10, ""s3"": 10}}}",,,,3,1,[],,,,0,1,2,,0.0,,,,1753690363.209306,1,,1,2,0,0,10,10,10,,,,,0,Voter,,1,10.0,"[{""round"": 1, ""earnings"": 10.0}, {""round"": 2, ""earnings"": 10.0}]",,,0,0,0,0,,,,,0,0,,0.0,Voter,,,,,,,,,,,,,,,,,,,,,,,,,,,,,,,,,,,,,,,,,,,,,,,,,,,,,,,,3,0,,,0,0,0,[],0,{},"{""1"": [{""proposer_id"": 2, ""proposal"": {""s1"": 10, ""s2"": 10, ""s3"": 10}}, {""proposer_id"": 1, ""proposal"": {""s1"": 10, ""s2"": 10, ""s3"": 10}}, {""proposer_id"": 3, ""proposal"": {""s1"": 10, ""s2"": 10, ""s3"": 10}}], ""2"": [{""proposer_id"": 1, ""proposal"": {""s1"": 10, ""s2"": 10, ""s3"": 10}}, {""proposer_id"": 2, ""proposal"": {""s1"": 10, ""s2"": 10, ""s3"": 10}}, {""proposer_id"": 3, ""proposal"": {""s1"": 10, ""s2"": 10, ""s3"": 10}}], ""3"": [{""proposer_id"": 3, ""proposal"": {""s1"": 15, ""s2"": 15, ""s3"": 0}}, {""proposer_id"": 1, ""proposal"": {""s1"": 15, ""s2"": 15, ""s3"": 0}}, {""proposer_id"": 2, ""proposal"": {""s1"": 15, ""s2"": 15, ""s3"": 0}}]}","{""1"": {""proposer_id"": 2, ""proposal"": {""s1"": 10, ""s2"": 10, ""s3"": 10}}, ""2"": {""proposer_id"": 1, ""proposal"": {""s1"": 10, ""s2"": 10, ""s3"": 10}}, ""3"": {""proposer_id"": 1, ""proposal"": {""s1"": 15, ""s2"": 15, ""s3"": 0}}}",,,,3,1,[],,,,0,2,2,,0.0,,,,1753690437.082325,1,,3,1,0,0,10,10,10,,,,,0,Voter,,1,10.0,"[{""round"": 1, ""earnings"": 10.0}, {""round"": 2, ""earnings"": 10.0}, {""round"": 3, ""earnings"": 10.0}]",,,0,0,0,0,,,,,0,0,,0.0,Voter,,,,,,,,,,,,,,,,,,,,,,,,,,,,,,,,,,,,,,,,,,,,,,,,,,,,,,,,3,0,,,1,0,0,[],0,{},"{""3"": [{""proposer_id"": 1, ""proposal"": {""s1"": 10, ""s2"": 10, ""s3"": 10}}, {""proposer_id"": 2, ""proposal"": {""s1"": 10, ""s2"": 10, ""s3"": 10}}, {""proposer_id"": 3, ""proposal"": {""s1"": 10, ""s2"": 10, ""s3"": 10}}], ""1"": [{""proposer_id"": 2, ""proposal"": {""s1"": 10, ""s2"": 10, ""s3"": 10}}, {""proposer_id"": 3, ""proposal"": {""s1"": 10, ""s2"": 10, ""s3"": 10}}, {""proposer_id"": 1, ""proposal"": {""s1"": 10, ""s2"": 10, ""s3"": 10}}], ""2"": [{""proposer_id"": 1, ""proposal"": {""s1"": 10, ""s2"": 10, ""s3"": 10}}, {""proposer_id"": 3, ""proposal"": {""s1"": 10, ""s2"": 10, ""s3"": 10}}, {""proposer_id"": 2, ""proposal"": {""s1"": 10, ""s2"": 10, ""s3"": 10}}]}","{""1"": {""proposer_id"": 3, ""proposal"": {""s1"": 10, ""s2"": 10, ""s3"": 10}}, ""2"": {""proposer_id"": 3, ""proposal"": {""s1"": 10, ""s2"": 10, ""s3"": 10}}, ""3"": {""proposer_id"": 1, ""proposal"": {""s1"": 10, ""s2"": 10, ""s3"": 10}}}",,,,2,1,[],,,,0,3
29,apamhyzl,,0,83,99,fund_vanishes,SurveyPage,2025-07-28 08:09:23.992277,1,,,0.0,,1,,,,wc4q37yp,,,,,1,Study001,1.0,experiment,0.0,Pilot1,,[],,,,7,,0.0,,,1753690225.721031,1753690294.3498602,1,31,2,3,0,0,10,10,10,,,,,0,Voter,,1,10.0,"[{""round"": 1, ""earnings"": 10.0}]",,,0,0,0,0,,,,,0,0,,0.0,Voter,,,,,,,,2,4,2,not sure,,,,,,,,,,,,,,,,,,,,,,,,,,,,,,,,,,,,,,,,,,,,,3,0,,,0,0,0,[],0,{},"{""1"": [{""proposer_id"": 3, ""proposal"": {""s1"": 10, ""s2"": 10, ""s3"": 10}}, {""proposer_id"": 1, ""proposal"": {""s1"": 10, ""s2"": 10, ""s3"": 10}}, {""proposer_id"": 2, ""proposal"": {""s1"": 10, ""s2"": 10, ""s3"": 10}}], ""3"": [{""proposer_id"": 2, ""proposal"": {""s1"": 10, ""s2"": 10, ""s3"": 10}}, {""proposer_id"": 3, ""proposal"": {""s1"": 10, ""s2"": 10, ""s3"": 10}}, {""proposer_id"": 1, ""proposal"": {""s1"": 10, ""s2"": 10, ""s3"": 10}}], ""2"": [{""proposer_id"": 2, ""proposal"": {""s1"": 10, ""s2"": 10, ""s3"": 10}}, {""proposer_id"": 3, ""proposal"": {""s1"": 10, ""s2"": 10, ""s3"": 10}}, {""proposer_id"": 1, ""proposal"": {""s1"": 10, ""s2"": 10, ""s3"": 10}}]}","{""1"": {""proposer_id"": 3, ""proposal"": {""s1"": 10, ""s2"": 10, ""s3"": 10}}, ""2"": {""proposer_id"": 2, ""proposal"": {""s1"": 10, ""s2"": 10, ""s3"": 10}}, ""3"": {""proposer_id"": 1, ""proposal"": {""s1"": 10, ""s2"": 10, ""s3"": 10}}}",,,,3,1,[],,,,0,1,7,,0.0,,,,1753690363.2699971,1,,2,1,0,0,10,10,10,,,,,0,Voter,,1,10.0,"[{""round"": 1, ""earnings"": 10.0}, {""round"": 2, ""earnings"": 10.0}]",,,0,0,0,0,,,,,0,0,,0.0,Voter,,,,,,,,,,,,,,,,,,,,,,,,,,,,,,,,,,,,,,,,,,,,,,,,,,,,,,,,3,0,,,0,0,0,[],0,{},"{""1"": [{""proposer_id"": 2, ""proposal"": {""s1"": 10, ""s2"": 10, ""s3"": 10}}, {""proposer_id"": 1, ""proposal"": {""s1"": 10, ""s2"": 10, ""s3"": 10}}, {""proposer_id"": 3, ""proposal"": {""s1"": 10, ""s2"": 10, ""s3"": 10}}], ""2"": [{""proposer_id"": 1, ""proposal"": {""s1"": 10, ""s2"": 10, ""s3"": 10}}, {""proposer_id"": 2, ""proposal"": {""s1"": 10, ""s2"": 10, ""s3"": 10}}, {""proposer_id"": 3, ""proposal"": {""s1"": 10, ""s2"": 10, ""s3"": 10}}], ""3"": [{""proposer_id"": 3, ""proposal"": {""s1"": 15, ""s2"": 15, ""s3"": 0}}, {""proposer_id"": 1, ""proposal"": {""s1"": 15, ""s2"": 15, ""s3"": 0}}, {""proposer_id"": 2, ""proposal"": {""s1"": 15, ""s2"": 15, ""s3"": 0}}]}","{""1"": {""proposer_id"": 2, ""proposal"": {""s1"": 10, ""s2"": 10, ""s3"": 10}}, ""2"": {""proposer_id"": 1, ""proposal"": {""s1"": 10, ""s2"": 10, ""s3"": 10}}, ""3"": {""proposer_id"": 1, ""proposal"": {""s1"": 15, ""s2"": 15, ""s3"": 0}}}",,,,3,1,[],,,,0,2,7,,0.0,,,,1753690437.100458,1,,1,2,0,0,10,10,10,,,,,0,Voter,,0,10.0,"[{""round"": 1, ""earnings"": 10.0}, {""round"": 2, ""earnings"": 10.0}, {""round"": 3, ""earnings"": 10.0}]",,,0,0,0,0,,,,,0,0,,0.0,Voter,,,,,,,,,,,,,,,,,,,,,,,,,,,,,,,,,,,,,,,,,,,,,,,,,,,,,,,,3,0,,,1,0,0,[],0,{},"{""3"": [{""proposer_id"": 1, ""proposal"": {""s1"": 10, ""s2"": 10, ""s3"": 10}}, {""proposer_id"": 2, ""proposal"": {""s1"": 10, ""s2"": 10, ""s3"": 10}}, {""proposer_id"": 3, ""proposal"": {""s1"": 10, ""s2"": 10, ""s3"": 10}}], ""1"": [{""proposer_id"": 2, ""proposal"": {""s1"": 10, ""s2"": 10, ""s3"": 10}}, {""proposer_id"": 3, ""proposal"": {""s1"": 10, ""s2"": 10, ""s3"": 10}}, {""proposer_id"": 1, ""proposal"": {""s1"": 10, ""s2"": 10, ""s3"": 10}}], ""2"": [{""proposer_id"": 1, ""proposal"": {""s1"": 10, ""s2"": 10, ""s3"": 10}}, {""proposer_id"": 3, ""proposal"": {""s1"": 10, ""s2"": 10, ""s3"": 10}}, {""proposer_id"": 2, ""proposal"": {""s1"": 10, ""s2"": 10, ""s3"": 10}}]}","{""1"": {""proposer_id"": 3, ""proposal"": {""s1"": 10, ""s2"": 10, ""s3"": 10}}, ""2"": {""proposer_id"": 3, ""proposal"": {""s1"": 10, ""s2"": 10, ""s3"": 10}}, ""3"": {""proposer_id"": 1, ""proposal"": {""s1"": 10, ""s2"": 10, ""s3"": 10}}}",,,,2,1,[],,,,0,3
30,x18zl9k6,,0,83,99,fund_vanishes,SurveyPage,2025-07-28 08:09:22.146369,1,,,0.0,,1,,,,wc4q37yp,,,,,1,Study001,1.0,experiment,0.0,Pilot1,,[],,,,9,,0.0,,,1753690225.7414389,1753690294.268429,1,31,3,1,0,0,10,10,10,,,,,0,Voter,,1,10.0,"[{""round"": 1, ""earnings"": 10.0}]",,,0,0,0,0,,,,,0,0,,0.0,Voter,,,,,,,,3,2,5,not sure,,,,,,,,,,,,,,,,,,,,,,,,,,,,,,,,,,,,,,,,,,,,,3,0,,,0,0,0,[],0,{},"{""1"": [{""proposer_id"": 3, ""proposal"": {""s1"": 10, ""s2"": 10, ""s3"": 10}}, {""proposer_id"": 1, ""proposal"": {""s1"": 10, ""s2"": 10, ""s3"": 10}}, {""proposer_id"": 2, ""proposal"": {""s1"": 10, ""s2"": 10, ""s3"": 10}}], ""3"": [{""proposer_id"": 2, ""proposal"": {""s1"": 10, ""s2"": 10, ""s3"": 10}}, {""proposer_id"": 3, ""proposal"": {""s1"": 10, ""s2"": 10, ""s3"": 10}}, {""proposer_id"": 1, ""proposal"": {""s1"": 10, ""s2"": 10, ""s3"": 10}}], ""2"": [{""proposer_id"": 2, ""proposal"": {""s1"": 10, ""s2"": 10, ""s3"": 10}}, {""proposer_id"": 3, ""proposal"": {""s1"": 10, ""s2"": 10, ""s3"": 10}}, {""proposer_id"": 1, ""proposal"": {""s1"": 10, ""s2"": 10, ""s3"": 10}}]}","{""1"": {""proposer_id"": 3, ""proposal"": {""s1"": 10, ""s2"": 10, ""s3"": 10}}, ""2"": {""proposer_id"": 2, ""proposal"": {""s1"": 10, ""s2"": 10, ""s3"": 10}}, ""3"": {""proposer_id"": 1, ""proposal"": {""s1"": 10, ""s2"": 10, ""s3"": 10}}}",,,,3,1,[],,,,0,1,9,,0.0,,,,1753690363.2442722,1,,2,3,0,0,10,10,10,,,,,0,Voter,,0,10.0,"[{""round"": 1, ""earnings"": 10.0}, {""round"": 2, ""earnings"": 10.0}]",,,0,0,0,0,,,,,0,0,,0.0,Voter,,,,,,,,,,,,,,,,,,,,,,,,,,,,,,,,,,,,,,,,,,,,,,,,,,,,,,,,3,0,,,0,0,0,[],0,{},"{""1"": [{""proposer_id"": 2, ""proposal"": {""s1"": 10, ""s2"": 10, ""s3"": 10}}, {""proposer_id"": 1, ""proposal"": {""s1"": 10, ""s2"": 10, ""s3"": 10}}, {""proposer_id"": 3, ""proposal"": {""s1"": 10, ""s2"": 10, ""s3"": 10}}], ""2"": [{""proposer_id"": 1, ""proposal"": {""s1"": 10, ""s2"": 10, ""s3"": 10}}, {""proposer_id"": 2, ""proposal"": {""s1"": 10, ""s2"": 10, ""s3"": 10}}, {""proposer_id"": 3, ""proposal"": {""s1"": 10, ""s2"": 10, ""s3"": 10}}], ""3"": [{""proposer_id"": 3, ""proposal"": {""s1"": 15, ""s2"": 15, ""s3"": 0}}, {""proposer_id"": 1, ""proposal"": {""s1"": 15, ""s2"": 15, ""s3"": 0}}, {""proposer_id"": 2, ""proposal"": {""s1"": 15, ""s2"": 15, ""s3"": 0}}]}","{""1"": {""proposer_id"": 2, ""proposal"": {""s1"": 10, ""s2"": 10, ""s3"": 10}}, ""2"": {""proposer_id"": 1, ""proposal"": {""s1"": 10, ""s2"": 10, ""s3"": 10}}, ""3"": {""proposer_id"": 1, ""proposal"": {""s1"": 15, ""s2"": 15, ""s3"": 0}}}",,,,3,1,[],,,,0,2,9,,0.0,,,,1753690437.17869,1,,2,1,0,0,10,10,10,,,,,0,Voter,,1,10.0,"[{""round"": 1, ""earnings"": 10.0}, {""round"": 2, ""earnings"": 10.0}, {""round"": 3, ""earnings"": 10.0}]",,,0,0,0,0,,,,,0,0,,0.0,Voter,,,,,,,,,,,,,,,,,,,,,,,,,,,,,,,,,,,,,,,,,,,,,,,,,,,,,,,,3,0,,,1,0,0,[],0,{},"{""3"": [{""proposer_id"": 1, ""proposal"": {""s1"": 10, ""s2"": 10, ""s3"": 10}}, {""proposer_id"": 2, ""proposal"": {""s1"": 10, ""s2"": 10, ""s3"": 10}}, {""proposer_id"": 3, ""proposal"": {""s1"": 10, ""s2"": 10, ""s3"": 10}}], ""1"": [{""proposer_id"": 2, ""proposal"": {""s1"": 10, ""s2"": 10, ""s3"": 10}}, {""proposer_id"": 3, ""proposal"": {""s1"": 10, ""s2"": 10, ""s3"": 10}}, {""proposer_id"": 1, ""proposal"": {""s1"": 10, ""s2"": 10, ""s3"": 10}}], ""2"": [{""proposer_id"": 1, ""proposal"": {""s1"": 10, ""s2"": 10, ""s3"": 10}}, {""proposer_id"": 3, ""proposal"": {""s1"": 10, ""s2"": 10, ""s3"": 10}}, {""proposer_id"": 2, ""proposal"": {""s1"": 10, ""s2"": 10, ""s3"": 10}}]}","{""1"": {""proposer_id"": 3, ""proposal"": {""s1"": 10, ""s2"": 10, ""s3"": 10}}, ""2"": {""proposer_id"": 3, ""proposal"": {""s1"": 10, ""s2"": 10, ""s3"": 10}}, ""3"": {""proposer_id"": 1, ""proposal"": {""s1"": 10, ""s2"": 10, ""s3"": 10}}}",,,,2,1,[],,,,0,3
31,a6qleakj,,0,83,99,fund_vanishes,SurveyPage,2025-07-28 08:09:20.342148,1,,,0.0,,1,,,,wc4q37yp,,,,,1,Study001,1.0,experiment,0.0,Pilot1,,[],,,,1,,0.0,,,1753690225.729218,1753690294.423858,1,31,3,3,0,0,10,10,10,,,,,0,Proposer,,0,10.0,"[{""round"": 1, ""earnings"": 10.0}]",,,0,0,0,0,,,,,0,0,,0.0,Voter,,,,,,,,3,1,4,not sure,,,,,,,,,,,,,,,,,,,,,,,,,,,,,,,,,,,,,,,,,,,,,3,0,,,0,0,0,[],0,{},"{""1"": [{""proposer_id"": 3, ""proposal"": {""s1"": 10, ""s2"": 10, ""s3"": 10}}, {""proposer_id"": 1, ""proposal"": {""s1"": 10, ""s2"": 10, ""s3"": 10}}, {""proposer_id"": 2, ""proposal"": {""s1"": 10, ""s2"": 10, ""s3"": 10}}], ""3"": [{""proposer_id"": 2, ""proposal"": {""s1"": 10, ""s2"": 10, ""s3"": 10}}, {""proposer_id"": 3, ""proposal"": {""s1"": 10, ""s2"": 10, ""s3"": 10}}, {""proposer_id"": 1, ""proposal"": {""s1"": 10, ""s2"": 10, ""s3"": 10}}], ""2"": [{""proposer_id"": 2, ""proposal"": {""s1"": 10, ""s2"": 10, ""s3"": 10}}, {""proposer_id"": 3, ""proposal"": {""s1"": 10, ""s2"": 10, ""s3"": 10}}, {""proposer_id"": 1, ""proposal"": {""s1"": 10, ""s2"": 10, ""s3"": 10}}]}","{""1"": {""proposer_id"": 3, ""proposal"": {""s1"": 10, ""s2"": 10, ""s3"": 10}}, ""2"": {""proposer_id"": 2, ""proposal"": {""s1"": 10, ""s2"": 10, ""s3"": 10}}, ""3"": {""proposer_id"": 1, ""proposal"": {""s1"": 10, ""s2"": 10, ""s3"": 10}}}",,,,3,1,[],,,,0,1,1,,0.0,,,,1753690363.426899,1,,2,2,0,0,10,10,10,,,,,0,Proposer,,1,10.0,"[{""round"": 1, ""earnings"": 10.0}, {""round"": 2, ""earnings"": 10.0}]",,,0,0,0,0,,,,,0,0,,0.0,Voter,,,,,,,,,,,,,,,,,,,,,,,,,,,,,,,,,,,,,,,,,,,,,,,,,,,,,,,,3,0,,,0,0,0,[],0,{},"{""1"": [{""proposer_id"": 2, ""proposal"": {""s1"": 10, ""s2"": 10, ""s3"": 10}}, {""proposer_id"": 1, ""proposal"": {""s1"": 10, ""s2"": 10, ""s3"": 10}}, {""proposer_id"": 3, ""proposal"": {""s1"": 10, ""s2"": 10, ""s3"": 10}}], ""2"": [{""proposer_id"": 1, ""proposal"": {""s1"": 10, ""s2"": 10, ""s3"": 10}}, {""proposer_id"": 2, ""proposal"": {""s1"": 10, ""s2"": 10, ""s3"": 10}}, {""proposer_id"": 3, ""proposal"": {""s1"": 10, ""s2"": 10, ""s3"": 10}}], ""3"": [{""proposer_id"": 3, ""proposal"": {""s1"": 15, ""s2"": 15, ""s3"": 0}}, {""proposer_id"": 1, ""proposal"": {""s1"": 15, ""s2"": 15, ""s3"": 0}}, {""proposer_id"": 2, ""proposal"": {""s1"": 15, ""s2"": 15, ""s3"": 0}}]}","{""1"": {""proposer_id"": 2, ""proposal"": {""s1"": 10, ""s2"": 10, ""s3"": 10}}, ""2"": {""proposer_id"": 1, ""proposal"": {""s1"": 10, ""s2"": 10, ""s3"": 10}}, ""3"": {""proposer_id"": 1, ""proposal"": {""s1"": 15, ""s2"": 15, ""s3"": 0}}}",,,,3,1,[],,,,0,2,1,,0.0,,,,1753690437.4567628,1,,3,2,0,0,10,10,10,,,,,0,Proposer,,1,10.0,"[{""round"": 1, ""earnings"": 10.0}, {""round"": 2, ""earnings"": 10.0}, {""round"": 3, ""earnings"": 10.0}]",,,0,0,0,0,,,,,0,0,,0.0,Voter,,,,,,,,,,,,,,,,,,,,,,,,,,,,,,,,,,,,,,,,,,,,,,,,,,,,,,,,3,0,,,1,0,0,[],0,{},"{""3"": [{""proposer_id"": 1, ""proposal"": {""s1"": 10, ""s2"": 10, ""s3"": 10}}, {""proposer_id"": 2, ""proposal"": {""s1"": 10, ""s2"": 10, ""s3"": 10}}, {""proposer_id"": 3, ""proposal"": {""s1"": 10, ""s2"": 10, ""s3"": 10}}], ""1"": [{""proposer_id"": 2, ""proposal"": {""s1"": 10, ""s2"": 10, ""s3"": 10}}, {""proposer_id"": 3, ""proposal"": {""s1"": 10, ""s2"": 10, ""s3"": 10}}, {""proposer_id"": 1, ""proposal"": {""s1"": 10, ""s2"": 10, ""s3"": 10}}], ""2"": [{""proposer_id"": 1, ""proposal"": {""s1"": 10, ""s2"": 10, ""s3"": 10}}, {""proposer_id"": 3, ""proposal"": {""s1"": 10, ""s2"": 10, ""s3"": 10}}, {""proposer_id"": 2, ""proposal"": {""s1"": 10, ""s2"": 10, ""s3"": 10}}]}","{""1"": {""proposer_id"": 3, ""proposal"": {""s1"": 10, ""s2"": 10, ""s3"": 10}}, ""2"": {""proposer_id"": 3, ""proposal"": {""s1"": 10, ""s2"": 10, ""s3"": 10}}, ""3"": {""proposer_id"": 1, ""proposal"": {""s1"": 10, ""s2"": 10, ""s3"": 10}}}",,,,2,1,[],,,,0,3
32,y5objx1b,,0,83,99,fund_vanishes,SurveyPage,2025-07-28 08:09:18.227728,1,,,0.0,,1,,,,wc4q37yp,,,,,1,Study001,1.0,experiment,0.0,Pilot1,,[],,,,3,,0.0,,,1753690225.735784,1753690294.297021,1,31,2,2,0,0,10,10,10,,,,,0,Voter,,1,10.0,"[{""round"": 1, ""earnings"": 10.0}]",,,0,0,0,0,,,,,0,0,,0.0,Voter,,,,,,,,4,2,2,not sure,,,,,,,,,,,,,,,,,,,,,,,,,,,,,,,,,,,,,,,,,,,,,3,0,,,0,0,0,[],0,{},"{""1"": [{""proposer_id"": 3, ""proposal"": {""s1"": 10, ""s2"": 10, ""s3"": 10}}, {""proposer_id"": 1, ""proposal"": {""s1"": 10, ""s2"": 10, ""s3"": 10}}, {""proposer_id"": 2, ""proposal"": {""s1"": 10, ""s2"": 10, ""s3"": 10}}], ""3"": [{""proposer_id"": 2, ""proposal"": {""s1"": 10, ""s2"": 10, ""s3"": 10}}, {""proposer_id"": 3, ""proposal"": {""s1"": 10, ""s2"": 10, ""s3"": 10}}, {""proposer_id"": 1, ""proposal"": {""s1"": 10, ""s2"": 10, ""s3"": 10}}], ""2"": [{""proposer_id"": 2, ""proposal"": {""s1"": 10, ""s2"": 10, ""s3"": 10}}, {""proposer_id"": 3, ""proposal"": {""s1"": 10, ""s2"": 10, ""s3"": 10}}, {""proposer_id"": 1, ""proposal"": {""s1"": 10, ""s2"": 10, ""s3"": 10}}]}","{""1"": {""proposer_id"": 3, ""proposal"": {""s1"": 10, ""s2"": 10, ""s3"": 10}}, ""2"": {""proposer_id"": 2, ""proposal"": {""s1"": 10, ""s2"": 10, ""s3"": 10}}, ""3"": {""proposer_id"": 1, ""proposal"": {""s1"": 10, ""s2"": 10, ""s3"": 10}}}",,,,3,1,[],,,,0,1,3,,0.0,,,,1753690363.373285,1,,1,1,0,0,10,10,10,,,,,0,Voter,,1,10.0,"[{""round"": 1, ""earnings"": 10.0}, {""round"": 2, ""earnings"": 10.0}]",,,0,0,0,0,,,,,0,0,,0.0,Voter,,,,,,,,,,,,,,,,,,,,,,,,,,,,,,,,,,,,,,,,,,,,,,,,,,,,,,,,3,0,,,0,0,0,[],0,{},"{""1"": [{""proposer_id"": 2, ""proposal"": {""s1"": 10, ""s2"": 10, ""s3"": 10}}, {""proposer_id"": 1, ""proposal"": {""s1"": 10, ""s2"": 10, ""s3"": 10}}, {""proposer_id"": 3, ""proposal"": {""s1"": 10, ""s2"": 10, ""s3"": 10}}], ""2"": [{""proposer_id"": 1, ""proposal"": {""s1"": 10, ""s2"": 10, ""s3"": 10}}, {""proposer_id"": 2, ""proposal"": {""s1"": 10, ""s2"": 10, ""s3"": 10}}, {""proposer_id"": 3, ""proposal"": {""s1"": 10, ""s2"": 10, ""s3"": 10}}], ""3"": [{""proposer_id"": 3, ""proposal"": {""s1"": 15, ""s2"": 15, ""s3"": 0}}, {""proposer_id"": 1, ""proposal"": {""s1"": 15, ""s2"": 15, ""s3"": 0}}, {""proposer_id"": 2, ""proposal"": {""s1"": 15, ""s2"": 15, ""s3"": 0}}]}","{""1"": {""proposer_id"": 2, ""proposal"": {""s1"": 10, ""s2"": 10, ""s3"": 10}}, ""2"": {""proposer_id"": 1, ""proposal"": {""s1"": 10, ""s2"": 10, ""s3"": 10}}, ""3"": {""proposer_id"": 1, ""proposal"": {""s1"": 15, ""s2"": 15, ""s3"": 0}}}",,,,3,1,[],,,,0,2,3,,0.0,,,,1753690437.5419588,1,,1,3,0,0,10,10,10,,,,,0,Voter,,1,10.0,"[{""round"": 1, ""earnings"": 10.0}, {""round"": 2, ""earnings"": 10.0}, {""round"": 3, ""earnings"": 10.0}]",,,0,0,0,0,,,,,0,0,,0.0,Voter,,,,,,,,,,,,,,,,,,,,,,,,,,,,,,,,,,,,,,,,,,,,,,,,,,,,,,,,3,0,,,1,0,0,[],0,{},"{""3"": [{""proposer_id"": 1, ""proposal"": {""s1"": 10, ""s2"": 10, ""s3"": 10}}, {""proposer_id"": 2, ""proposal"": {""s1"": 10, ""s2"": 10, ""s3"": 10}}, {""proposer_id"": 3, ""proposal"": {""s1"": 10, ""s2"": 10, ""s3"": 10}}], ""1"": [{""proposer_id"": 2, ""proposal"": {""s1"": 10, ""s2"": 10, ""s3"": 10}}, {""proposer_id"": 3, ""proposal"": {""s1"": 10, ""s2"": 10, ""s3"": 10}}, {""proposer_id"": 1, ""proposal"": {""s1"": 10, ""s2"": 10, ""s3"": 10}}], ""2"": [{""proposer_id"": 1, ""proposal"": {""s1"": 10, ""s2"": 10, ""s3"": 10}}, {""proposer_id"": 3, ""proposal"": {""s1"": 10, ""s2"": 10, ""s3"": 10}}, {""proposer_id"": 2, ""proposal"": {""s1"": 10, ""s2"": 10, ""s3"": 10}}]}","{""1"": {""proposer_id"": 3, ""proposal"": {""s1"": 10, ""s2"": 10, ""s3"": 10}}, ""2"": {""proposer_id"": 3, ""proposal"": {""s1"": 10, ""s2"": 10, ""s3"": 10}}, ""3"": {""proposer_id"": 1, ""proposal"": {""s1"": 10, ""s2"": 10, ""s3"": 10}}}",,,,2,1,[],,,,0,3
33,orca5ik6,,0,83,99,fund_vanishes,SurveyPage,2025-07-28 08:09:16.056376,1,,,0.0,,1,,,,wc4q37yp,,,,,1,Study001,1.0,experiment,0.0,Pilot1,,[],,,,4,,0.0,,,1753690225.747066,1753690294.44817,1,31,1,2,0,0,10,10,10,,,,,0,Proposer,,1,10.0,"[{""round"": 1, ""earnings"": 10.0}]",,,0,0,0,0,,,,,0,0,,0.0,Voter,,,,,,,,3,6,4,not sure,,,,,,,,,,,,,,,,,,,,,,,,,,,,,,,,,,,,,,,,,,,,,3,0,,,0,0,0,[],0,{},"{""1"": [{""proposer_id"": 3, ""proposal"": {""s1"": 10, ""s2"": 10, ""s3"": 10}}, {""proposer_id"": 1, ""proposal"": {""s1"": 10, ""s2"": 10, ""s3"": 10}}, {""proposer_id"": 2, ""proposal"": {""s1"": 10, ""s2"": 10, ""s3"": 10}}], ""3"": [{""proposer_id"": 2, ""proposal"": {""s1"": 10, ""s2"": 10, ""s3"": 10}}, {""proposer_id"": 3, ""proposal"": {""s1"": 10, ""s2"": 10, ""s3"": 10}}, {""proposer_id"": 1, ""proposal"": {""s1"": 10, ""s2"": 10, ""s3"": 10}}], ""2"": [{""proposer_id"": 2, ""proposal"": {""s1"": 10, ""s2"": 10, ""s3"": 10}}, {""proposer_id"": 3, ""proposal"": {""s1"": 10, ""s2"": 10, ""s3"": 10}}, {""proposer_id"": 1, ""proposal"": {""s1"": 10, ""s2"": 10, ""s3"": 10}}]}","{""1"": {""proposer_id"": 3, ""proposal"": {""s1"": 10, ""s2"": 10, ""s3"": 10}}, ""2"": {""proposer_id"": 2, ""proposal"": {""s1"": 10, ""s2"": 10, ""s3"": 10}}, ""3"": {""proposer_id"": 1, ""proposal"": {""s1"": 10, ""s2"": 10, ""s3"": 10}}}",,,,3,1,[],,,,0,1,4,,0.0,,,,1753690363.399868,1,,1,3,0,0,10,10,10,,,,,0,Proposer,,1,10.0,"[{""round"": 1, ""earnings"": 10.0}, {""round"": 2, ""earnings"": 10.0}]",,,0,0,0,0,,,,,0,0,,0.0,Voter,,,,,,,,,,,,,,,,,,,,,,,,,,,,,,,,,,,,,,,,,,,,,,,,,,,,,,,,3,0,,,0,0,0,[],0,{},"{""1"": [{""proposer_id"": 2, ""proposal"": {""s1"": 10, ""s2"": 10, ""s3"": 10}}, {""proposer_id"": 1, ""proposal"": {""s1"": 10, ""s2"": 10, ""s3"": 10}}, {""proposer_id"": 3, ""proposal"": {""s1"": 10, ""s2"": 10, ""s3"": 10}}], ""2"": [{""proposer_id"": 1, ""proposal"": {""s1"": 10, ""s2"": 10, ""s3"": 10}}, {""proposer_id"": 2, ""proposal"": {""s1"": 10, ""s2"": 10, ""s3"": 10}}, {""proposer_id"": 3, ""proposal"": {""s1"": 10, ""s2"": 10, ""s3"": 10}}], ""3"": [{""proposer_id"": 3, ""proposal"": {""s1"": 15, ""s2"": 15, ""s3"": 0}}, {""proposer_id"": 1, ""proposal"": {""s1"": 15, ""s2"": 15, ""s3"": 0}}, {""proposer_id"": 2, ""proposal"": {""s1"": 15, ""s2"": 15, ""s3"": 0}}]}","{""1"": {""proposer_id"": 2, ""proposal"": {""s1"": 10, ""s2"": 10, ""s3"": 10}}, ""2"": {""proposer_id"": 1, ""proposal"": {""s1"": 10, ""s2"": 10, ""s3"": 10}}, ""3"": {""proposer_id"": 1, ""proposal"": {""s1"": 15, ""s2"": 15, ""s3"": 0}}}",,,,3,1,[],,,,0,2,4,,0.0,,,,1753690437.397824,1,,2,3,0,0,10,10,10,,,,,0,Proposer,,0,10.0,"[{""round"": 1, ""earnings"": 10.0}, {""round"": 2, ""earnings"": 10.0}, {""round"": 3, ""earnings"": 10.0}]",,,0,0,0,0,,,,,0,0,,0.0,Voter,,,,,,,,,,,,,,,,,,,,,,,,,,,,,,,,,,,,,,,,,,,,,,,,,,,,,,,,3,0,,,1,0,0,[],0,{},"{""3"": [{""proposer_id"": 1, ""proposal"": {""s1"": 10, ""s2"": 10, ""s3"": 10}}, {""proposer_id"": 2, ""proposal"": {""s1"": 10, ""s2"": 10, ""s3"": 10}}, {""proposer_id"": 3, ""proposal"": {""s1"": 10, ""s2"": 10, ""s3"": 10}}], ""1"": [{""proposer_id"": 2, ""proposal"": {""s1"": 10, ""s2"": 10, ""s3"": 10}}, {""proposer_id"": 3, ""proposal"": {""s1"": 10, ""s2"": 10, ""s3"": 10}}, {""proposer_id"": 1, ""proposal"": {""s1"": 10, ""s2"": 10, ""s3"": 10}}], ""2"": [{""proposer_id"": 1, ""proposal"": {""s1"": 10, ""s2"": 10, ""s3"": 10}}, {""proposer_id"": 3, ""proposal"": {""s1"": 10, ""s2"": 10, ""s3"": 10}}, {""proposer_id"": 2, ""proposal"": {""s1"": 10, ""s2"": 10, ""s3"": 10}}]}","{""1"": {""proposer_id"": 3, ""proposal"": {""s1"": 10, ""s2"": 10, ""s3"": 10}}, ""2"": {""proposer_id"": 3, ""proposal"": {""s1"": 10, ""s2"": 10, ""s3"": 10}}, ""3"": {""proposer_id"": 1, ""proposal"": {""s1"": 10, ""s2"": 10, ""s3"": 10}}}",,,,2,1,[],,,,0,3
34,k68m0me7,,0,83,99,fund_vanishes,SurveyPage,2025-07-28 08:09:14.286590,1,,,0.0,,1,,,,wc4q37yp,,,,,1,Study001,1.0,experiment,0.0,Pilot1,,[],,,,5,,0.0,,,1753690225.713002,1753690294.322618,1,31,1,1,0,0,10,10,10,,,,,0,Voter,,1,10.0,"[{""round"": 1, ""earnings"": 10.0}]",,,0,0,0,0,,,,,0,0,,0.0,Voter,,,,,,,,4,4,4,not sure,,,,,,,,,,,,,,,,,,,,,,,,,,,,,,,,,,,,,,,,,,,,,3,0,,,0,0,0,[],0,{},"{""1"": [{""proposer_id"": 3, ""proposal"": {""s1"": 10, ""s2"": 10, ""s3"": 10}}, {""proposer_id"": 1, ""proposal"": {""s1"": 10, ""s2"": 10, ""s3"": 10}}, {""proposer_id"": 2, ""proposal"": {""s1"": 10, ""s2"": 10, ""s3"": 10}}], ""3"": [{""proposer_id"": 2, ""proposal"": {""s1"": 10, ""s2"": 10, ""s3"": 10}}, {""proposer_id"": 3, ""proposal"": {""s1"": 10, ""s2"": 10, ""s3"": 10}}, {""proposer_id"": 1, ""proposal"": {""s1"": 10, ""s2"": 10, ""s3"": 10}}], ""2"": [{""proposer_id"": 2, ""proposal"": {""s1"": 10, ""s2"": 10, ""s3"": 10}}, {""proposer_id"": 3, ""proposal"": {""s1"": 10, ""s2"": 10, ""s3"": 10}}, {""proposer_id"": 1, ""proposal"": {""s1"": 10, ""s2"": 10, ""s3"": 10}}]}","{""1"": {""proposer_id"": 3, ""proposal"": {""s1"": 10, ""s2"": 10, ""s3"": 10}}, ""2"": {""proposer_id"": 2, ""proposal"": {""s1"": 10, ""s2"": 10, ""s3"": 10}}, ""3"": {""proposer_id"": 1, ""proposal"": {""s1"": 10, ""s2"": 10, ""s3"": 10}}}",,,,3,1,[],,,,0,1,5,,0.0,,,,1753690363.34833,1,,3,3,0,0,15,15,0,,,,,0,Voter,,1,0.0,"[{""round"": 1, ""earnings"": 10.0}, {""round"": 2, ""earnings"": 0.0}]",,,0,0,0,0,,,,,0,0,,0.0,Voter,,,,,,,,,,,,,,,,,,,,,,,,,,,,,,,,,,,,,,,,,,,,,,,,,,,,,,,,3,0,,,0,0,0,[],0,{},"{""1"": [{""proposer_id"": 2, ""proposal"": {""s1"": 10, ""s2"": 10, ""s3"": 10}}, {""proposer_id"": 1, ""proposal"": {""s1"": 10, ""s2"": 10, ""s3"": 10}}, {""proposer_id"": 3, ""proposal"": {""s1"": 10, ""s2"": 10, ""s3"": 10}}], ""2"": [{""proposer_id"": 1, ""proposal"": {""s1"": 10, ""s2"": 10, ""s3"": 10}}, {""proposer_id"": 2, ""proposal"": {""s1"": 10, ""s2"": 10, ""s3"": 10}}, {""proposer_id"": 3, ""proposal"": {""s1"": 10, ""s2"": 10, ""s3"": 10}}], ""3"": [{""proposer_id"": 3, ""proposal"": {""s1"": 15, ""s2"": 15, ""s3"": 0}}, {""proposer_id"": 1, ""proposal"": {""s1"": 15, ""s2"": 15, ""s3"": 0}}, {""proposer_id"": 2, ""proposal"": {""s1"": 15, ""s2"": 15, ""s3"": 0}}]}","{""1"": {""proposer_id"": 2, ""proposal"": {""s1"": 10, ""s2"": 10, ""s3"": 10}}, ""2"": {""proposer_id"": 1, ""proposal"": {""s1"": 10, ""s2"": 10, ""s3"": 10}}, ""3"": {""proposer_id"": 1, ""proposal"": {""s1"": 15, ""s2"": 15, ""s3"": 0}}}",,,,3,1,[],,,,0,2,5,,0.0,,,,1753690437.0900228,1,,3,3,0,0,10,10,10,,,,,0,Voter,,0,10.0,"[{""round"": 1, ""earnings"": 10.0}, {""round"": 2, ""earnings"": 0.0}, {""round"": 3, ""earnings"": 10.0}]",,,0,0,0,0,,,,,0,0,,0.0,Voter,,,,,,,,,,,,,,,,,,,,,,,,,,,,,,,,,,,,,,,,,,,,,,,,,,,,,,,,3,0,,,1,0,0,[],0,{},"{""3"": [{""proposer_id"": 1, ""proposal"": {""s1"": 10, ""s2"": 10, ""s3"": 10}}, {""proposer_id"": 2, ""proposal"": {""s1"": 10, ""s2"": 10, ""s3"": 10}}, {""proposer_id"": 3, ""proposal"": {""s1"": 10, ""s2"": 10, ""s3"": 10}}], ""1"": [{""proposer_id"": 2, ""proposal"": {""s1"": 10, ""s2"": 10, ""s3"": 10}}, {""proposer_id"": 3, ""proposal"": {""s1"": 10, ""s2"": 10, ""s3"": 10}}, {""proposer_id"": 1, ""proposal"": {""s1"": 10, ""s2"": 10, ""s3"": 10}}], ""2"": [{""proposer_id"": 1, ""proposal"": {""s1"": 10, ""s2"": 10, ""s3"": 10}}, {""proposer_id"": 3, ""proposal"": {""s1"": 10, ""s2"": 10, ""s3"": 10}}, {""proposer_id"": 2, ""proposal"": {""s1"": 10, ""s2"": 10, ""s3"": 10}}]}","{""1"": {""proposer_id"": 3, ""proposal"": {""s1"": 10, ""s2"": 10, ""s3"": 10}}, ""2"": {""proposer_id"": 3, ""proposal"": {""s1"": 10, ""s2"": 10, ""s3"": 10}}, ""3"": {""proposer_id"": 1, ""proposal"": {""s1"": 10, ""s2"": 10, ""s3"": 10}}}",,,,2,1,[],,,,0,3
35,ugcvl4hf,,0,83,99,fund_vanishes,SurveyPage,2025-07-28 08:09:12.003317,1,,,0.0,,1,,,,wc4q37yp,,,,,1,Study001,1.0,experiment,0.0,Pilot1,,[],,,,6,,0.0,,,1753690225.7000902,1753690294.39951,1,31,3,2,0,0,10,10,10,,,,,0,Voter,,1,10.0,"[{""round"": 1, ""earnings"": 10.0}]",,,0,0,0,0,,,,,0,0,,0.0,Voter,,,,,,,,4,6,4,not sure,,,,,,,,,,,,,,,,,,,,,,,,,,,,,,,,,,,,,,,,,,,,,3,0,,,0,0,0,[],0,{},"{""1"": [{""proposer_id"": 3, ""proposal"": {""s1"": 10, ""s2"": 10, ""s3"": 10}}, {""proposer_id"": 1, ""proposal"": {""s1"": 10, ""s2"": 10, ""s3"": 10}}, {""proposer_id"": 2, ""proposal"": {""s1"": 10, ""s2"": 10, ""s3"": 10}}], ""3"": [{""proposer_id"": 2, ""proposal"": {""s1"": 10, ""s2"": 10, ""s3"": 10}}, {""proposer_id"": 3, ""proposal"": {""s1"": 10, ""s2"": 10, ""s3"": 10}}, {""proposer_id"": 1, ""proposal"": {""s1"": 10, ""s2"": 10, ""s3"": 10}}], ""2"": [{""proposer_id"": 2, ""proposal"": {""s1"": 10, ""s2"": 10, ""s3"": 10}}, {""proposer_id"": 3, ""proposal"": {""s1"": 10, ""s2"": 10, ""s3"": 10}}, {""proposer_id"": 1, ""proposal"": {""s1"": 10, ""s2"": 10, ""s3"": 10}}]}","{""1"": {""proposer_id"": 3, ""proposal"": {""s1"": 10, ""s2"": 10, ""s3"": 10}}, ""2"": {""proposer_id"": 2, ""proposal"": {""s1"": 10, ""s2"": 10, ""s3"": 10}}, ""3"": {""proposer_id"": 1, ""proposal"": {""s1"": 10, ""s2"": 10, ""s3"": 10}}}",,,,3,1,[],,,,0,1,6,,0.0,,,,1753690363.3224251,1,,3,1,0,0,15,15,0,,,,,0,Voter,,1,15.0,"[{""round"": 1, ""earnings"": 10.0}, {""round"": 2, ""earnings"": 15.0}]",,,0,0,0,0,,,,,0,0,,0.0,Voter,,,,,,,,,,,,,,,,,,,,,,,,,,,,,,,,,,,,,,,,,,,,,,,,,,,,,,,,3,0,,,0,0,0,[],0,{},"{""1"": [{""proposer_id"": 2, ""proposal"": {""s1"": 10, ""s2"": 10, ""s3"": 10}}, {""proposer_id"": 1, ""proposal"": {""s1"": 10, ""s2"": 10, ""s3"": 10}}, {""proposer_id"": 3, ""proposal"": {""s1"": 10, ""s2"": 10, ""s3"": 10}}], ""2"": [{""proposer_id"": 1, ""proposal"": {""s1"": 10, ""s2"": 10, ""s3"": 10}}, {""proposer_id"": 2, ""proposal"": {""s1"": 10, ""s2"": 10, ""s3"": 10}}, {""proposer_id"": 3, ""proposal"": {""s1"": 10, ""s2"": 10, ""s3"": 10}}], ""3"": [{""proposer_id"": 3, ""proposal"": {""s1"": 15, ""s2"": 15, ""s3"": 0}}, {""proposer_id"": 1, ""proposal"": {""s1"": 15, ""s2"": 15, ""s3"": 0}}, {""proposer_id"": 2, ""proposal"": {""s1"": 15, ""s2"": 15, ""s3"": 0}}]}","{""1"": {""proposer_id"": 2, ""proposal"": {""s1"": 10, ""s2"": 10, ""s3"": 10}}, ""2"": {""proposer_id"": 1, ""proposal"": {""s1"": 10, ""s2"": 10, ""s3"": 10}}, ""3"": {""proposer_id"": 1, ""proposal"": {""s1"": 15, ""s2"": 15, ""s3"": 0}}}",,,,3,1,[],,,,0,2,6,,0.0,,,,1753690437.144217,1,,1,1,0,0,10,10,10,,,,,0,Voter,,1,10.0,"[{""round"": 1, ""earnings"": 10.0}, {""round"": 2, ""earnings"": 15.0}, {""round"": 3, ""earnings"": 10.0}]",,,0,0,0,0,,,,,0,0,,0.0,Voter,,,,,,,,,,,,,,,,,,,,,,,,,,,,,,,,,,,,,,,,,,,,,,,,,,,,,,,,3,0,,,1,0,0,[],0,{},"{""3"": [{""proposer_id"": 1, ""proposal"": {""s1"": 10, ""s2"": 10, ""s3"": 10}}, {""proposer_id"": 2, ""proposal"": {""s1"": 10, ""s2"": 10, ""s3"": 10}}, {""proposer_id"": 3, ""proposal"": {""s1"": 10, ""s2"": 10, ""s3"": 10}}], ""1"": [{""proposer_id"": 2, ""proposal"": {""s1"": 10, ""s2"": 10, ""s3"": 10}}, {""proposer_id"": 3, ""proposal"": {""s1"": 10, ""s2"": 10, ""s3"": 10}}, {""proposer_id"": 1, ""proposal"": {""s1"": 10, ""s2"": 10, ""s3"": 10}}], ""2"": [{""proposer_id"": 1, ""proposal"": {""s1"": 10, ""s2"": 10, ""s3"": 10}}, {""proposer_id"": 3, ""proposal"": {""s1"": 10, ""s2"": 10, ""s3"": 10}}, {""proposer_id"": 2, ""proposal"": {""s1"": 10, ""s2"": 10, ""s3"": 10}}]}","{""1"": {""proposer_id"": 3, ""proposal"": {""s1"": 10, ""s2"": 10, ""s3"": 10}}, ""2"": {""proposer_id"": 3, ""proposal"": {""s1"": 10, ""s2"": 10, ""s3"": 10}}, ""3"": {""proposer_id"": 1, ""proposal"": {""s1"": 10, ""s2"": 10, ""s3"": 10}}}",,,,2,1,[],,,,0,3
36,rm8l7k9n,,0,83,99,fund_vanishes,SurveyPage,2025-07-28 08:09:09.669452,1,,,0.0,,1,,,,wc4q37yp,,,,,1,Study001,1.0,experiment,0.0,Pilot1,,[],,,,8,,0.0,,,1753690224.763984,1753690294.375245,1,31,1,3,0,0,10,10,10,,,,,0,Voter,,1,10.0,"[{""round"": 1, ""earnings"": 10.0}]",,,0,0,0,0,,,,,0,0,,0.0,Voter,,,,,,,,3,6,2,not sure,,,,,,,,,,,,,,,,,,,,,,,,,,,,,,,,,,,,,,,,,,,,,3,0,,,0,0,0,[],0,{},"{""1"": [{""proposer_id"": 3, ""proposal"": {""s1"": 10, ""s2"": 10, ""s3"": 10}}, {""proposer_id"": 1, ""proposal"": {""s1"": 10, ""s2"": 10, ""s3"": 10}}, {""proposer_id"": 2, ""proposal"": {""s1"": 10, ""s2"": 10, ""s3"": 10}}], ""3"": [{""proposer_id"": 2, ""proposal"": {""s1"": 10, ""s2"": 10, ""s3"": 10}}, {""proposer_id"": 3, ""proposal"": {""s1"": 10, ""s2"": 10, ""s3"": 10}}, {""proposer_id"": 1, ""proposal"": {""s1"": 10, ""s2"": 10, ""s3"": 10}}], ""2"": [{""proposer_id"": 2, ""proposal"": {""s1"": 10, ""s2"": 10, ""s3"": 10}}, {""proposer_id"": 3, ""proposal"": {""s1"": 10, ""s2"": 10, ""s3"": 10}}, {""proposer_id"": 1, ""proposal"": {""s1"": 10, ""s2"": 10, ""s3"": 10}}]}","{""1"": {""proposer_id"": 3, ""proposal"": {""s1"": 10, ""s2"": 10, ""s3"": 10}}, ""2"": {""proposer_id"": 2, ""proposal"": {""s1"": 10, ""s2"": 10, ""s3"": 10}}, ""3"": {""proposer_id"": 1, ""proposal"": {""s1"": 10, ""s2"": 10, ""s3"": 10}}}",,,,3,1,[],,,,0,1,8,,0.0,,,,1753690363.296252,1,,3,2,0,0,15,15,0,,,,,0,Voter,,1,15.0,"[{""round"": 1, ""earnings"": 10.0}, {""round"": 2, ""earnings"": 15.0}]",,,0,0,0,0,,,,,0,0,,0.0,Voter,,,,,,,,,,,,,,,,,,,,,,,,,,,,,,,,,,,,,,,,,,,,,,,,,,,,,,,,3,0,,,0,0,0,[],0,{},"{""1"": [{""proposer_id"": 2, ""proposal"": {""s1"": 10, ""s2"": 10, ""s3"": 10}}, {""proposer_id"": 1, ""proposal"": {""s1"": 10, ""s2"": 10, ""s3"": 10}}, {""proposer_id"": 3, ""proposal"": {""s1"": 10, ""s2"": 10, ""s3"": 10}}], ""2"": [{""proposer_id"": 1, ""proposal"": {""s1"": 10, ""s2"": 10, ""s3"": 10}}, {""proposer_id"": 2, ""proposal"": {""s1"": 10, ""s2"": 10, ""s3"": 10}}, {""proposer_id"": 3, ""proposal"": {""s1"": 10, ""s2"": 10, ""s3"": 10}}], ""3"": [{""proposer_id"": 3, ""proposal"": {""s1"": 15, ""s2"": 15, ""s3"": 0}}, {""proposer_id"": 1, ""proposal"": {""s1"": 15, ""s2"": 15, ""s3"": 0}}, {""proposer_id"": 2, ""proposal"": {""s1"": 15, ""s2"": 15, ""s3"": 0}}]}","{""1"": {""proposer_id"": 2, ""proposal"": {""s1"": 10, ""s2"": 10, ""s3"": 10}}, ""2"": {""proposer_id"": 1, ""proposal"": {""s1"": 10, ""s2"": 10, ""s3"": 10}}, ""3"": {""proposer_id"": 1, ""proposal"": {""s1"": 15, ""s2"": 15, ""s3"": 0}}}",,,,3,1,[],,,,0,2,8,,0.0,,,,1753690437.308463,1,,2,2,0,0,10,10,10,,,,,0,Voter,,1,10.0,"[{""round"": 1, ""earnings"": 10.0}, {""round"": 2, ""earnings"": 15.0}, {""round"": 3, ""earnings"": 10.0}]",,,0,0,0,0,,,,,0,0,,0.0,Voter,,,,,,,,,,,,,,,,,,,,,,,,,,,,,,,,,,,,,,,,,,,,,,,,,,,,,,,,3,0,,,1,0,0,[],0,{},"{""3"": [{""proposer_id"": 1, ""proposal"": {""s1"": 10, ""s2"": 10, ""s3"": 10}}, {""proposer_id"": 2, ""proposal"": {""s1"": 10, ""s2"": 10, ""s3"": 10}}, {""proposer_id"": 3, ""proposal"": {""s1"": 10, ""s2"": 10, ""s3"": 10}}], ""1"": [{""proposer_id"": 2, ""proposal"": {""s1"": 10, ""s2"": 10, ""s3"": 10}}, {""proposer_id"": 3, ""proposal"": {""s1"": 10, ""s2"": 10, ""s3"": 10}}, {""proposer_id"": 1, ""proposal"": {""s1"": 10, ""s2"": 10, ""s3"": 10}}], ""2"": [{""proposer_id"": 1, ""proposal"": {""s1"": 10, ""s2"": 10, ""s3"": 10}}, {""proposer_id"": 3, ""proposal"": {""s1"": 10, ""s2"": 10, ""s3"": 10}}, {""proposer_id"": 2, ""proposal"": {""s1"": 10, ""s2"": 10, ""s3"": 10}}]}","{""1"": {""proposer_id"": 3, ""proposal"": {""s1"": 10, ""s2"": 10, ""s3"": 10}}, ""2"": {""proposer_id"": 3, ""proposal"": {""s1"": 10, ""s2"": 10, ""s3"": 10}}, ""3"": {""proposer_id"": 1, ""proposal"": {""s1"": 10, ""s2"": 10, ""s3"": 10}}}",,,,2,1,[],,,,0,3
