participant.id_in_session,participant.code,participant.label,participant._is_bot,participant._index_in_pages,participant._max_page_index,participant._current_app_name,participant._current_page_name,participant.time_started_utc,participant.visited,participant.mturk_worker_id,participant.mturk_assignment_id,participant.payoff,participant.final_payment,participant.next_period,participant.skip_this_oTree_round,participant.periods,participant.rounds,session.code,session.label,session.mturk_HITId,session.mturk_HITGroupId,session.comment,session.is_demo,session.config.participation_fee,session.config.name,session.config.study_id,session.config.player_session_id,session.config.real_world_currency_per_point,session.num_players,session.list_players_waiting,session.list_players_session,session.number_oTree_round_matching,session.finish,filter_app.1.player.id_in_group,filter_app.1.player.role,filter_app.1.player.payoff,filter_app.1.player.prolific_id,filter_app.1.player.study_id,filter_app.1.player.player_session_id,filter_app.1.player.experiment_start_time,filter_app.1.player.experiment_end_time,filter_app.1.player.game_start_time,filter_app.1.player.game_end_time,filter_app.1.player.total_num_failed_attempts,filter_app.1.player.q1_num_failed_attempts,filter_app.1.player.q2_num_failed_attempts,filter_app.1.player.q3_num_failed_attempts,filter_app.1.player.q1_quiz,filter_app.1.player.q2_quiz,filter_app.1.player.q3_quiz,filter_app.1.player.adios_reason,filter_app.1.player.dropout,filter_app.1.player.decision,filter_app.1.player.random_period,filter_app.1.player.share,filter_app.1.player.role_player,filter_app.1.player.player_offer_accepted,filter_app.1.player.investment,filter_app.1.player.payoff_this_period,filter_app.1.player.s,filter_app.1.player.s_per,filter_app.1.player.points_to_currency,filter_app.1.player.points_to_currency_s,filter_app.1.player.combined_payoff,filter_app.1.player.random_payoff,filter_app.1.player.gen,filter_app.1.player.other_gender,filter_app.1.player.inc,filter_app.1.player.inc_hh,filter_app.1.player.degree,filter_app.1.player.spbrn,filter_app.1.player.cntbrn,filter_app.1.player.spcit,filter_app.1.player.other_cit,filter_app.1.player.primlang,filter_app.1.player.party,filter_app.1.player.party_closer,filter_app.1.player.party_strong_republican,filter_app.1.player.party_strong_democrat,filter_app.1.group.id_in_subsession,filter_app.1.group.current_period,filter_app.1.group.drop_out_detected,filter_app.1.group.drop_out_finalized,filter_app.1.group.all_proposals_str,filter_app.1.group.all_votes_str,filter_app.1.subsession.round_number,filter_app.2.player.id_in_group,filter_app.2.player.role,filter_app.2.player.payoff,filter_app.2.player.prolific_id,filter_app.2.player.study_id,filter_app.2.player.player_session_id,filter_app.2.player.experiment_start_time,filter_app.2.player.experiment_end_time,filter_app.2.player.game_start_time,filter_app.2.player.game_end_time,filter_app.2.player.total_num_failed_attempts,filter_app.2.player.q1_num_failed_attempts,filter_app.2.player.q2_num_failed_attempts,filter_app.2.player.q3_num_failed_attempts,filter_app.2.player.q1_quiz,filter_app.2.player.q2_quiz,filter_app.2.player.q3_quiz,filter_app.2.player.adios_reason,filter_app.2.player.dropout,filter_app.2.player.decision,filter_app.2.player.random_period,filter_app.2.player.share,filter_app.2.player.role_player,filter_app.2.player.player_offer_accepted,filter_app.2.player.investment,filter_app.2.player.payoff_this_period,filter_app.2.player.s,filter_app.2.player.s_per,filter_app.2.player.points_to_currency,filter_app.2.player.points_to_currency_s,filter_app.2.player.combined_payoff,filter_app.2.player.random_payoff,filter_app.2.player.gen,filter_app.2.player.other_gender,filter_app.2.player.inc,filter_app.2.player.inc_hh,filter_app.2.player.degree,filter_app.2.player.spbrn,filter_app.2.player.cntbrn,filter_app.2.player.spcit,filter_app.2.player.other_cit,filter_app.2.player.primlang,filter_app.2.player.party,filter_app.2.player.party_closer,filter_app.2.player.party_strong_republican,filter_app.2.player.party_strong_democrat,filter_app.2.group.id_in_subsession,filter_app.2.group.current_period,filter_app.2.group.drop_out_detected,filter_app.2.group.drop_out_finalized,filter_app.2.group.all_proposals_str,filter_app.2.group.all_votes_str,filter_app.2.subsession.round_number,filter_app.3.player.id_in_group,filter_app.3.player.role,filter_app.3.player.payoff,filter_app.3.player.prolific_id,filter_app.3.player.study_id,filter_app.3.player.player_session_id,filter_app.3.player.experiment_start_time,filter_app.3.player.experiment_end_time,filter_app.3.player.game_start_time,filter_app.3.player.game_end_time,filter_app.3.player.total_num_failed_attempts,filter_app.3.player.q1_num_failed_attempts,filter_app.3.player.q2_num_failed_attempts,filter_app.3.player.q3_num_failed_attempts,filter_app.3.player.q1_quiz,filter_app.3.player.q2_quiz,filter_app.3.player.q3_quiz,filter_app.3.player.adios_reason,filter_app.3.player.dropout,filter_app.3.player.decision,filter_app.3.player.random_period,filter_app.3.player.share,filter_app.3.player.role_player,filter_app.3.player.player_offer_accepted,filter_app.3.player.investment,filter_app.3.player.payoff_this_period,filter_app.3.player.s,filter_app.3.player.s_per,filter_app.3.player.points_to_currency,filter_app.3.player.points_to_currency_s,filter_app.3.player.combined_payoff,filter_app.3.player.random_payoff,filter_app.3.player.gen,filter_app.3.player.other_gender,filter_app.3.player.inc,filter_app.3.player.inc_hh,filter_app.3.player.degree,filter_app.3.player.spbrn,filter_app.3.player.cntbrn,filter_app.3.player.spcit,filter_app.3.player.other_cit,filter_app.3.player.primlang,filter_app.3.player.party,filter_app.3.player.party_closer,filter_app.3.player.party_strong_republican,filter_app.3.player.party_strong_democrat,filter_app.3.group.id_in_subsession,filter_app.3.group.current_period,filter_app.3.group.drop_out_detected,filter_app.3.group.drop_out_finalized,filter_app.3.group.all_proposals_str,filter_app.3.group.all_votes_str,filter_app.3.subsession.round_number,filter_app.4.player.id_in_group,filter_app.4.player.role,filter_app.4.player.payoff,filter_app.4.player.prolific_id,filter_app.4.player.study_id,filter_app.4.player.player_session_id,filter_app.4.player.experiment_start_time,filter_app.4.player.experiment_end_time,filter_app.4.player.game_start_time,filter_app.4.player.game_end_time,filter_app.4.player.total_num_failed_attempts,filter_app.4.player.q1_num_failed_attempts,filter_app.4.player.q2_num_failed_attempts,filter_app.4.player.q3_num_failed_attempts,filter_app.4.player.q1_quiz,filter_app.4.player.q2_quiz,filter_app.4.player.q3_quiz,filter_app.4.player.adios_reason,filter_app.4.player.dropout,filter_app.4.player.decision,filter_app.4.player.random_period,filter_app.4.player.share,filter_app.4.player.role_player,filter_app.4.player.player_offer_accepted,filter_app.4.player.investment,filter_app.4.player.payoff_this_period,filter_app.4.player.s,filter_app.4.player.s_per,filter_app.4.player.points_to_currency,filter_app.4.player.points_to_currency_s,filter_app.4.player.combined_payoff,filter_app.4.player.random_payoff,filter_app.4.player.gen,filter_app.4.player.other_gender,filter_app.4.player.inc,filter_app.4.player.inc_hh,filter_app.4.player.degree,filter_app.4.player.spbrn,filter_app.4.player.cntbrn,filter_app.4.player.spcit,filter_app.4.player.other_cit,filter_app.4.player.primlang,filter_app.4.player.party,filter_app.4.player.party_closer,filter_app.4.player.party_strong_republican,filter_app.4.player.party_strong_democrat,filter_app.4.group.id_in_subsession,filter_app.4.group.current_period,filter_app.4.group.drop_out_detected,filter_app.4.group.drop_out_finalized,filter_app.4.group.all_proposals_str,filter_app.4.group.all_votes_str,filter_app.4.subsession.round_number,filter_app.5.player.id_in_group,filter_app.5.player.role,filter_app.5.player.payoff,filter_app.5.player.prolific_id,filter_app.5.player.study_id,filter_app.5.player.player_session_id,filter_app.5.player.experiment_start_time,filter_app.5.player.experiment_end_time,filter_app.5.player.game_start_time,filter_app.5.player.game_end_time,filter_app.5.player.total_num_failed_attempts,filter_app.5.player.q1_num_failed_attempts,filter_app.5.player.q2_num_failed_attempts,filter_app.5.player.q3_num_failed_attempts,filter_app.5.player.q1_quiz,filter_app.5.player.q2_quiz,filter_app.5.player.q3_quiz,filter_app.5.player.adios_reason,filter_app.5.player.dropout,filter_app.5.player.decision,filter_app.5.player.random_period,filter_app.5.player.share,filter_app.5.player.role_player,filter_app.5.player.player_offer_accepted,filter_app.5.player.investment,filter_app.5.player.payoff_this_period,filter_app.5.player.s,filter_app.5.player.s_per,filter_app.5.player.points_to_currency,filter_app.5.player.points_to_currency_s,filter_app.5.player.combined_payoff,filter_app.5.player.random_payoff,filter_app.5.player.gen,filter_app.5.player.other_gender,filter_app.5.player.inc,filter_app.5.player.inc_hh,filter_app.5.player.degree,filter_app.5.player.spbrn,filter_app.5.player.cntbrn,filter_app.5.player.spcit,filter_app.5.player.other_cit,filter_app.5.player.primlang,filter_app.5.player.party,filter_app.5.player.party_closer,filter_app.5.player.party_strong_republican,filter_app.5.player.party_strong_democrat,filter_app.5.group.id_in_subsession,filter_app.5.group.current_period,filter_app.5.group.drop_out_detected,filter_app.5.group.drop_out_finalized,filter_app.5.group.all_proposals_str,filter_app.5.group.all_votes_str,filter_app.5.subsession.round_number,fund_vanishes.1.player.id_in_group,fund_vanishes.1.player.role,fund_vanishes.1.player.payoff,fund_vanishes.1.player.experiment_start_time,fund_vanishes.1.player.experiment_end_time,fund_vanishes.1.player.game_start_time,fund_vanishes.1.player.game_end_time,fund_vanishes.1.player.is_priming,fund_vanishes.1.player.group_id_9,fund_vanishes.1.player.subgroup_id,fund_vanishes.1.player.id_in_subgroup,fund_vanishes.1.player.ungrouped,fund_vanishes.1.player.last_round_finished,fund_vanishes.1.player.s1,fund_vanishes.1.player.s2,fund_vanishes.1.player.s3,fund_vanishes.1.player.total_bonus,fund_vanishes.1.player.survey_fee,fund_vanishes.1.player.base_fee,fund_vanishes.1.player.completion_code,fund_vanishes.1.player.period_no,fund_vanishes.1.player.player_role,fund_vanishes.1.player.proposal,fund_vanishes.1.player.vote,fund_vanishes.1.player.earnings,fund_vanishes.1.player.all_earnings,fund_vanishes.1.player.final_payment,fund_vanishes.1.player.feedback,fund_vanishes.1.player.total_num_failed_attempts,fund_vanishes.1.player.q1_num_failed_attempts,fund_vanishes.1.player.q2_num_failed_attempts,fund_vanishes.1.player.q3_num_failed_attempts,fund_vanishes.1.player.q1_quiz,fund_vanishes.1.player.q2_quiz,fund_vanishes.1.player.q3_quiz,fund_vanishes.1.player.adios_reason,fund_vanishes.1.player.dropout,fund_vanishes.1.player.decision,fund_vanishes.1.player.random_period,fund_vanishes.1.player.share,fund_vanishes.1.player.role_player,fund_vanishes.1.player.player_offer_accepted,fund_vanishes.1.player.investment,fund_vanishes.1.player.payoff_this_period,fund_vanishes.1.player.s,fund_vanishes.1.player.s_per,fund_vanishes.1.player.points_to_currency,fund_vanishes.1.player.points_to_currency_s,fund_vanishes.1.player.qp1,fund_vanishes.1.player.gen_cgi,fund_vanishes.1.player.qp3,fund_vanishes.1.player.qp4,fund_vanishes.1.player.combined_payoff,fund_vanishes.1.player.random_payoff,fund_vanishes.1.player.sex,fund_vanishes.1.player.trans_1,fund_vanishes.1.player.trans_2,fund_vanishes.1.player.cmt_propr,fund_vanishes.1.player.cmt_vtr,fund_vanishes.1.player.retaliation,fund_vanishes.1.player.retaliation_other,fund_vanishes.1.player.mwc,fund_vanishes.1.player.mwc_others,fund_vanishes.1.player.atq_1,fund_vanishes.1.player.atq_2,fund_vanishes.1.player.atq_3,fund_vanishes.1.player.age,fund_vanishes.1.player.risk,fund_vanishes.1.player.occ,fund_vanishes.1.player.econ,fund_vanishes.1.player.plop_unempl,fund_vanishes.1.player.plop_comp,fund_vanishes.1.player.plop_incdist,fund_vanishes.1.player.plop_priv,fund_vanishes.1.player.plop_luckeffort,fund_vanishes.1.player.rel,fund_vanishes.1.player.rel_spec,fund_vanishes.1.player.rel_other,fund_vanishes.1.player.mwc_bonus,fund_vanishes.1.player.mwc_bonus_others,fund_vanishes.1.player.enjoy,fund_vanishes.1.player.power_q1a,fund_vanishes.1.player.power_q1b,fund_vanishes.1.player.power_q2,fund_vanishes.1.player.power_q3,fund_vanishes.1.player.democracy_obedience,fund_vanishes.1.player.gender_q1,fund_vanishes.1.player.gender_q2,fund_vanishes.1.player.gender_q3,fund_vanishes.1.player.gender_q4,fund_vanishes.1.player.social_power,fund_vanishes.1.player.wealth,fund_vanishes.1.player.authority,fund_vanishes.1.player.humble,fund_vanishes.1.player.influential,fund_vanishes.1.player.bonus,fund_vanishes.1.group.id_in_subsession,fund_vanishes.1.group.current_period,fund_vanishes.1.group.group_id_9,fund_vanishes.1.group.subgroup_id,fund_vanishes.1.group.session_finish,fund_vanishes.1.group.drop_out_detected,fund_vanishes.1.group.drop_out_finalized,fund_vanishes.1.group.all_proposals_str,fund_vanishes.1.group.selected_proposer_id,fund_vanishes.1.group.selected_proposal,fund_vanishes.1.group.subgroup_proposals_str,fund_vanishes.1.group.selected_proposals_str,fund_vanishes.1.group.s1,fund_vanishes.1.group.s2,fund_vanishes.1.group.s3,fund_vanishes.1.group.approved,fund_vanishes.1.group.all_votes_str,fund_vanishes.1.group.Fund,fund_vanishes.1.group.decision_array_str,fund_vanishes.1.group.period_results_array_str,fund_vanishes.1.group.number_shares,fund_vanishes.1.subsession.round_number,fund_vanishes.2.player.id_in_group,fund_vanishes.2.player.role,fund_vanishes.2.player.payoff,fund_vanishes.2.player.experiment_start_time,fund_vanishes.2.player.experiment_end_time,fund_vanishes.2.player.game_start_time,fund_vanishes.2.player.game_end_time,fund_vanishes.2.player.is_priming,fund_vanishes.2.player.group_id_9,fund_vanishes.2.player.subgroup_id,fund_vanishes.2.player.id_in_subgroup,fund_vanishes.2.player.ungrouped,fund_vanishes.2.player.last_round_finished,fund_vanishes.2.player.s1,fund_vanishes.2.player.s2,fund_vanishes.2.player.s3,fund_vanishes.2.player.total_bonus,fund_vanishes.2.player.survey_fee,fund_vanishes.2.player.base_fee,fund_vanishes.2.player.completion_code,fund_vanishes.2.player.period_no,fund_vanishes.2.player.player_role,fund_vanishes.2.player.proposal,fund_vanishes.2.player.vote,fund_vanishes.2.player.earnings,fund_vanishes.2.player.all_earnings,fund_vanishes.2.player.final_payment,fund_vanishes.2.player.feedback,fund_vanishes.2.player.total_num_failed_attempts,fund_vanishes.2.player.q1_num_failed_attempts,fund_vanishes.2.player.q2_num_failed_attempts,fund_vanishes.2.player.q3_num_failed_attempts,fund_vanishes.2.player.q1_quiz,fund_vanishes.2.player.q2_quiz,fund_vanishes.2.player.q3_quiz,fund_vanishes.2.player.adios_reason,fund_vanishes.2.player.dropout,fund_vanishes.2.player.decision,fund_vanishes.2.player.random_period,fund_vanishes.2.player.share,fund_vanishes.2.player.role_player,fund_vanishes.2.player.player_offer_accepted,fund_vanishes.2.player.investment,fund_vanishes.2.player.payoff_this_period,fund_vanishes.2.player.s,fund_vanishes.2.player.s_per,fund_vanishes.2.player.points_to_currency,fund_vanishes.2.player.points_to_currency_s,fund_vanishes.2.player.qp1,fund_vanishes.2.player.gen_cgi,fund_vanishes.2.player.qp3,fund_vanishes.2.player.qp4,fund_vanishes.2.player.combined_payoff,fund_vanishes.2.player.random_payoff,fund_vanishes.2.player.sex,fund_vanishes.2.player.trans_1,fund_vanishes.2.player.trans_2,fund_vanishes.2.player.cmt_propr,fund_vanishes.2.player.cmt_vtr,fund_vanishes.2.player.retaliation,fund_vanishes.2.player.retaliation_other,fund_vanishes.2.player.mwc,fund_vanishes.2.player.mwc_others,fund_vanishes.2.player.atq_1,fund_vanishes.2.player.atq_2,fund_vanishes.2.player.atq_3,fund_vanishes.2.player.age,fund_vanishes.2.player.risk,fund_vanishes.2.player.occ,fund_vanishes.2.player.econ,fund_vanishes.2.player.plop_unempl,fund_vanishes.2.player.plop_comp,fund_vanishes.2.player.plop_incdist,fund_vanishes.2.player.plop_priv,fund_vanishes.2.player.plop_luckeffort,fund_vanishes.2.player.rel,fund_vanishes.2.player.rel_spec,fund_vanishes.2.player.rel_other,fund_vanishes.2.player.mwc_bonus,fund_vanishes.2.player.mwc_bonus_others,fund_vanishes.2.player.enjoy,fund_vanishes.2.player.power_q1a,fund_vanishes.2.player.power_q1b,fund_vanishes.2.player.power_q2,fund_vanishes.2.player.power_q3,fund_vanishes.2.player.democracy_obedience,fund_vanishes.2.player.gender_q1,fund_vanishes.2.player.gender_q2,fund_vanishes.2.player.gender_q3,fund_vanishes.2.player.gender_q4,fund_vanishes.2.player.social_power,fund_vanishes.2.player.wealth,fund_vanishes.2.player.authority,fund_vanishes.2.player.humble,fund_vanishes.2.player.influential,fund_vanishes.2.player.bonus,fund_vanishes.2.group.id_in_subsession,fund_vanishes.2.group.current_period,fund_vanishes.2.group.group_id_9,fund_vanishes.2.group.subgroup_id,fund_vanishes.2.group.session_finish,fund_vanishes.2.group.drop_out_detected,fund_vanishes.2.group.drop_out_finalized,fund_vanishes.2.group.all_proposals_str,fund_vanishes.2.group.selected_proposer_id,fund_vanishes.2.group.selected_proposal,fund_vanishes.2.group.subgroup_proposals_str,fund_vanishes.2.group.selected_proposals_str,fund_vanishes.2.group.s1,fund_vanishes.2.group.s2,fund_vanishes.2.group.s3,fund_vanishes.2.group.approved,fund_vanishes.2.group.all_votes_str,fund_vanishes.2.group.Fund,fund_vanishes.2.group.decision_array_str,fund_vanishes.2.group.period_results_array_str,fund_vanishes.2.group.number_shares,fund_vanishes.2.subsession.round_number,fund_vanishes.3.player.id_in_group,fund_vanishes.3.player.role,fund_vanishes.3.player.payoff,fund_vanishes.3.player.experiment_start_time,fund_vanishes.3.player.experiment_end_time,fund_vanishes.3.player.game_start_time,fund_vanishes.3.player.game_end_time,fund_vanishes.3.player.is_priming,fund_vanishes.3.player.group_id_9,fund_vanishes.3.player.subgroup_id,fund_vanishes.3.player.id_in_subgroup,fund_vanishes.3.player.ungrouped,fund_vanishes.3.player.last_round_finished,fund_vanishes.3.player.s1,fund_vanishes.3.player.s2,fund_vanishes.3.player.s3,fund_vanishes.3.player.total_bonus,fund_vanishes.3.player.survey_fee,fund_vanishes.3.player.base_fee,fund_vanishes.3.player.completion_code,fund_vanishes.3.player.period_no,fund_vanishes.3.player.player_role,fund_vanishes.3.player.proposal,fund_vanishes.3.player.vote,fund_vanishes.3.player.earnings,fund_vanishes.3.player.all_earnings,fund_vanishes.3.player.final_payment,fund_vanishes.3.player.feedback,fund_vanishes.3.player.total_num_failed_attempts,fund_vanishes.3.player.q1_num_failed_attempts,fund_vanishes.3.player.q2_num_failed_attempts,fund_vanishes.3.player.q3_num_failed_attempts,fund_vanishes.3.player.q1_quiz,fund_vanishes.3.player.q2_quiz,fund_vanishes.3.player.q3_quiz,fund_vanishes.3.player.adios_reason,fund_vanishes.3.player.dropout,fund_vanishes.3.player.decision,fund_vanishes.3.player.random_period,fund_vanishes.3.player.share,fund_vanishes.3.player.role_player,fund_vanishes.3.player.player_offer_accepted,fund_vanishes.3.player.investment,fund_vanishes.3.player.payoff_this_period,fund_vanishes.3.player.s,fund_vanishes.3.player.s_per,fund_vanishes.3.player.points_to_currency,fund_vanishes.3.player.points_to_currency_s,fund_vanishes.3.player.qp1,fund_vanishes.3.player.gen_cgi,fund_vanishes.3.player.qp3,fund_vanishes.3.player.qp4,fund_vanishes.3.player.combined_payoff,fund_vanishes.3.player.random_payoff,fund_vanishes.3.player.sex,fund_vanishes.3.player.trans_1,fund_vanishes.3.player.trans_2,fund_vanishes.3.player.cmt_propr,fund_vanishes.3.player.cmt_vtr,fund_vanishes.3.player.retaliation,fund_vanishes.3.player.retaliation_other,fund_vanishes.3.player.mwc,fund_vanishes.3.player.mwc_others,fund_vanishes.3.player.atq_1,fund_vanishes.3.player.atq_2,fund_vanishes.3.player.atq_3,fund_vanishes.3.player.age,fund_vanishes.3.player.risk,fund_vanishes.3.player.occ,fund_vanishes.3.player.econ,fund_vanishes.3.player.plop_unempl,fund_vanishes.3.player.plop_comp,fund_vanishes.3.player.plop_incdist,fund_vanishes.3.player.plop_priv,fund_vanishes.3.player.plop_luckeffort,fund_vanishes.3.player.rel,fund_vanishes.3.player.rel_spec,fund_vanishes.3.player.rel_other,fund_vanishes.3.player.mwc_bonus,fund_vanishes.3.player.mwc_bonus_others,fund_vanishes.3.player.enjoy,fund_vanishes.3.player.power_q1a,fund_vanishes.3.player.power_q1b,fund_vanishes.3.player.power_q2,fund_vanishes.3.player.power_q3,fund_vanishes.3.player.democracy_obedience,fund_vanishes.3.player.gender_q1,fund_vanishes.3.player.gender_q2,fund_vanishes.3.player.gender_q3,fund_vanishes.3.player.gender_q4,fund_vanishes.3.player.social_power,fund_vanishes.3.player.wealth,fund_vanishes.3.player.authority,fund_vanishes.3.player.humble,fund_vanishes.3.player.influential,fund_vanishes.3.player.bonus,fund_vanishes.3.group.id_in_subsession,fund_vanishes.3.group.current_period,fund_vanishes.3.group.group_id_9,fund_vanishes.3.group.subgroup_id,fund_vanishes.3.group.session_finish,fund_vanishes.3.group.drop_out_detected,fund_vanishes.3.group.drop_out_finalized,fund_vanishes.3.group.all_proposals_str,fund_vanishes.3.group.selected_proposer_id,fund_vanishes.3.group.selected_proposal,fund_vanishes.3.group.subgroup_proposals_str,fund_vanishes.3.group.selected_proposals_str,fund_vanishes.3.group.s1,fund_vanishes.3.group.s2,fund_vanishes.3.group.s3,fund_vanishes.3.group.approved,fund_vanishes.3.group.all_votes_str,fund_vanishes.3.group.Fund,fund_vanishes.3.group.decision_array_str,fund_vanishes.3.group.period_results_array_str,fund_vanishes.3.group.number_shares,fund_vanishes.3.subsession.round_number
1,jragf3gy,,0,129,129,fund_vanishes,PaymentInfo,2025-07-28 04:21:30.639780,1,,,0.0,,1,,,,qi98jfy3,,,,,1,0.0,experiment,Study001,Pilot1,1.0,,[],,,,1,,0.0,,Study001,,1753676507.563398,,,,0,0,0,0,2,1,2,,0,0,,0.0,Voter,,,,,,,,,,1,,5,3,3,1,,1,,,2,,,1,1,0,0,0,[],[],1,1,,0.0,NA,,,1753676877.2643268,,,,0,0,0,0,,,,,0,0,,0.0,Voter,,,,,,,,,,,,,,,,,,,,,,,,1,0,0,0,[],[],2,1,,0.0,NA,,,1753676877.2778099,,,,0,0,0,0,,,,,0,0,,0.0,Voter,,,,,,,,,,,,,,,,,,,,,,,,1,0,0,0,[],[],3,1,,0.0,NA,,,1753676877.2897239,,,,0,0,0,0,,,,,0,0,,0.0,Voter,,,,,,,,,,,,,,,,,,,,,,,,1,0,0,0,[],[],4,1,,0.0,NA,,,1753676877.2995782,,,,0,0,0,0,,,,,0,0,,0.0,Voter,,,,,,,,,,,,,,,,,,,,,,,,1,0,0,0,[],[],5,1,,0.0,,,1753676999.3537211,1753677027.925214,1,1,1,2,0,3,15,15,0,,,,,0,Proposer,,1,15.0,"[{""round"": 1, ""earnings"": 15.0}]",,,0,0,0,0,,,,,0,0,,0.0,Voter,,,,,,,,2,6,2,explanation 1,,,,,,,,,,,,,,,,,,,,,,,,,,,,,,,,,,,,,,,,,,,,,2,0,,,0,0,0,[],0,{},"{""1"": [{""proposer_id"": 3, ""proposal"": {""s1"": 10, ""s2"": 10, ""s3"": 10}}, {""proposer_id"": 2, ""proposal"": {""s1"": 15, ""s2"": 15, ""s3"": 0}}, {""proposer_id"": 1, ""proposal"": {""s1"": 15, ""s2"": 15, ""s3"": 0}}]}","{""1"": {""proposer_id"": 2, ""proposal"": {""s1"": 15, ""s2"": 15, ""s3"": 0}}}",,,,1,[],,,,0,1,1,,0.0,,,,1753677192.4201741,1,,1,2,0,4,10,10,10,,,,,0,Proposer,,1,10.0,"[{""round"": 1, ""earnings"": 15.0}, {""round"": 2, ""earnings"": 10.0}]",,,0,0,0,0,,,,,0,0,,0.0,Voter,,,,,,,,,,,,,,,,,,,,,,,,,,,,,,,,,,,,,,,,,,,,,,,,,,,,,,,,2,0,,,0,0,0,[],0,{},"{""1"": [{""proposer_id"": 1, ""proposal"": {""s1"": 10, ""s2"": 10, ""s3"": 10}}, {""proposer_id"": 3, ""proposal"": {""s1"": 10, ""s2"": 10, ""s3"": 10}}, {""proposer_id"": 2, ""proposal"": {""s1"": 10, ""s2"": 10, ""s3"": 10}}]}","{""1"": {""proposer_id"": 1, ""proposal"": {""s1"": 10, ""s2"": 10, ""s3"": 10}}}",,,,1,[],,,,0,2,1,,0.0,,,,1753677311.5055099,1,,1,2,0,4,10,15,5,0.0,0.0,0.0,DO-000XKD,0,Proposer,,0,0.0,[],0.0,,0,0,0,0,,,,,1,0,,0.0,Voter,,,,,,,,,,,,,,,,,,,,,,,,,,,,,,,,,,,,,,,,,,,,,,,,,,,,,,,,2,0,,,0,1,1,[],0,{},"{""1"": [{""proposer_id"": 3, ""proposal"": {""s1"": 10, ""s2"": 10, ""s3"": 10}}, {""proposer_id"": 1, ""proposal"": {""s1"": 10, ""s2"": 10, ""s3"": 10}}, {""proposer_id"": 2, ""proposal"": {""s1"": -10, ""s2"": -10, ""s3"": -10}}]}",{},,,,0,[],,,,0,3
2,m46ryw4p,,0,118,129,fund_vanishes,Part4,2025-07-28 04:21:40.923112,1,,,0.0,,1,,,,qi98jfy3,,,,,1,0.0,experiment,Study001,Pilot1,1.0,,[],,,,2,,0.0,,Study001,,1753676658.061414,,,,0,0,0,0,2,1,2,,0,0,,0.0,Voter,,,,,,,,,,1,,5,10,4,1,,1,,,2,,,1,1,0,0,0,[],[],1,2,,0.0,NA,,,1753676875.503784,,,,0,0,0,0,,,,,0,0,,0.0,Voter,,,,,,,,,,,,,,,,,,,,,,,,1,0,0,0,[],[],2,2,,0.0,NA,,,1753676875.517643,,,,0,0,0,0,,,,,0,0,,0.0,Voter,,,,,,,,,,,,,,,,,,,,,,,,1,0,0,0,[],[],3,2,,0.0,NA,,,1753676875.52706,,,,0,0,0,0,,,,,0,0,,0.0,Voter,,,,,,,,,,,,,,,,,,,,,,,,1,0,0,0,[],[],4,2,,0.0,NA,,,1753676875.534656,,,,0,0,0,0,,,,,0,0,,0.0,Voter,,,,,,,,,,,,,,,,,,,,,,,,1,0,0,0,[],[],5,2,,0.0,,,1753676999.3652742,1753677027.900662,1,1,1,1,0,3,15,15,0,,,,,0,Voter,,0,15.0,"[{""round"": 1, ""earnings"": 15.0}]",,,0,0,0,0,,,,,0,0,,0.0,Voter,,,,,,,,2,6,2,explanation 2,,,,,,,,,,,,,,,,,,,,,,,,,,,,,,,,,,,,,,,,,,,,,2,0,,,0,0,0,[],0,{},"{""1"": [{""proposer_id"": 3, ""proposal"": {""s1"": 10, ""s2"": 10, ""s3"": 10}}, {""proposer_id"": 2, ""proposal"": {""s1"": 15, ""s2"": 15, ""s3"": 0}}, {""proposer_id"": 1, ""proposal"": {""s1"": 15, ""s2"": 15, ""s3"": 0}}]}","{""1"": {""proposer_id"": 2, ""proposal"": {""s1"": 15, ""s2"": 15, ""s3"": 0}}}",,,,1,[],,,,0,1,2,,0.0,,,,1753677192.454586,1,,1,3,0,4,10,10,10,,,,,0,Voter,,1,10.0,"[{""round"": 1, ""earnings"": 15.0}, {""round"": 2, ""earnings"": 10.0}]",,,0,0,0,0,,,,,0,0,,0.0,Voter,,,,,,,,,,,,,,,,,,,,,,,,,,,,,,,,,,,,,,,,,,,,,,,,,,,,,,,,2,0,,,0,0,0,[],0,{},"{""1"": [{""proposer_id"": 1, ""proposal"": {""s1"": 10, ""s2"": 10, ""s3"": 10}}, {""proposer_id"": 3, ""proposal"": {""s1"": 10, ""s2"": 10, ""s3"": 10}}, {""proposer_id"": 2, ""proposal"": {""s1"": 10, ""s2"": 10, ""s3"": 10}}]}","{""1"": {""proposer_id"": 1, ""proposal"": {""s1"": 10, ""s2"": 10, ""s3"": 10}}}",,,,1,[],,,,0,2,2,,0.0,,,,1753677467.120966,1,,1,1,0,4,10,10,10,,,,,0,Voter,,0,0.0,[],,,0,0,0,0,,,,,0,0,,0.0,Voter,,,,,,,,,,,,,,1,2,2,12,21,,,,,,,,18,,,,,,,,,,,,,,,2,3,4,2,,,,,,,,,,,,2,0,,,0,1,1,[],0,{},"{""1"": [{""proposer_id"": 3, ""proposal"": {""s1"": 10, ""s2"": 10, ""s3"": 10}}, {""proposer_id"": 1, ""proposal"": {""s1"": 10, ""s2"": 10, ""s3"": 10}}, {""proposer_id"": 2, ""proposal"": {""s1"": -10, ""s2"": -10, ""s3"": -10}}]}",{},,,,0,[],,,,0,3
3,1b9eppol,,0,127,129,fund_vanishes,Bonus,2025-07-28 04:21:43.121559,1,,,0.0,,1,,,,qi98jfy3,,,,,1,0.0,experiment,Study001,Pilot1,1.0,,[],,,,3,,0.0,,Study001,,1753676880.429682,,,,0,0,0,0,2,1,2,,0,0,,0.0,Voter,,,,,,,,,,1,,3,6,2,2,Algeria,1,,,1,,1,,1,0,0,0,[],[],1,3,,0.0,NA,,,1753676965.014936,,,,0,0,0,0,,,,,0,0,,0.0,Voter,,,,,,,,,,,,,,,,,,,,,,,,1,0,0,0,[],[],2,3,,0.0,NA,,,1753676965.0298922,,,,0,0,0,0,,,,,0,0,,0.0,Voter,,,,,,,,,,,,,,,,,,,,,,,,1,0,0,0,[],[],3,3,,0.0,NA,,,1753676965.0412002,,,,0,0,0,0,,,,,0,0,,0.0,Voter,,,,,,,,,,,,,,,,,,,,,,,,1,0,0,0,[],[],4,3,,0.0,NA,,,1753676965.0495749,,,,0,0,0,0,,,,,0,0,,0.0,Voter,,,,,,,,,,,,,,,,,,,,,,,,1,0,0,0,[],[],5,3,,0.0,,,1753676998.9462311,1753677027.866689,1,1,1,3,0,3,10,10,10,,,,,0,Proposer,,1,0.0,"[{""round"": 1, ""earnings"": 0.0}]",,,0,0,0,0,,,,,0,0,,0.0,Voter,,,,,,,,3,5,5,explanation 3,,,,,,,,,,,,,,,,,,,,,,,,,,,,,,,,,,,,,,,,,,,,,2,0,,,0,0,0,[],0,{},"{""1"": [{""proposer_id"": 3, ""proposal"": {""s1"": 10, ""s2"": 10, ""s3"": 10}}, {""proposer_id"": 2, ""proposal"": {""s1"": 15, ""s2"": 15, ""s3"": 0}}, {""proposer_id"": 1, ""proposal"": {""s1"": 15, ""s2"": 15, ""s3"": 0}}]}","{""1"": {""proposer_id"": 2, ""proposal"": {""s1"": 15, ""s2"": 15, ""s3"": 0}}}",,,,1,[],,,,0,1,3,,0.0,,,,1753677192.4812548,1,,1,1,0,4,10,10,10,,,,,0,Proposer,,0,10.0,"[{""round"": 1, ""earnings"": 0.0}, {""round"": 2, ""earnings"": 10.0}]",,,0,0,0,0,,,,,0,0,,0.0,Voter,,,,,,,,,,,,,,,,,,,,,,,,,,,,,,,,,,,,,,,,,,,,,,,,,,,,,,,,2,0,,,0,0,0,[],0,{},"{""1"": [{""proposer_id"": 1, ""proposal"": {""s1"": 10, ""s2"": 10, ""s3"": 10}}, {""proposer_id"": 3, ""proposal"": {""s1"": 10, ""s2"": 10, ""s3"": 10}}, {""proposer_id"": 2, ""proposal"": {""s1"": 10, ""s2"": 10, ""s3"": 10}}]}","{""1"": {""proposer_id"": 1, ""proposal"": {""s1"": 10, ""s2"": 10, ""s3"": 10}}}",,,,1,[],,,,0,2,3,,0.0,,,,1753677638.0534332,1,,1,3,0,4,10,10,10,,,,,0,Proposer,,0,0.0,[],,,0,0,0,0,,,,,0,0,,0.0,Voter,,,,,,,,,,,,,,2,3,2,some considerations,a few considerations,3,2,3,4,12.0,21.0,12.0,18,4,,12,4,4,3,5,5,1,7,religion,,,,3,2,4,3,4,2,3,2,3,3,5,6,5,4,,2,0,,,0,1,1,[],0,{},"{""1"": [{""proposer_id"": 3, ""proposal"": {""s1"": 10, ""s2"": 10, ""s3"": 10}}, {""proposer_id"": 1, ""proposal"": {""s1"": 10, ""s2"": 10, ""s3"": 10}}, {""proposer_id"": 2, ""proposal"": {""s1"": -10, ""s2"": -10, ""s3"": -10}}]}",{},,,,0,[],,,,0,3
4,xmbgo6go,,0,63,129,fund_vanishes,PaymentInfo,2025-07-28 04:38:11.484699,1,,,0.0,,1,,,,qi98jfy3,,,,,1,0.0,experiment,Study001,Pilot1,1.0,,[],,,,4,,0.0,,Study001,,1753677572.566844,,,,0,0,0,0,2,1,2,,0,0,,0.0,Voter,,,,,,,,,,1,,4,3,3,1,,1,,,2,,,1,1,0,0,0,[],[],1,4,,0.0,NA,,,1753677591.581316,,,,0,0,0,0,,,,,0,0,,0.0,Voter,,,,,,,,,,,,,,,,,,,,,,,,1,0,0,0,[],[],2,4,,0.0,NA,,,1753677591.594003,,,,0,0,0,0,,,,,0,0,,0.0,Voter,,,,,,,,,,,,,,,,,,,,,,,,1,0,0,0,[],[],3,4,,0.0,NA,,,1753677591.60429,,,,0,0,0,0,,,,,0,0,,0.0,Voter,,,,,,,,,,,,,,,,,,,,,,,,1,0,0,0,[],[],4,4,,0.0,NA,,,1753677591.613101,,,,0,0,0,0,,,,,0,0,,0.0,Voter,,,,,,,,,,,,,,,,,,,,,,,,1,0,0,0,[],[],5,3,,0.0,,,1753677628.378259,1753677763.5513759,0,5,1,3,0,2,0,0,0,0.0,0.0,0.0,DO-000XKD,0,Proposer,,0,0.0,[],0.0,,0,0,0,0,,,,,1,0,,0.0,Voter,,,,,,,,,,,,,,,,,,,,,,,,,,,,,,,,,,,,,,,,,,,,,,,,,,,,,,,,3,0,,,0,1,1,[],0,{},"{""1"": [{""proposer_id"": 2, ""proposal"": {""s1"": 10, ""s2"": 10, ""s3"": 10}}, {""proposer_id"": 1, ""proposal"": {""s1"": 10, ""s2"": 10, ""s3"": 10}}, {""proposer_id"": 3, ""proposal"": {""s1"": -10, ""s2"": -10, ""s3"": -10}}]}",{},,,,0,[],,,,0,1,3,,0.0,,,,,0,,,,0,0,,,,,,,,0,Proposer,,0,0.0,[],,,0,0,0,0,,,,,0,0,,0.0,Voter,,,,,,,,,,,,,,,,,,,,,,,,,,,,,,,,,,,,,,,,,,,,,,,,,,,,,,,,3,0,,,0,0,0,[],0,{},{},{},,,,0,[],,,,0,2,3,,0.0,,,,,0,,,,0,0,,,,,,,,0,Proposer,,0,0.0,[],,,0,0,0,0,,,,,0,0,,0.0,Voter,,,,,,,,,,,,,,,,,,,,,,,,,,,,,,,,,,,,,,,,,,,,,,,,,,,,,,,,3,0,,,0,0,0,[],0,{},{},{},,,,0,[],,,,0,3
5,0j3b9fcd,,0,63,129,fund_vanishes,PaymentInfo,2025-07-28 04:38:15.887788,1,,,0.0,,1,,,,qi98jfy3,,,,,1,0.0,experiment,Study001,Pilot1,1.0,,[],,,,5,,0.0,,Study001,,1753677550.628648,,,,0,0,0,0,2,1,2,,0,0,,0.0,Voter,,,,,,,,,,1,,6,4,5,1,,1,,,1,,1,,1,0,0,0,[],[],1,5,,0.0,NA,,,1753677569.323286,,,,0,0,0,0,,,,,0,0,,0.0,Voter,,,,,,,,,,,,,,,,,,,,,,,,1,0,0,0,[],[],2,5,,0.0,NA,,,1753677569.334612,,,,0,0,0,0,,,,,0,0,,0.0,Voter,,,,,,,,,,,,,,,,,,,,,,,,1,0,0,0,[],[],3,5,,0.0,NA,,,1753677569.347144,,,,0,0,0,0,,,,,0,0,,0.0,Voter,,,,,,,,,,,,,,,,,,,,,,,,1,0,0,0,[],[],4,5,,0.0,NA,,,1753677569.35585,,,,0,0,0,0,,,,,0,0,,0.0,Voter,,,,,,,,,,,,,,,,,,,,,,,,1,0,0,0,[],[],5,1,,0.0,,1753677947.6168342,1753677628.3661618,1753677767.436919,0,5,1,1,0,2,10,10,10,0.0,1.0,2.0,PFS-323ADQ,0,Proposer,,0,0.0,[],3.0,,0,0,0,0,,,,,0,0,,0.0,Voter,,,,,,,,2,4,4,explanation,,,2,2,2,12,21,2,4,2,3,12.0,12.12,12345.0,18,2,,0,3,5,7,3,7,1,2,,,,1,2,4,2,4,6,2,3,2,3,1,6,5,2,5,bagaining,3,0,,,0,1,1,[],0,{},"{""1"": [{""proposer_id"": 2, ""proposal"": {""s1"": 10, ""s2"": 10, ""s3"": 10}}, {""proposer_id"": 1, ""proposal"": {""s1"": 10, ""s2"": 10, ""s3"": 10}}, {""proposer_id"": 3, ""proposal"": {""s1"": -10, ""s2"": -10, ""s3"": -10}}]}",{},,,,0,[],,,,0,1,1,,0.0,,,,,0,,,,0,0,,,,,,,,0,Proposer,,0,0.0,[],,,0,0,0,0,,,,,0,0,,0.0,Voter,,,,,,,,,,,,,,,,,,,,,,,,,,,,,,,,,,,,,,,,,,,,,,,,,,,,,,,,3,0,,,0,0,0,[],0,{},{},{},,,,0,[],,,,0,2,1,,0.0,,,,,0,,,,0,0,,,,,,,,0,Proposer,,0,0.0,[],,,0,0,0,0,,,,,0,0,,0.0,Voter,,,,,,,,,,,,,,,,,,,,,,,,,,,,,,,,,,,,,,,,,,,,,,,,,,,,,,,,3,0,,,0,0,0,[],0,{},{},{},,,,0,[],,,,0,3
6,yao2wbik,,0,63,129,fund_vanishes,PaymentInfo,2025-07-28 04:38:17.726396,1,,,0.0,,1,,,,qi98jfy3,,,,,1,0.0,experiment,Study001,Pilot1,1.0,,[],,,,6,,0.0,,Study001,,1753677596.517257,,,,0,0,0,0,2,1,2,,0,0,,0.0,Voter,,,,,,,,,,1,,2,4,2,1,,1,,,2,,,1,1,0,0,0,[],[],1,6,,0.0,NA,,,1753677623.5710049,,,,0,0,0,0,,,,,0,0,,0.0,Voter,,,,,,,,,,,,,,,,,,,,,,,,1,0,0,0,[],[],2,6,,0.0,NA,,,1753677623.583528,,,,0,0,0,0,,,,,0,0,,0.0,Voter,,,,,,,,,,,,,,,,,,,,,,,,1,0,0,0,[],[],3,6,,0.0,NA,,,1753677623.593585,,,,0,0,0,0,,,,,0,0,,0.0,Voter,,,,,,,,,,,,,,,,,,,,,,,,1,0,0,0,[],[],4,6,,0.0,NA,,,1753677623.6018271,,,,0,0,0,0,,,,,0,0,,0.0,Voter,,,,,,,,,,,,,,,,,,,,,,,,1,0,0,0,[],[],5,2,,0.0,,1753677875.800525,1753677627.511504,1753677768.984159,0,5,1,2,0,2,10,10,10,0.0,1.0,2.0,PFS-323ADQ,0,Voter,,0,0.0,[],3.0,,0,0,0,0,,,,,0,0,,0.0,Voter,,,,,,,,2,2,2,12,,,2,2,4,12,12,3,5,,,12.1231231,12.0,-1023.123,18,2,,2,4,2,7,2,3,1,8,,3,2,2,2,3,4,2,3,2,3,4,2,2,6,2,7,6,bargaining,3,0,,,0,1,1,[],0,{},"{""1"": [{""proposer_id"": 2, ""proposal"": {""s1"": 10, ""s2"": 10, ""s3"": 10}}, {""proposer_id"": 1, ""proposal"": {""s1"": 10, ""s2"": 10, ""s3"": 10}}, {""proposer_id"": 3, ""proposal"": {""s1"": -10, ""s2"": -10, ""s3"": -10}}]}",{},,,,0,[],,,,0,1,2,,0.0,,,,,0,,,,0,0,,,,,,,,0,Voter,,0,0.0,[],,,0,0,0,0,,,,,0,0,,0.0,Voter,,,,,,,,,,,,,,,,,,,,,,,,,,,,,,,,,,,,,,,,,,,,,,,,,,,,,,,,3,0,,,0,0,0,[],0,{},{},{},,,,0,[],,,,0,2,2,,0.0,,,,,0,,,,0,0,,,,,,,,0,Voter,,0,0.0,[],,,0,0,0,0,,,,,0,0,,0.0,Voter,,,,,,,,,,,,,,,,,,,,,,,,,,,,,,,,,,,,,,,,,,,,,,,,,,,,,,,,3,0,,,0,0,0,[],0,{},{},{},,,,0,[],,,,0,3
7,yxsv2ns3,,0,0,129,,,,0,,,0.0,,1,,,,qi98jfy3,,,,,1,0.0,experiment,Study001,Pilot1,1.0,,[],,,,7,,0.0,NA,,,,,,,0,0,0,0,,,,,0,0,,0.0,Voter,,,,,,,,,,,,,,,,,,,,,,,,1,0,0,0,[],[],1,7,,0.0,NA,,,,,,,0,0,0,0,,,,,0,0,,0.0,Voter,,,,,,,,,,,,,,,,,,,,,,,,1,0,0,0,[],[],2,7,,0.0,NA,,,,,,,0,0,0,0,,,,,0,0,,0.0,Voter,,,,,,,,,,,,,,,,,,,,,,,,1,0,0,0,[],[],3,7,,0.0,NA,,,,,,,0,0,0,0,,,,,0,0,,0.0,Voter,,,,,,,,,,,,,,,,,,,,,,,,1,0,0,0,[],[],4,7,,0.0,NA,,,,,,,0,0,0,0,,,,,0,0,,0.0,Voter,,,,,,,,,,,,,,,,,,,,,,,,1,0,0,0,[],[],5,7,,0.0,,,,,0,,,,0,0,,,,,,,,0,Proposer,,0,0.0,[],,,0,0,0,0,,,,,0,0,,0.0,Voter,,,,,,,,,,,,,,,,,,,,,,,,,,,,,,,,,,,,,,,,,,,,,,,,,,,,,,,,1,0,,,0,0,0,[],0,{},{},{},,,,0,[],,,,0,1,7,,0.0,,,,,0,,,,0,0,,,,,,,,0,Proposer,,0,0.0,[],,,0,0,0,0,,,,,0,0,,0.0,Voter,,,,,,,,,,,,,,,,,,,,,,,,,,,,,,,,,,,,,,,,,,,,,,,,,,,,,,,,1,0,,,0,0,0,[],0,{},{},{},,,,0,[],,,,0,2,7,,0.0,,,,,0,,,,0,0,,,,,,,,0,Proposer,,0,0.0,[],,,0,0,0,0,,,,,0,0,,0.0,Voter,,,,,,,,,,,,,,,,,,,,,,,,,,,,,,,,,,,,,,,,,,,,,,,,,,,,,,,,1,0,,,0,0,0,[],0,{},{},{},,,,0,[],,,,0,3
8,pgkve5d1,,0,0,129,,,,0,,,0.0,,1,,,,qi98jfy3,,,,,1,0.0,experiment,Study001,Pilot1,1.0,,[],,,,8,,0.0,NA,,,,,,,0,0,0,0,,,,,0,0,,0.0,Voter,,,,,,,,,,,,,,,,,,,,,,,,1,0,0,0,[],[],1,8,,0.0,NA,,,,,,,0,0,0,0,,,,,0,0,,0.0,Voter,,,,,,,,,,,,,,,,,,,,,,,,1,0,0,0,[],[],2,8,,0.0,NA,,,,,,,0,0,0,0,,,,,0,0,,0.0,Voter,,,,,,,,,,,,,,,,,,,,,,,,1,0,0,0,[],[],3,8,,0.0,NA,,,,,,,0,0,0,0,,,,,0,0,,0.0,Voter,,,,,,,,,,,,,,,,,,,,,,,,1,0,0,0,[],[],4,8,,0.0,NA,,,,,,,0,0,0,0,,,,,0,0,,0.0,Voter,,,,,,,,,,,,,,,,,,,,,,,,1,0,0,0,[],[],5,8,,0.0,,,,,0,,,,0,0,,,,,,,,0,Proposer,,0,0.0,[],,,0,0,0,0,,,,,0,0,,0.0,Voter,,,,,,,,,,,,,,,,,,,,,,,,,,,,,,,,,,,,,,,,,,,,,,,,,,,,,,,,1,0,,,0,0,0,[],0,{},{},{},,,,0,[],,,,0,1,8,,0.0,,,,,0,,,,0,0,,,,,,,,0,Proposer,,0,0.0,[],,,0,0,0,0,,,,,0,0,,0.0,Voter,,,,,,,,,,,,,,,,,,,,,,,,,,,,,,,,,,,,,,,,,,,,,,,,,,,,,,,,1,0,,,0,0,0,[],0,{},{},{},,,,0,[],,,,0,2,8,,0.0,,,,,0,,,,0,0,,,,,,,,0,Proposer,,0,0.0,[],,,0,0,0,0,,,,,0,0,,0.0,Voter,,,,,,,,,,,,,,,,,,,,,,,,,,,,,,,,,,,,,,,,,,,,,,,,,,,,,,,,1,0,,,0,0,0,[],0,{},{},{},,,,0,[],,,,0,3
9,mcrl594h,,0,0,129,,,,0,,,0.0,,1,,,,qi98jfy3,,,,,1,0.0,experiment,Study001,Pilot1,1.0,,[],,,,9,,0.0,NA,,,,,,,0,0,0,0,,,,,0,0,,0.0,Voter,,,,,,,,,,,,,,,,,,,,,,,,1,0,0,0,[],[],1,9,,0.0,NA,,,,,,,0,0,0,0,,,,,0,0,,0.0,Voter,,,,,,,,,,,,,,,,,,,,,,,,1,0,0,0,[],[],2,9,,0.0,NA,,,,,,,0,0,0,0,,,,,0,0,,0.0,Voter,,,,,,,,,,,,,,,,,,,,,,,,1,0,0,0,[],[],3,9,,0.0,NA,,,,,,,0,0,0,0,,,,,0,0,,0.0,Voter,,,,,,,,,,,,,,,,,,,,,,,,1,0,0,0,[],[],4,9,,0.0,NA,,,,,,,0,0,0,0,,,,,0,0,,0.0,Voter,,,,,,,,,,,,,,,,,,,,,,,,1,0,0,0,[],[],5,9,,0.0,,,,,0,,,,0,0,,,,,,,,0,Voter,,0,0.0,[],,,0,0,0,0,,,,,0,0,,0.0,Voter,,,,,,,,,,,,,,,,,,,,,,,,,,,,,,,,,,,,,,,,,,,,,,,,,,,,,,,,1,0,,,0,0,0,[],0,{},{},{},,,,0,[],,,,0,1,9,,0.0,,,,,0,,,,0,0,,,,,,,,0,Voter,,0,0.0,[],,,0,0,0,0,,,,,0,0,,0.0,Voter,,,,,,,,,,,,,,,,,,,,,,,,,,,,,,,,,,,,,,,,,,,,,,,,,,,,,,,,1,0,,,0,0,0,[],0,{},{},{},,,,0,[],,,,0,2,9,,0.0,,,,,0,,,,0,0,,,,,,,,0,Voter,,0,0.0,[],,,0,0,0,0,,,,,0,0,,0.0,Voter,,,,,,,,,,,,,,,,,,,,,,,,,,,,,,,,,,,,,,,,,,,,,,,,,,,,,,,,1,0,,,0,0,0,[],0,{},{},{},,,,0,[],,,,0,3
10,zyvuttyx,,0,0,129,,,,0,,,0.0,,1,,,,qi98jfy3,,,,,1,0.0,experiment,Study001,Pilot1,1.0,,[],,,,10,,0.0,NA,,,,,,,0,0,0,0,,,,,0,0,,0.0,Voter,,,,,,,,,,,,,,,,,,,,,,,,1,0,0,0,[],[],1,10,,0.0,NA,,,,,,,0,0,0,0,,,,,0,0,,0.0,Voter,,,,,,,,,,,,,,,,,,,,,,,,1,0,0,0,[],[],2,10,,0.0,NA,,,,,,,0,0,0,0,,,,,0,0,,0.0,Voter,,,,,,,,,,,,,,,,,,,,,,,,1,0,0,0,[],[],3,10,,0.0,NA,,,,,,,0,0,0,0,,,,,0,0,,0.0,Voter,,,,,,,,,,,,,,,,,,,,,,,,1,0,0,0,[],[],4,10,,0.0,NA,,,,,,,0,0,0,0,,,,,0,0,,0.0,Voter,,,,,,,,,,,,,,,,,,,,,,,,1,0,0,0,[],[],5,10,,0.0,,,,,0,,,,0,0,,,,,,,,0,Voter,,0,0.0,[],,,0,0,0,0,,,,,0,0,,0.0,Voter,,,,,,,,,,,,,,,,,,,,,,,,,,,,,,,,,,,,,,,,,,,,,,,,,,,,,,,,1,0,,,0,0,0,[],0,{},{},{},,,,0,[],,,,0,1,10,,0.0,,,,,0,,,,0,0,,,,,,,,0,Voter,,0,0.0,[],,,0,0,0,0,,,,,0,0,,0.0,Voter,,,,,,,,,,,,,,,,,,,,,,,,,,,,,,,,,,,,,,,,,,,,,,,,,,,,,,,,1,0,,,0,0,0,[],0,{},{},{},,,,0,[],,,,0,2,10,,0.0,,,,,0,,,,0,0,,,,,,,,0,Voter,,0,0.0,[],,,0,0,0,0,,,,,0,0,,0.0,Voter,,,,,,,,,,,,,,,,,,,,,,,,,,,,,,,,,,,,,,,,,,,,,,,,,,,,,,,,1,0,,,0,0,0,[],0,{},{},{},,,,0,[],,,,0,3
11,8ghnzcyf,,0,0,129,,,,0,,,0.0,,1,,,,qi98jfy3,,,,,1,0.0,experiment,Study001,Pilot1,1.0,,[],,,,11,,0.0,NA,,,,,,,0,0,0,0,,,,,0,0,,0.0,Voter,,,,,,,,,,,,,,,,,,,,,,,,1,0,0,0,[],[],1,11,,0.0,NA,,,,,,,0,0,0,0,,,,,0,0,,0.0,Voter,,,,,,,,,,,,,,,,,,,,,,,,1,0,0,0,[],[],2,11,,0.0,NA,,,,,,,0,0,0,0,,,,,0,0,,0.0,Voter,,,,,,,,,,,,,,,,,,,,,,,,1,0,0,0,[],[],3,11,,0.0,NA,,,,,,,0,0,0,0,,,,,0,0,,0.0,Voter,,,,,,,,,,,,,,,,,,,,,,,,1,0,0,0,[],[],4,11,,0.0,NA,,,,,,,0,0,0,0,,,,,0,0,,0.0,Voter,,,,,,,,,,,,,,,,,,,,,,,,1,0,0,0,[],[],5,11,,0.0,,,,,0,,,,0,0,,,,,,,,0,Voter,,0,0.0,[],,,0,0,0,0,,,,,0,0,,0.0,Voter,,,,,,,,,,,,,,,,,,,,,,,,,,,,,,,,,,,,,,,,,,,,,,,,,,,,,,,,1,0,,,0,0,0,[],0,{},{},{},,,,0,[],,,,0,1,11,,0.0,,,,,0,,,,0,0,,,,,,,,0,Voter,,0,0.0,[],,,0,0,0,0,,,,,0,0,,0.0,Voter,,,,,,,,,,,,,,,,,,,,,,,,,,,,,,,,,,,,,,,,,,,,,,,,,,,,,,,,1,0,,,0,0,0,[],0,{},{},{},,,,0,[],,,,0,2,11,,0.0,,,,,0,,,,0,0,,,,,,,,0,Voter,,0,0.0,[],,,0,0,0,0,,,,,0,0,,0.0,Voter,,,,,,,,,,,,,,,,,,,,,,,,,,,,,,,,,,,,,,,,,,,,,,,,,,,,,,,,1,0,,,0,0,0,[],0,{},{},{},,,,0,[],,,,0,3
12,gvyntsuy,,0,0,129,,,,0,,,0.0,,1,,,,qi98jfy3,,,,,1,0.0,experiment,Study001,Pilot1,1.0,,[],,,,12,,0.0,NA,,,,,,,0,0,0,0,,,,,0,0,,0.0,Voter,,,,,,,,,,,,,,,,,,,,,,,,1,0,0,0,[],[],1,12,,0.0,NA,,,,,,,0,0,0,0,,,,,0,0,,0.0,Voter,,,,,,,,,,,,,,,,,,,,,,,,1,0,0,0,[],[],2,12,,0.0,NA,,,,,,,0,0,0,0,,,,,0,0,,0.0,Voter,,,,,,,,,,,,,,,,,,,,,,,,1,0,0,0,[],[],3,12,,0.0,NA,,,,,,,0,0,0,0,,,,,0,0,,0.0,Voter,,,,,,,,,,,,,,,,,,,,,,,,1,0,0,0,[],[],4,12,,0.0,NA,,,,,,,0,0,0,0,,,,,0,0,,0.0,Voter,,,,,,,,,,,,,,,,,,,,,,,,1,0,0,0,[],[],5,12,,0.0,,,,,0,,,,0,0,,,,,,,,0,Proposer,,0,0.0,[],,,0,0,0,0,,,,,0,0,,0.0,Voter,,,,,,,,,,,,,,,,,,,,,,,,,,,,,,,,,,,,,,,,,,,,,,,,,,,,,,,,1,0,,,0,0,0,[],0,{},{},{},,,,0,[],,,,0,1,12,,0.0,,,,,0,,,,0,0,,,,,,,,0,Proposer,,0,0.0,[],,,0,0,0,0,,,,,0,0,,0.0,Voter,,,,,,,,,,,,,,,,,,,,,,,,,,,,,,,,,,,,,,,,,,,,,,,,,,,,,,,,1,0,,,0,0,0,[],0,{},{},{},,,,0,[],,,,0,2,12,,0.0,,,,,0,,,,0,0,,,,,,,,0,Proposer,,0,0.0,[],,,0,0,0,0,,,,,0,0,,0.0,Voter,,,,,,,,,,,,,,,,,,,,,,,,,,,,,,,,,,,,,,,,,,,,,,,,,,,,,,,,1,0,,,0,0,0,[],0,{},{},{},,,,0,[],,,,0,3
13,e3fl58gp,,0,0,129,,,,0,,,0.0,,1,,,,qi98jfy3,,,,,1,0.0,experiment,Study001,Pilot1,1.0,,[],,,,13,,0.0,NA,,,,,,,0,0,0,0,,,,,0,0,,0.0,Voter,,,,,,,,,,,,,,,,,,,,,,,,1,0,0,0,[],[],1,13,,0.0,NA,,,,,,,0,0,0,0,,,,,0,0,,0.0,Voter,,,,,,,,,,,,,,,,,,,,,,,,1,0,0,0,[],[],2,13,,0.0,NA,,,,,,,0,0,0,0,,,,,0,0,,0.0,Voter,,,,,,,,,,,,,,,,,,,,,,,,1,0,0,0,[],[],3,13,,0.0,NA,,,,,,,0,0,0,0,,,,,0,0,,0.0,Voter,,,,,,,,,,,,,,,,,,,,,,,,1,0,0,0,[],[],4,13,,0.0,NA,,,,,,,0,0,0,0,,,,,0,0,,0.0,Voter,,,,,,,,,,,,,,,,,,,,,,,,1,0,0,0,[],[],5,13,,0.0,,,,,0,,,,0,0,,,,,,,,0,Voter,,0,0.0,[],,,0,0,0,0,,,,,0,0,,0.0,Voter,,,,,,,,,,,,,,,,,,,,,,,,,,,,,,,,,,,,,,,,,,,,,,,,,,,,,,,,1,0,,,0,0,0,[],0,{},{},{},,,,0,[],,,,0,1,13,,0.0,,,,,0,,,,0,0,,,,,,,,0,Voter,,0,0.0,[],,,0,0,0,0,,,,,0,0,,0.0,Voter,,,,,,,,,,,,,,,,,,,,,,,,,,,,,,,,,,,,,,,,,,,,,,,,,,,,,,,,1,0,,,0,0,0,[],0,{},{},{},,,,0,[],,,,0,2,13,,0.0,,,,,0,,,,0,0,,,,,,,,0,Voter,,0,0.0,[],,,0,0,0,0,,,,,0,0,,0.0,Voter,,,,,,,,,,,,,,,,,,,,,,,,,,,,,,,,,,,,,,,,,,,,,,,,,,,,,,,,1,0,,,0,0,0,[],0,{},{},{},,,,0,[],,,,0,3
14,jbpryu81,,0,0,129,,,,0,,,0.0,,1,,,,qi98jfy3,,,,,1,0.0,experiment,Study001,Pilot1,1.0,,[],,,,14,,0.0,NA,,,,,,,0,0,0,0,,,,,0,0,,0.0,Voter,,,,,,,,,,,,,,,,,,,,,,,,1,0,0,0,[],[],1,14,,0.0,NA,,,,,,,0,0,0,0,,,,,0,0,,0.0,Voter,,,,,,,,,,,,,,,,,,,,,,,,1,0,0,0,[],[],2,14,,0.0,NA,,,,,,,0,0,0,0,,,,,0,0,,0.0,Voter,,,,,,,,,,,,,,,,,,,,,,,,1,0,0,0,[],[],3,14,,0.0,NA,,,,,,,0,0,0,0,,,,,0,0,,0.0,Voter,,,,,,,,,,,,,,,,,,,,,,,,1,0,0,0,[],[],4,14,,0.0,NA,,,,,,,0,0,0,0,,,,,0,0,,0.0,Voter,,,,,,,,,,,,,,,,,,,,,,,,1,0,0,0,[],[],5,14,,0.0,,,,,0,,,,0,0,,,,,,,,0,Voter,,0,0.0,[],,,0,0,0,0,,,,,0,0,,0.0,Voter,,,,,,,,,,,,,,,,,,,,,,,,,,,,,,,,,,,,,,,,,,,,,,,,,,,,,,,,1,0,,,0,0,0,[],0,{},{},{},,,,0,[],,,,0,1,14,,0.0,,,,,0,,,,0,0,,,,,,,,0,Voter,,0,0.0,[],,,0,0,0,0,,,,,0,0,,0.0,Voter,,,,,,,,,,,,,,,,,,,,,,,,,,,,,,,,,,,,,,,,,,,,,,,,,,,,,,,,1,0,,,0,0,0,[],0,{},{},{},,,,0,[],,,,0,2,14,,0.0,,,,,0,,,,0,0,,,,,,,,0,Voter,,0,0.0,[],,,0,0,0,0,,,,,0,0,,0.0,Voter,,,,,,,,,,,,,,,,,,,,,,,,,,,,,,,,,,,,,,,,,,,,,,,,,,,,,,,,1,0,,,0,0,0,[],0,{},{},{},,,,0,[],,,,0,3
15,m9sabbd1,,0,0,129,,,,0,,,0.0,,1,,,,qi98jfy3,,,,,1,0.0,experiment,Study001,Pilot1,1.0,,[],,,,15,,0.0,NA,,,,,,,0,0,0,0,,,,,0,0,,0.0,Voter,,,,,,,,,,,,,,,,,,,,,,,,1,0,0,0,[],[],1,15,,0.0,NA,,,,,,,0,0,0,0,,,,,0,0,,0.0,Voter,,,,,,,,,,,,,,,,,,,,,,,,1,0,0,0,[],[],2,15,,0.0,NA,,,,,,,0,0,0,0,,,,,0,0,,0.0,Voter,,,,,,,,,,,,,,,,,,,,,,,,1,0,0,0,[],[],3,15,,0.0,NA,,,,,,,0,0,0,0,,,,,0,0,,0.0,Voter,,,,,,,,,,,,,,,,,,,,,,,,1,0,0,0,[],[],4,15,,0.0,NA,,,,,,,0,0,0,0,,,,,0,0,,0.0,Voter,,,,,,,,,,,,,,,,,,,,,,,,1,0,0,0,[],[],5,15,,0.0,,,,,0,,,,0,0,,,,,,,,0,Voter,,0,0.0,[],,,0,0,0,0,,,,,0,0,,0.0,Voter,,,,,,,,,,,,,,,,,,,,,,,,,,,,,,,,,,,,,,,,,,,,,,,,,,,,,,,,1,0,,,0,0,0,[],0,{},{},{},,,,0,[],,,,0,1,15,,0.0,,,,,0,,,,0,0,,,,,,,,0,Voter,,0,0.0,[],,,0,0,0,0,,,,,0,0,,0.0,Voter,,,,,,,,,,,,,,,,,,,,,,,,,,,,,,,,,,,,,,,,,,,,,,,,,,,,,,,,1,0,,,0,0,0,[],0,{},{},{},,,,0,[],,,,0,2,15,,0.0,,,,,0,,,,0,0,,,,,,,,0,Voter,,0,0.0,[],,,0,0,0,0,,,,,0,0,,0.0,Voter,,,,,,,,,,,,,,,,,,,,,,,,,,,,,,,,,,,,,,,,,,,,,,,,,,,,,,,,1,0,,,0,0,0,[],0,{},{},{},,,,0,[],,,,0,3
16,t3fvgv5o,,0,0,129,,,,0,,,0.0,,1,,,,qi98jfy3,,,,,1,0.0,experiment,Study001,Pilot1,1.0,,[],,,,16,,0.0,NA,,,,,,,0,0,0,0,,,,,0,0,,0.0,Voter,,,,,,,,,,,,,,,,,,,,,,,,1,0,0,0,[],[],1,16,,0.0,NA,,,,,,,0,0,0,0,,,,,0,0,,0.0,Voter,,,,,,,,,,,,,,,,,,,,,,,,1,0,0,0,[],[],2,16,,0.0,NA,,,,,,,0,0,0,0,,,,,0,0,,0.0,Voter,,,,,,,,,,,,,,,,,,,,,,,,1,0,0,0,[],[],3,16,,0.0,NA,,,,,,,0,0,0,0,,,,,0,0,,0.0,Voter,,,,,,,,,,,,,,,,,,,,,,,,1,0,0,0,[],[],4,16,,0.0,NA,,,,,,,0,0,0,0,,,,,0,0,,0.0,Voter,,,,,,,,,,,,,,,,,,,,,,,,1,0,0,0,[],[],5,16,,0.0,,,,,0,,,,0,0,,,,,,,,0,Proposer,,0,0.0,[],,,0,0,0,0,,,,,0,0,,0.0,Voter,,,,,,,,,,,,,,,,,,,,,,,,,,,,,,,,,,,,,,,,,,,,,,,,,,,,,,,,1,0,,,0,0,0,[],0,{},{},{},,,,0,[],,,,0,1,16,,0.0,,,,,0,,,,0,0,,,,,,,,0,Proposer,,0,0.0,[],,,0,0,0,0,,,,,0,0,,0.0,Voter,,,,,,,,,,,,,,,,,,,,,,,,,,,,,,,,,,,,,,,,,,,,,,,,,,,,,,,,1,0,,,0,0,0,[],0,{},{},{},,,,0,[],,,,0,2,16,,0.0,,,,,0,,,,0,0,,,,,,,,0,Proposer,,0,0.0,[],,,0,0,0,0,,,,,0,0,,0.0,Voter,,,,,,,,,,,,,,,,,,,,,,,,,,,,,,,,,,,,,,,,,,,,,,,,,,,,,,,,1,0,,,0,0,0,[],0,{},{},{},,,,0,[],,,,0,3
17,dbbb1fjb,,0,0,129,,,,0,,,0.0,,1,,,,qi98jfy3,,,,,1,0.0,experiment,Study001,Pilot1,1.0,,[],,,,17,,0.0,NA,,,,,,,0,0,0,0,,,,,0,0,,0.0,Voter,,,,,,,,,,,,,,,,,,,,,,,,1,0,0,0,[],[],1,17,,0.0,NA,,,,,,,0,0,0,0,,,,,0,0,,0.0,Voter,,,,,,,,,,,,,,,,,,,,,,,,1,0,0,0,[],[],2,17,,0.0,NA,,,,,,,0,0,0,0,,,,,0,0,,0.0,Voter,,,,,,,,,,,,,,,,,,,,,,,,1,0,0,0,[],[],3,17,,0.0,NA,,,,,,,0,0,0,0,,,,,0,0,,0.0,Voter,,,,,,,,,,,,,,,,,,,,,,,,1,0,0,0,[],[],4,17,,0.0,NA,,,,,,,0,0,0,0,,,,,0,0,,0.0,Voter,,,,,,,,,,,,,,,,,,,,,,,,1,0,0,0,[],[],5,17,,0.0,,,,,0,,,,0,0,,,,,,,,0,Voter,,0,0.0,[],,,0,0,0,0,,,,,0,0,,0.0,Voter,,,,,,,,,,,,,,,,,,,,,,,,,,,,,,,,,,,,,,,,,,,,,,,,,,,,,,,,1,0,,,0,0,0,[],0,{},{},{},,,,0,[],,,,0,1,17,,0.0,,,,,0,,,,0,0,,,,,,,,0,Voter,,0,0.0,[],,,0,0,0,0,,,,,0,0,,0.0,Voter,,,,,,,,,,,,,,,,,,,,,,,,,,,,,,,,,,,,,,,,,,,,,,,,,,,,,,,,1,0,,,0,0,0,[],0,{},{},{},,,,0,[],,,,0,2,17,,0.0,,,,,0,,,,0,0,,,,,,,,0,Voter,,0,0.0,[],,,0,0,0,0,,,,,0,0,,0.0,Voter,,,,,,,,,,,,,,,,,,,,,,,,,,,,,,,,,,,,,,,,,,,,,,,,,,,,,,,,1,0,,,0,0,0,[],0,{},{},{},,,,0,[],,,,0,3
18,qdswh7ex,,0,0,129,,,,0,,,0.0,,1,,,,qi98jfy3,,,,,1,0.0,experiment,Study001,Pilot1,1.0,,[],,,,18,,0.0,NA,,,,,,,0,0,0,0,,,,,0,0,,0.0,Voter,,,,,,,,,,,,,,,,,,,,,,,,1,0,0,0,[],[],1,18,,0.0,NA,,,,,,,0,0,0,0,,,,,0,0,,0.0,Voter,,,,,,,,,,,,,,,,,,,,,,,,1,0,0,0,[],[],2,18,,0.0,NA,,,,,,,0,0,0,0,,,,,0,0,,0.0,Voter,,,,,,,,,,,,,,,,,,,,,,,,1,0,0,0,[],[],3,18,,0.0,NA,,,,,,,0,0,0,0,,,,,0,0,,0.0,Voter,,,,,,,,,,,,,,,,,,,,,,,,1,0,0,0,[],[],4,18,,0.0,NA,,,,,,,0,0,0,0,,,,,0,0,,0.0,Voter,,,,,,,,,,,,,,,,,,,,,,,,1,0,0,0,[],[],5,18,,0.0,,,,,0,,,,0,0,,,,,,,,0,Voter,,0,0.0,[],,,0,0,0,0,,,,,0,0,,0.0,Voter,,,,,,,,,,,,,,,,,,,,,,,,,,,,,,,,,,,,,,,,,,,,,,,,,,,,,,,,1,0,,,0,0,0,[],0,{},{},{},,,,0,[],,,,0,1,18,,0.0,,,,,0,,,,0,0,,,,,,,,0,Voter,,0,0.0,[],,,0,0,0,0,,,,,0,0,,0.0,Voter,,,,,,,,,,,,,,,,,,,,,,,,,,,,,,,,,,,,,,,,,,,,,,,,,,,,,,,,1,0,,,0,0,0,[],0,{},{},{},,,,0,[],,,,0,2,18,,0.0,,,,,0,,,,0,0,,,,,,,,0,Voter,,0,0.0,[],,,0,0,0,0,,,,,0,0,,0.0,Voter,,,,,,,,,,,,,,,,,,,,,,,,,,,,,,,,,,,,,,,,,,,,,,,,,,,,,,,,1,0,,,0,0,0,[],0,{},{},{},,,,0,[],,,,0,3
19,wpi9zuu0,,0,0,129,,,,0,,,0.0,,1,,,,qi98jfy3,,,,,1,0.0,experiment,Study001,Pilot1,1.0,,[],,,,19,,0.0,NA,,,,,,,0,0,0,0,,,,,0,0,,0.0,Voter,,,,,,,,,,,,,,,,,,,,,,,,1,0,0,0,[],[],1,19,,0.0,NA,,,,,,,0,0,0,0,,,,,0,0,,0.0,Voter,,,,,,,,,,,,,,,,,,,,,,,,1,0,0,0,[],[],2,19,,0.0,NA,,,,,,,0,0,0,0,,,,,0,0,,0.0,Voter,,,,,,,,,,,,,,,,,,,,,,,,1,0,0,0,[],[],3,19,,0.0,NA,,,,,,,0,0,0,0,,,,,0,0,,0.0,Voter,,,,,,,,,,,,,,,,,,,,,,,,1,0,0,0,[],[],4,19,,0.0,NA,,,,,,,0,0,0,0,,,,,0,0,,0.0,Voter,,,,,,,,,,,,,,,,,,,,,,,,1,0,0,0,[],[],5,19,,0.0,,,,,0,,,,0,0,,,,,,,,0,Proposer,,0,0.0,[],,,0,0,0,0,,,,,0,0,,0.0,Voter,,,,,,,,,,,,,,,,,,,,,,,,,,,,,,,,,,,,,,,,,,,,,,,,,,,,,,,,1,0,,,0,0,0,[],0,{},{},{},,,,0,[],,,,0,1,19,,0.0,,,,,0,,,,0,0,,,,,,,,0,Proposer,,0,0.0,[],,,0,0,0,0,,,,,0,0,,0.0,Voter,,,,,,,,,,,,,,,,,,,,,,,,,,,,,,,,,,,,,,,,,,,,,,,,,,,,,,,,1,0,,,0,0,0,[],0,{},{},{},,,,0,[],,,,0,2,19,,0.0,,,,,0,,,,0,0,,,,,,,,0,Proposer,,0,0.0,[],,,0,0,0,0,,,,,0,0,,0.0,Voter,,,,,,,,,,,,,,,,,,,,,,,,,,,,,,,,,,,,,,,,,,,,,,,,,,,,,,,,1,0,,,0,0,0,[],0,{},{},{},,,,0,[],,,,0,3
20,nepl7h73,,0,0,129,,,,0,,,0.0,,1,,,,qi98jfy3,,,,,1,0.0,experiment,Study001,Pilot1,1.0,,[],,,,20,,0.0,NA,,,,,,,0,0,0,0,,,,,0,0,,0.0,Voter,,,,,,,,,,,,,,,,,,,,,,,,1,0,0,0,[],[],1,20,,0.0,NA,,,,,,,0,0,0,0,,,,,0,0,,0.0,Voter,,,,,,,,,,,,,,,,,,,,,,,,1,0,0,0,[],[],2,20,,0.0,NA,,,,,,,0,0,0,0,,,,,0,0,,0.0,Voter,,,,,,,,,,,,,,,,,,,,,,,,1,0,0,0,[],[],3,20,,0.0,NA,,,,,,,0,0,0,0,,,,,0,0,,0.0,Voter,,,,,,,,,,,,,,,,,,,,,,,,1,0,0,0,[],[],4,20,,0.0,NA,,,,,,,0,0,0,0,,,,,0,0,,0.0,Voter,,,,,,,,,,,,,,,,,,,,,,,,1,0,0,0,[],[],5,20,,0.0,,,,,0,,,,0,0,,,,,,,,0,Proposer,,0,0.0,[],,,0,0,0,0,,,,,0,0,,0.0,Voter,,,,,,,,,,,,,,,,,,,,,,,,,,,,,,,,,,,,,,,,,,,,,,,,,,,,,,,,1,0,,,0,0,0,[],0,{},{},{},,,,0,[],,,,0,1,20,,0.0,,,,,0,,,,0,0,,,,,,,,0,Proposer,,0,0.0,[],,,0,0,0,0,,,,,0,0,,0.0,Voter,,,,,,,,,,,,,,,,,,,,,,,,,,,,,,,,,,,,,,,,,,,,,,,,,,,,,,,,1,0,,,0,0,0,[],0,{},{},{},,,,0,[],,,,0,2,20,,0.0,,,,,0,,,,0,0,,,,,,,,0,Proposer,,0,0.0,[],,,0,0,0,0,,,,,0,0,,0.0,Voter,,,,,,,,,,,,,,,,,,,,,,,,,,,,,,,,,,,,,,,,,,,,,,,,,,,,,,,,1,0,,,0,0,0,[],0,{},{},{},,,,0,[],,,,0,3
21,908p534j,,0,0,129,,,,0,,,0.0,,1,,,,qi98jfy3,,,,,1,0.0,experiment,Study001,Pilot1,1.0,,[],,,,21,,0.0,NA,,,,,,,0,0,0,0,,,,,0,0,,0.0,Voter,,,,,,,,,,,,,,,,,,,,,,,,1,0,0,0,[],[],1,21,,0.0,NA,,,,,,,0,0,0,0,,,,,0,0,,0.0,Voter,,,,,,,,,,,,,,,,,,,,,,,,1,0,0,0,[],[],2,21,,0.0,NA,,,,,,,0,0,0,0,,,,,0,0,,0.0,Voter,,,,,,,,,,,,,,,,,,,,,,,,1,0,0,0,[],[],3,21,,0.0,NA,,,,,,,0,0,0,0,,,,,0,0,,0.0,Voter,,,,,,,,,,,,,,,,,,,,,,,,1,0,0,0,[],[],4,21,,0.0,NA,,,,,,,0,0,0,0,,,,,0,0,,0.0,Voter,,,,,,,,,,,,,,,,,,,,,,,,1,0,0,0,[],[],5,21,,0.0,,,,,0,,,,0,0,,,,,,,,0,Proposer,,0,0.0,[],,,0,0,0,0,,,,,0,0,,0.0,Voter,,,,,,,,,,,,,,,,,,,,,,,,,,,,,,,,,,,,,,,,,,,,,,,,,,,,,,,,1,0,,,0,0,0,[],0,{},{},{},,,,0,[],,,,0,1,21,,0.0,,,,,0,,,,0,0,,,,,,,,0,Proposer,,0,0.0,[],,,0,0,0,0,,,,,0,0,,0.0,Voter,,,,,,,,,,,,,,,,,,,,,,,,,,,,,,,,,,,,,,,,,,,,,,,,,,,,,,,,1,0,,,0,0,0,[],0,{},{},{},,,,0,[],,,,0,2,21,,0.0,,,,,0,,,,0,0,,,,,,,,0,Proposer,,0,0.0,[],,,0,0,0,0,,,,,0,0,,0.0,Voter,,,,,,,,,,,,,,,,,,,,,,,,,,,,,,,,,,,,,,,,,,,,,,,,,,,,,,,,1,0,,,0,0,0,[],0,{},{},{},,,,0,[],,,,0,3
22,ty80pgyx,,0,0,129,,,,0,,,0.0,,1,,,,qi98jfy3,,,,,1,0.0,experiment,Study001,Pilot1,1.0,,[],,,,22,,0.0,NA,,,,,,,0,0,0,0,,,,,0,0,,0.0,Voter,,,,,,,,,,,,,,,,,,,,,,,,1,0,0,0,[],[],1,22,,0.0,NA,,,,,,,0,0,0,0,,,,,0,0,,0.0,Voter,,,,,,,,,,,,,,,,,,,,,,,,1,0,0,0,[],[],2,22,,0.0,NA,,,,,,,0,0,0,0,,,,,0,0,,0.0,Voter,,,,,,,,,,,,,,,,,,,,,,,,1,0,0,0,[],[],3,22,,0.0,NA,,,,,,,0,0,0,0,,,,,0,0,,0.0,Voter,,,,,,,,,,,,,,,,,,,,,,,,1,0,0,0,[],[],4,22,,0.0,NA,,,,,,,0,0,0,0,,,,,0,0,,0.0,Voter,,,,,,,,,,,,,,,,,,,,,,,,1,0,0,0,[],[],5,22,,0.0,,,,,0,,,,0,0,,,,,,,,0,Proposer,,0,0.0,[],,,0,0,0,0,,,,,0,0,,0.0,Voter,,,,,,,,,,,,,,,,,,,,,,,,,,,,,,,,,,,,,,,,,,,,,,,,,,,,,,,,1,0,,,0,0,0,[],0,{},{},{},,,,0,[],,,,0,1,22,,0.0,,,,,0,,,,0,0,,,,,,,,0,Proposer,,0,0.0,[],,,0,0,0,0,,,,,0,0,,0.0,Voter,,,,,,,,,,,,,,,,,,,,,,,,,,,,,,,,,,,,,,,,,,,,,,,,,,,,,,,,1,0,,,0,0,0,[],0,{},{},{},,,,0,[],,,,0,2,22,,0.0,,,,,0,,,,0,0,,,,,,,,0,Proposer,,0,0.0,[],,,0,0,0,0,,,,,0,0,,0.0,Voter,,,,,,,,,,,,,,,,,,,,,,,,,,,,,,,,,,,,,,,,,,,,,,,,,,,,,,,,1,0,,,0,0,0,[],0,{},{},{},,,,0,[],,,,0,3
23,a51z91gs,,0,0,129,,,,0,,,0.0,,1,,,,qi98jfy3,,,,,1,0.0,experiment,Study001,Pilot1,1.0,,[],,,,23,,0.0,NA,,,,,,,0,0,0,0,,,,,0,0,,0.0,Voter,,,,,,,,,,,,,,,,,,,,,,,,1,0,0,0,[],[],1,23,,0.0,NA,,,,,,,0,0,0,0,,,,,0,0,,0.0,Voter,,,,,,,,,,,,,,,,,,,,,,,,1,0,0,0,[],[],2,23,,0.0,NA,,,,,,,0,0,0,0,,,,,0,0,,0.0,Voter,,,,,,,,,,,,,,,,,,,,,,,,1,0,0,0,[],[],3,23,,0.0,NA,,,,,,,0,0,0,0,,,,,0,0,,0.0,Voter,,,,,,,,,,,,,,,,,,,,,,,,1,0,0,0,[],[],4,23,,0.0,NA,,,,,,,0,0,0,0,,,,,0,0,,0.0,Voter,,,,,,,,,,,,,,,,,,,,,,,,1,0,0,0,[],[],5,23,,0.0,,,,,0,,,,0,0,,,,,,,,0,Proposer,,0,0.0,[],,,0,0,0,0,,,,,0,0,,0.0,Voter,,,,,,,,,,,,,,,,,,,,,,,,,,,,,,,,,,,,,,,,,,,,,,,,,,,,,,,,1,0,,,0,0,0,[],0,{},{},{},,,,0,[],,,,0,1,23,,0.0,,,,,0,,,,0,0,,,,,,,,0,Proposer,,0,0.0,[],,,0,0,0,0,,,,,0,0,,0.0,Voter,,,,,,,,,,,,,,,,,,,,,,,,,,,,,,,,,,,,,,,,,,,,,,,,,,,,,,,,1,0,,,0,0,0,[],0,{},{},{},,,,0,[],,,,0,2,23,,0.0,,,,,0,,,,0,0,,,,,,,,0,Proposer,,0,0.0,[],,,0,0,0,0,,,,,0,0,,0.0,Voter,,,,,,,,,,,,,,,,,,,,,,,,,,,,,,,,,,,,,,,,,,,,,,,,,,,,,,,,1,0,,,0,0,0,[],0,{},{},{},,,,0,[],,,,0,3
24,mpejpehc,,0,0,129,,,,0,,,0.0,,1,,,,qi98jfy3,,,,,1,0.0,experiment,Study001,Pilot1,1.0,,[],,,,24,,0.0,NA,,,,,,,0,0,0,0,,,,,0,0,,0.0,Voter,,,,,,,,,,,,,,,,,,,,,,,,1,0,0,0,[],[],1,24,,0.0,NA,,,,,,,0,0,0,0,,,,,0,0,,0.0,Voter,,,,,,,,,,,,,,,,,,,,,,,,1,0,0,0,[],[],2,24,,0.0,NA,,,,,,,0,0,0,0,,,,,0,0,,0.0,Voter,,,,,,,,,,,,,,,,,,,,,,,,1,0,0,0,[],[],3,24,,0.0,NA,,,,,,,0,0,0,0,,,,,0,0,,0.0,Voter,,,,,,,,,,,,,,,,,,,,,,,,1,0,0,0,[],[],4,24,,0.0,NA,,,,,,,0,0,0,0,,,,,0,0,,0.0,Voter,,,,,,,,,,,,,,,,,,,,,,,,1,0,0,0,[],[],5,24,,0.0,,,,,0,,,,0,0,,,,,,,,0,Voter,,0,0.0,[],,,0,0,0,0,,,,,0,0,,0.0,Voter,,,,,,,,,,,,,,,,,,,,,,,,,,,,,,,,,,,,,,,,,,,,,,,,,,,,,,,,1,0,,,0,0,0,[],0,{},{},{},,,,0,[],,,,0,1,24,,0.0,,,,,0,,,,0,0,,,,,,,,0,Voter,,0,0.0,[],,,0,0,0,0,,,,,0,0,,0.0,Voter,,,,,,,,,,,,,,,,,,,,,,,,,,,,,,,,,,,,,,,,,,,,,,,,,,,,,,,,1,0,,,0,0,0,[],0,{},{},{},,,,0,[],,,,0,2,24,,0.0,,,,,0,,,,0,0,,,,,,,,0,Voter,,0,0.0,[],,,0,0,0,0,,,,,0,0,,0.0,Voter,,,,,,,,,,,,,,,,,,,,,,,,,,,,,,,,,,,,,,,,,,,,,,,,,,,,,,,,1,0,,,0,0,0,[],0,{},{},{},,,,0,[],,,,0,3
25,5y9um1k2,,0,0,129,,,,0,,,0.0,,1,,,,qi98jfy3,,,,,1,0.0,experiment,Study001,Pilot1,1.0,,[],,,,25,,0.0,NA,,,,,,,0,0,0,0,,,,,0,0,,0.0,Voter,,,,,,,,,,,,,,,,,,,,,,,,1,0,0,0,[],[],1,25,,0.0,NA,,,,,,,0,0,0,0,,,,,0,0,,0.0,Voter,,,,,,,,,,,,,,,,,,,,,,,,1,0,0,0,[],[],2,25,,0.0,NA,,,,,,,0,0,0,0,,,,,0,0,,0.0,Voter,,,,,,,,,,,,,,,,,,,,,,,,1,0,0,0,[],[],3,25,,0.0,NA,,,,,,,0,0,0,0,,,,,0,0,,0.0,Voter,,,,,,,,,,,,,,,,,,,,,,,,1,0,0,0,[],[],4,25,,0.0,NA,,,,,,,0,0,0,0,,,,,0,0,,0.0,Voter,,,,,,,,,,,,,,,,,,,,,,,,1,0,0,0,[],[],5,25,,0.0,,,,,0,,,,0,0,,,,,,,,0,Voter,,0,0.0,[],,,0,0,0,0,,,,,0,0,,0.0,Voter,,,,,,,,,,,,,,,,,,,,,,,,,,,,,,,,,,,,,,,,,,,,,,,,,,,,,,,,1,0,,,0,0,0,[],0,{},{},{},,,,0,[],,,,0,1,25,,0.0,,,,,0,,,,0,0,,,,,,,,0,Voter,,0,0.0,[],,,0,0,0,0,,,,,0,0,,0.0,Voter,,,,,,,,,,,,,,,,,,,,,,,,,,,,,,,,,,,,,,,,,,,,,,,,,,,,,,,,1,0,,,0,0,0,[],0,{},{},{},,,,0,[],,,,0,2,25,,0.0,,,,,0,,,,0,0,,,,,,,,0,Voter,,0,0.0,[],,,0,0,0,0,,,,,0,0,,0.0,Voter,,,,,,,,,,,,,,,,,,,,,,,,,,,,,,,,,,,,,,,,,,,,,,,,,,,,,,,,1,0,,,0,0,0,[],0,{},{},{},,,,0,[],,,,0,3
26,cm806z76,,0,0,129,,,,0,,,0.0,,1,,,,qi98jfy3,,,,,1,0.0,experiment,Study001,Pilot1,1.0,,[],,,,26,,0.0,NA,,,,,,,0,0,0,0,,,,,0,0,,0.0,Voter,,,,,,,,,,,,,,,,,,,,,,,,1,0,0,0,[],[],1,26,,0.0,NA,,,,,,,0,0,0,0,,,,,0,0,,0.0,Voter,,,,,,,,,,,,,,,,,,,,,,,,1,0,0,0,[],[],2,26,,0.0,NA,,,,,,,0,0,0,0,,,,,0,0,,0.0,Voter,,,,,,,,,,,,,,,,,,,,,,,,1,0,0,0,[],[],3,26,,0.0,NA,,,,,,,0,0,0,0,,,,,0,0,,0.0,Voter,,,,,,,,,,,,,,,,,,,,,,,,1,0,0,0,[],[],4,26,,0.0,NA,,,,,,,0,0,0,0,,,,,0,0,,0.0,Voter,,,,,,,,,,,,,,,,,,,,,,,,1,0,0,0,[],[],5,26,,0.0,,,,,0,,,,0,0,,,,,,,,0,Voter,,0,0.0,[],,,0,0,0,0,,,,,0,0,,0.0,Voter,,,,,,,,,,,,,,,,,,,,,,,,,,,,,,,,,,,,,,,,,,,,,,,,,,,,,,,,1,0,,,0,0,0,[],0,{},{},{},,,,0,[],,,,0,1,26,,0.0,,,,,0,,,,0,0,,,,,,,,0,Voter,,0,0.0,[],,,0,0,0,0,,,,,0,0,,0.0,Voter,,,,,,,,,,,,,,,,,,,,,,,,,,,,,,,,,,,,,,,,,,,,,,,,,,,,,,,,1,0,,,0,0,0,[],0,{},{},{},,,,0,[],,,,0,2,26,,0.0,,,,,0,,,,0,0,,,,,,,,0,Voter,,0,0.0,[],,,0,0,0,0,,,,,0,0,,0.0,Voter,,,,,,,,,,,,,,,,,,,,,,,,,,,,,,,,,,,,,,,,,,,,,,,,,,,,,,,,1,0,,,0,0,0,[],0,{},{},{},,,,0,[],,,,0,3
27,fwltqtye,,0,0,129,,,,0,,,0.0,,1,,,,qi98jfy3,,,,,1,0.0,experiment,Study001,Pilot1,1.0,,[],,,,27,,0.0,NA,,,,,,,0,0,0,0,,,,,0,0,,0.0,Voter,,,,,,,,,,,,,,,,,,,,,,,,1,0,0,0,[],[],1,27,,0.0,NA,,,,,,,0,0,0,0,,,,,0,0,,0.0,Voter,,,,,,,,,,,,,,,,,,,,,,,,1,0,0,0,[],[],2,27,,0.0,NA,,,,,,,0,0,0,0,,,,,0,0,,0.0,Voter,,,,,,,,,,,,,,,,,,,,,,,,1,0,0,0,[],[],3,27,,0.0,NA,,,,,,,0,0,0,0,,,,,0,0,,0.0,Voter,,,,,,,,,,,,,,,,,,,,,,,,1,0,0,0,[],[],4,27,,0.0,NA,,,,,,,0,0,0,0,,,,,0,0,,0.0,Voter,,,,,,,,,,,,,,,,,,,,,,,,1,0,0,0,[],[],5,27,,0.0,,,,,0,,,,0,0,,,,,,,,0,Proposer,,0,0.0,[],,,0,0,0,0,,,,,0,0,,0.0,Voter,,,,,,,,,,,,,,,,,,,,,,,,,,,,,,,,,,,,,,,,,,,,,,,,,,,,,,,,1,0,,,0,0,0,[],0,{},{},{},,,,0,[],,,,0,1,27,,0.0,,,,,0,,,,0,0,,,,,,,,0,Proposer,,0,0.0,[],,,0,0,0,0,,,,,0,0,,0.0,Voter,,,,,,,,,,,,,,,,,,,,,,,,,,,,,,,,,,,,,,,,,,,,,,,,,,,,,,,,1,0,,,0,0,0,[],0,{},{},{},,,,0,[],,,,0,2,27,,0.0,,,,,0,,,,0,0,,,,,,,,0,Proposer,,0,0.0,[],,,0,0,0,0,,,,,0,0,,0.0,Voter,,,,,,,,,,,,,,,,,,,,,,,,,,,,,,,,,,,,,,,,,,,,,,,,,,,,,,,,1,0,,,0,0,0,[],0,{},{},{},,,,0,[],,,,0,3
28,gm4i7f9u,,0,0,129,,,,0,,,0.0,,1,,,,qi98jfy3,,,,,1,0.0,experiment,Study001,Pilot1,1.0,,[],,,,28,,0.0,NA,,,,,,,0,0,0,0,,,,,0,0,,0.0,Voter,,,,,,,,,,,,,,,,,,,,,,,,1,0,0,0,[],[],1,28,,0.0,NA,,,,,,,0,0,0,0,,,,,0,0,,0.0,Voter,,,,,,,,,,,,,,,,,,,,,,,,1,0,0,0,[],[],2,28,,0.0,NA,,,,,,,0,0,0,0,,,,,0,0,,0.0,Voter,,,,,,,,,,,,,,,,,,,,,,,,1,0,0,0,[],[],3,28,,0.0,NA,,,,,,,0,0,0,0,,,,,0,0,,0.0,Voter,,,,,,,,,,,,,,,,,,,,,,,,1,0,0,0,[],[],4,28,,0.0,NA,,,,,,,0,0,0,0,,,,,0,0,,0.0,Voter,,,,,,,,,,,,,,,,,,,,,,,,1,0,0,0,[],[],5,28,,0.0,,,,,0,,,,0,0,,,,,,,,0,Voter,,0,0.0,[],,,0,0,0,0,,,,,0,0,,0.0,Voter,,,,,,,,,,,,,,,,,,,,,,,,,,,,,,,,,,,,,,,,,,,,,,,,,,,,,,,,1,0,,,0,0,0,[],0,{},{},{},,,,0,[],,,,0,1,28,,0.0,,,,,0,,,,0,0,,,,,,,,0,Voter,,0,0.0,[],,,0,0,0,0,,,,,0,0,,0.0,Voter,,,,,,,,,,,,,,,,,,,,,,,,,,,,,,,,,,,,,,,,,,,,,,,,,,,,,,,,1,0,,,0,0,0,[],0,{},{},{},,,,0,[],,,,0,2,28,,0.0,,,,,0,,,,0,0,,,,,,,,0,Voter,,0,0.0,[],,,0,0,0,0,,,,,0,0,,0.0,Voter,,,,,,,,,,,,,,,,,,,,,,,,,,,,,,,,,,,,,,,,,,,,,,,,,,,,,,,,1,0,,,0,0,0,[],0,{},{},{},,,,0,[],,,,0,3
29,fk12mjfu,,0,0,129,,,,0,,,0.0,,1,,,,qi98jfy3,,,,,1,0.0,experiment,Study001,Pilot1,1.0,,[],,,,29,,0.0,NA,,,,,,,0,0,0,0,,,,,0,0,,0.0,Voter,,,,,,,,,,,,,,,,,,,,,,,,1,0,0,0,[],[],1,29,,0.0,NA,,,,,,,0,0,0,0,,,,,0,0,,0.0,Voter,,,,,,,,,,,,,,,,,,,,,,,,1,0,0,0,[],[],2,29,,0.0,NA,,,,,,,0,0,0,0,,,,,0,0,,0.0,Voter,,,,,,,,,,,,,,,,,,,,,,,,1,0,0,0,[],[],3,29,,0.0,NA,,,,,,,0,0,0,0,,,,,0,0,,0.0,Voter,,,,,,,,,,,,,,,,,,,,,,,,1,0,0,0,[],[],4,29,,0.0,NA,,,,,,,0,0,0,0,,,,,0,0,,0.0,Voter,,,,,,,,,,,,,,,,,,,,,,,,1,0,0,0,[],[],5,29,,0.0,,,,,0,,,,0,0,,,,,,,,0,Voter,,0,0.0,[],,,0,0,0,0,,,,,0,0,,0.0,Voter,,,,,,,,,,,,,,,,,,,,,,,,,,,,,,,,,,,,,,,,,,,,,,,,,,,,,,,,1,0,,,0,0,0,[],0,{},{},{},,,,0,[],,,,0,1,29,,0.0,,,,,0,,,,0,0,,,,,,,,0,Voter,,0,0.0,[],,,0,0,0,0,,,,,0,0,,0.0,Voter,,,,,,,,,,,,,,,,,,,,,,,,,,,,,,,,,,,,,,,,,,,,,,,,,,,,,,,,1,0,,,0,0,0,[],0,{},{},{},,,,0,[],,,,0,2,29,,0.0,,,,,0,,,,0,0,,,,,,,,0,Voter,,0,0.0,[],,,0,0,0,0,,,,,0,0,,0.0,Voter,,,,,,,,,,,,,,,,,,,,,,,,,,,,,,,,,,,,,,,,,,,,,,,,,,,,,,,,1,0,,,0,0,0,[],0,{},{},{},,,,0,[],,,,0,3
30,eldkqd4h,,0,0,129,,,,0,,,0.0,,1,,,,qi98jfy3,,,,,1,0.0,experiment,Study001,Pilot1,1.0,,[],,,,30,,0.0,NA,,,,,,,0,0,0,0,,,,,0,0,,0.0,Voter,,,,,,,,,,,,,,,,,,,,,,,,1,0,0,0,[],[],1,30,,0.0,NA,,,,,,,0,0,0,0,,,,,0,0,,0.0,Voter,,,,,,,,,,,,,,,,,,,,,,,,1,0,0,0,[],[],2,30,,0.0,NA,,,,,,,0,0,0,0,,,,,0,0,,0.0,Voter,,,,,,,,,,,,,,,,,,,,,,,,1,0,0,0,[],[],3,30,,0.0,NA,,,,,,,0,0,0,0,,,,,0,0,,0.0,Voter,,,,,,,,,,,,,,,,,,,,,,,,1,0,0,0,[],[],4,30,,0.0,NA,,,,,,,0,0,0,0,,,,,0,0,,0.0,Voter,,,,,,,,,,,,,,,,,,,,,,,,1,0,0,0,[],[],5,30,,0.0,,,,,0,,,,0,0,,,,,,,,0,Voter,,0,0.0,[],,,0,0,0,0,,,,,0,0,,0.0,Voter,,,,,,,,,,,,,,,,,,,,,,,,,,,,,,,,,,,,,,,,,,,,,,,,,,,,,,,,1,0,,,0,0,0,[],0,{},{},{},,,,0,[],,,,0,1,30,,0.0,,,,,0,,,,0,0,,,,,,,,0,Voter,,0,0.0,[],,,0,0,0,0,,,,,0,0,,0.0,Voter,,,,,,,,,,,,,,,,,,,,,,,,,,,,,,,,,,,,,,,,,,,,,,,,,,,,,,,,1,0,,,0,0,0,[],0,{},{},{},,,,0,[],,,,0,2,30,,0.0,,,,,0,,,,0,0,,,,,,,,0,Voter,,0,0.0,[],,,0,0,0,0,,,,,0,0,,0.0,Voter,,,,,,,,,,,,,,,,,,,,,,,,,,,,,,,,,,,,,,,,,,,,,,,,,,,,,,,,1,0,,,0,0,0,[],0,{},{},{},,,,0,[],,,,0,3
31,d8c3vecp,,0,0,129,,,,0,,,0.0,,1,,,,qi98jfy3,,,,,1,0.0,experiment,Study001,Pilot1,1.0,,[],,,,31,,0.0,NA,,,,,,,0,0,0,0,,,,,0,0,,0.0,Voter,,,,,,,,,,,,,,,,,,,,,,,,1,0,0,0,[],[],1,31,,0.0,NA,,,,,,,0,0,0,0,,,,,0,0,,0.0,Voter,,,,,,,,,,,,,,,,,,,,,,,,1,0,0,0,[],[],2,31,,0.0,NA,,,,,,,0,0,0,0,,,,,0,0,,0.0,Voter,,,,,,,,,,,,,,,,,,,,,,,,1,0,0,0,[],[],3,31,,0.0,NA,,,,,,,0,0,0,0,,,,,0,0,,0.0,Voter,,,,,,,,,,,,,,,,,,,,,,,,1,0,0,0,[],[],4,31,,0.0,NA,,,,,,,0,0,0,0,,,,,0,0,,0.0,Voter,,,,,,,,,,,,,,,,,,,,,,,,1,0,0,0,[],[],5,31,,0.0,,,,,0,,,,0,0,,,,,,,,0,Voter,,0,0.0,[],,,0,0,0,0,,,,,0,0,,0.0,Voter,,,,,,,,,,,,,,,,,,,,,,,,,,,,,,,,,,,,,,,,,,,,,,,,,,,,,,,,1,0,,,0,0,0,[],0,{},{},{},,,,0,[],,,,0,1,31,,0.0,,,,,0,,,,0,0,,,,,,,,0,Voter,,0,0.0,[],,,0,0,0,0,,,,,0,0,,0.0,Voter,,,,,,,,,,,,,,,,,,,,,,,,,,,,,,,,,,,,,,,,,,,,,,,,,,,,,,,,1,0,,,0,0,0,[],0,{},{},{},,,,0,[],,,,0,2,31,,0.0,,,,,0,,,,0,0,,,,,,,,0,Voter,,0,0.0,[],,,0,0,0,0,,,,,0,0,,0.0,Voter,,,,,,,,,,,,,,,,,,,,,,,,,,,,,,,,,,,,,,,,,,,,,,,,,,,,,,,,1,0,,,0,0,0,[],0,{},{},{},,,,0,[],,,,0,3
32,u5558lvb,,0,62,129,fund_vanishes,NotGroupedNotice,2025-07-28 04:46:09.516288,1,,,0.0,,1,,,,qi98jfy3,,,,,1,0.0,experiment,Study001,Pilot1,1.0,,[],,,,32,,0.0,,Study001,,1753677971.9119732,,,,0,0,0,0,2,1,2,,0,0,,0.0,Voter,,,,,,,,,,1,,4,3,3,1,,1,,,1,,1,,1,0,0,0,[],[],1,32,,0.0,NA,,,1753677989.3452768,,,,0,0,0,0,,,,,0,0,,0.0,Voter,,,,,,,,,,,,,,,,,,,,,,,,1,0,0,0,[],[],2,32,,0.0,NA,,,1753677989.357785,,,,0,0,0,0,,,,,0,0,,0.0,Voter,,,,,,,,,,,,,,,,,,,,,,,,1,0,0,0,[],[],3,32,,0.0,NA,,,1753677989.36745,,,,0,0,0,0,,,,,0,0,,0.0,Voter,,,,,,,,,,,,,,,,,,,,,,,,1,0,0,0,[],[],4,32,,0.0,NA,,,1753677989.376416,,,,0,0,0,0,,,,,0,0,,0.0,Voter,,,,,,,,,,,,,,,,,,,,,,,,1,0,0,0,[],[],5,1,,0.0,,,,1753680697.340286,0,,,,1,1,,,,,,,,0,Voter,,0,0.0,[],,,0,0,0,0,,,,,0,0,,0.0,Voter,,,,,,,,,,,,,,,,,,,,,,,,,,,,,,,,,,,,,,,,,,,,,,,,,,,,,,,,4,0,,,0,0,0,[],0,{},{},{},,,,0,[],,,,0,1,1,,0.0,,,,,0,,,,0,0,,,,,,,,0,Voter,,0,0.0,[],,,0,0,0,0,,,,,0,0,,0.0,Voter,,,,,,,,,,,,,,,,,,,,,,,,,,,,,,,,,,,,,,,,,,,,,,,,,,,,,,,,4,0,,,0,0,0,[],0,{},{},{},,,,0,[],,,,0,2,1,,0.0,,,,,0,,,,0,0,,,,,,,,0,Voter,,0,0.0,[],,,0,0,0,0,,,,,0,0,,0.0,Voter,,,,,,,,,,,,,,,,,,,,,,,,,,,,,,,,,,,,,,,,,,,,,,,,,,,,,,,,4,0,,,0,0,0,[],0,{},{},{},,,,0,[],,,,0,3
33,eawor8u8,,0,4,129,filter_app,SampleInstructions,2025-07-28 04:46:33.930334,1,,,0.0,,1,,,,qi98jfy3,,,,,1,0.0,experiment,Study001,Pilot1,1.0,,[],,,,33,,0.0,,Study001,,1753677996.1946309,,,,0,0,0,0,,,,,0,0,,0.0,Voter,,,,,,,,,,1,,2,4,4,1,,2,American Samoa,,1,,2,,1,0,0,0,[],[],1,33,,0.0,NA,,,,,,,0,0,0,0,,,,,0,0,,0.0,Voter,,,,,,,,,,,,,,,,,,,,,,,,1,0,0,0,[],[],2,33,,0.0,NA,,,,,,,0,0,0,0,,,,,0,0,,0.0,Voter,,,,,,,,,,,,,,,,,,,,,,,,1,0,0,0,[],[],3,33,,0.0,NA,,,,,,,0,0,0,0,,,,,0,0,,0.0,Voter,,,,,,,,,,,,,,,,,,,,,,,,1,0,0,0,[],[],4,33,,0.0,NA,,,,,,,0,0,0,0,,,,,0,0,,0.0,Voter,,,,,,,,,,,,,,,,,,,,,,,,1,0,0,0,[],[],5,33,,0.0,,,,,0,,,,0,0,,,,,,,,0,Proposer,,0,0.0,[],,,0,0,0,0,,,,,0,0,,0.0,Voter,,,,,,,,,,,,,,,,,,,,,,,,,,,,,,,,,,,,,,,,,,,,,,,,,,,,,,,,1,0,,,0,0,0,[],0,{},{},{},,,,0,[],,,,0,1,33,,0.0,,,,,0,,,,0,0,,,,,,,,0,Proposer,,0,0.0,[],,,0,0,0,0,,,,,0,0,,0.0,Voter,,,,,,,,,,,,,,,,,,,,,,,,,,,,,,,,,,,,,,,,,,,,,,,,,,,,,,,,1,0,,,0,0,0,[],0,{},{},{},,,,0,[],,,,0,2,33,,0.0,,,,,0,,,,0,0,,,,,,,,0,Proposer,,0,0.0,[],,,0,0,0,0,,,,,0,0,,0.0,Voter,,,,,,,,,,,,,,,,,,,,,,,,,,,,,,,,,,,,,,,,,,,,,,,,,,,,,,,,1,0,,,0,0,0,[],0,{},{},{},,,,0,[],,,,0,3
34,bwe33j0o,,0,0,129,,,,0,,,0.0,,1,,,,qi98jfy3,,,,,1,0.0,experiment,Study001,Pilot1,1.0,,[],,,,34,,0.0,NA,,,,,,,0,0,0,0,,,,,0,0,,0.0,Voter,,,,,,,,,,,,,,,,,,,,,,,,1,0,0,0,[],[],1,34,,0.0,NA,,,,,,,0,0,0,0,,,,,0,0,,0.0,Voter,,,,,,,,,,,,,,,,,,,,,,,,1,0,0,0,[],[],2,34,,0.0,NA,,,,,,,0,0,0,0,,,,,0,0,,0.0,Voter,,,,,,,,,,,,,,,,,,,,,,,,1,0,0,0,[],[],3,34,,0.0,NA,,,,,,,0,0,0,0,,,,,0,0,,0.0,Voter,,,,,,,,,,,,,,,,,,,,,,,,1,0,0,0,[],[],4,34,,0.0,NA,,,,,,,0,0,0,0,,,,,0,0,,0.0,Voter,,,,,,,,,,,,,,,,,,,,,,,,1,0,0,0,[],[],5,34,,0.0,,,,,0,,,,0,0,,,,,,,,0,Voter,,0,0.0,[],,,0,0,0,0,,,,,0,0,,0.0,Voter,,,,,,,,,,,,,,,,,,,,,,,,,,,,,,,,,,,,,,,,,,,,,,,,,,,,,,,,1,0,,,0,0,0,[],0,{},{},{},,,,0,[],,,,0,1,34,,0.0,,,,,0,,,,0,0,,,,,,,,0,Voter,,0,0.0,[],,,0,0,0,0,,,,,0,0,,0.0,Voter,,,,,,,,,,,,,,,,,,,,,,,,,,,,,,,,,,,,,,,,,,,,,,,,,,,,,,,,1,0,,,0,0,0,[],0,{},{},{},,,,0,[],,,,0,2,34,,0.0,,,,,0,,,,0,0,,,,,,,,0,Voter,,0,0.0,[],,,0,0,0,0,,,,,0,0,,0.0,Voter,,,,,,,,,,,,,,,,,,,,,,,,,,,,,,,,,,,,,,,,,,,,,,,,,,,,,,,,1,0,,,0,0,0,[],0,{},{},{},,,,0,[],,,,0,3
35,dzzn2ar8,,0,0,129,,,,0,,,0.0,,1,,,,qi98jfy3,,,,,1,0.0,experiment,Study001,Pilot1,1.0,,[],,,,35,,0.0,NA,,,,,,,0,0,0,0,,,,,0,0,,0.0,Voter,,,,,,,,,,,,,,,,,,,,,,,,1,0,0,0,[],[],1,35,,0.0,NA,,,,,,,0,0,0,0,,,,,0,0,,0.0,Voter,,,,,,,,,,,,,,,,,,,,,,,,1,0,0,0,[],[],2,35,,0.0,NA,,,,,,,0,0,0,0,,,,,0,0,,0.0,Voter,,,,,,,,,,,,,,,,,,,,,,,,1,0,0,0,[],[],3,35,,0.0,NA,,,,,,,0,0,0,0,,,,,0,0,,0.0,Voter,,,,,,,,,,,,,,,,,,,,,,,,1,0,0,0,[],[],4,35,,0.0,NA,,,,,,,0,0,0,0,,,,,0,0,,0.0,Voter,,,,,,,,,,,,,,,,,,,,,,,,1,0,0,0,[],[],5,35,,0.0,,,,,0,,,,0,0,,,,,,,,0,Voter,,0,0.0,[],,,0,0,0,0,,,,,0,0,,0.0,Voter,,,,,,,,,,,,,,,,,,,,,,,,,,,,,,,,,,,,,,,,,,,,,,,,,,,,,,,,1,0,,,0,0,0,[],0,{},{},{},,,,0,[],,,,0,1,35,,0.0,,,,,0,,,,0,0,,,,,,,,0,Voter,,0,0.0,[],,,0,0,0,0,,,,,0,0,,0.0,Voter,,,,,,,,,,,,,,,,,,,,,,,,,,,,,,,,,,,,,,,,,,,,,,,,,,,,,,,,1,0,,,0,0,0,[],0,{},{},{},,,,0,[],,,,0,2,35,,0.0,,,,,0,,,,0,0,,,,,,,,0,Voter,,0,0.0,[],,,0,0,0,0,,,,,0,0,,0.0,Voter,,,,,,,,,,,,,,,,,,,,,,,,,,,,,,,,,,,,,,,,,,,,,,,,,,,,,,,,1,0,,,0,0,0,[],0,{},{},{},,,,0,[],,,,0,3
36,db74lslp,,0,6,129,filter_app,FailedPage,2025-07-28 04:46:54.706608,1,,,0.0,,1,,,,qi98jfy3,,,,,1,0.0,experiment,Study001,Pilot1,1.0,,[],,,,36,,0.0,,Study001,,1753678018.522797,,,,3,3,3,0,1,1,1,,0,0,,0.0,Voter,,,,,,,,,,1,,4,4,4,2,Algeria,1,,,2,,,1,1,0,0,0,[],[],1,36,,0.0,NA,,,,,,,0,0,0,0,,,,,0,0,,0.0,Voter,,,,,,,,,,,,,,,,,,,,,,,,1,0,0,0,[],[],2,36,,0.0,NA,,,,,,,0,0,0,0,,,,,0,0,,0.0,Voter,,,,,,,,,,,,,,,,,,,,,,,,1,0,0,0,[],[],3,36,,0.0,NA,,,,,,,0,0,0,0,,,,,0,0,,0.0,Voter,,,,,,,,,,,,,,,,,,,,,,,,1,0,0,0,[],[],4,36,,0.0,NA,,,,,,,0,0,0,0,,,,,0,0,,0.0,Voter,,,,,,,,,,,,,,,,,,,,,,,,1,0,0,0,[],[],5,36,,0.0,,,,,0,,,,0,0,,,,,,,,0,Voter,,0,0.0,[],,,0,0,0,0,,,,,0,0,,0.0,Voter,,,,,,,,,,,,,,,,,,,,,,,,,,,,,,,,,,,,,,,,,,,,,,,,,,,,,,,,1,0,,,0,0,0,[],0,{},{},{},,,,0,[],,,,0,1,36,,0.0,,,,,0,,,,0,0,,,,,,,,0,Voter,,0,0.0,[],,,0,0,0,0,,,,,0,0,,0.0,Voter,,,,,,,,,,,,,,,,,,,,,,,,,,,,,,,,,,,,,,,,,,,,,,,,,,,,,,,,1,0,,,0,0,0,[],0,{},{},{},,,,0,[],,,,0,2,36,,0.0,,,,,0,,,,0,0,,,,,,,,0,Voter,,0,0.0,[],,,0,0,0,0,,,,,0,0,,0.0,Voter,,,,,,,,,,,,,,,,,,,,,,,,,,,,,,,,,,,,,,,,,,,,,,,,,,,,,,,,1,0,,,0,0,0,[],0,{},{},{},,,,0,[],,,,0,3
