SessionID,ParticipantCode,FinalPageVisited,GroupID,ID_in_Group,Treatment,Round,SubgroupID,ID_in_Subgroup,S1,S2,S3,SelfProposal,Selected_Proposal,Vote,Approved,Num_of_Approvals,Earnings,CompletionCode
1,czu5en3h,Party,,1,Baseline,1,,,,,,,{},0,0,0,0.0,
1,czu5en3h,Party,,1,Baseline,2,,,,,,,{},0,0,0,0.0,
1,czu5en3h,Party,,1,Baseline,3,,,,,,,{},0,0,0,0.0,
2,fcph3l91,SyncBottom,6,8,Baseline,1,2.0,3.0,10.0,10.0,10.0,10.0,"{""1"": {""proposer_id"": 1, ""proposal"": {""s1"": 10, ""s2"": 10, ""s3"": 10}}, ""2"": {""proposer_id"": 3, ""proposal"": {""s1"": 10, ""s2"": 10, ""s3"": 10}}, ""3"": {""proposer_id"": 1, ""proposal"": {""s1"": 20, ""s2"": 5, ""s3"": 5}}}",1,1,3,10.0,
2,fcph3l91,SyncBottom,6,8,Baseline,2,2.0,1.0,10.0,10.0,10.0,10.0,"{""1"": {""proposer_id"": 1, ""proposal"": {""s1"": 10, ""s2"": 10, ""s3"": 10}}, ""2"": {""proposer_id"": 2, ""proposal"": {""s1"": 10, ""s2"": 10, ""s3"": 10}}, ""3"": {""proposer_id"": 2, ""proposal"": {""s1"": 5, ""s2"": 20, ""s3"": 5}}}",1,1,2,10.0,
2,fcph3l91,SyncBottom,6,8,Baseline,3,,,,,,,{},0,0,0,0.0,
3,wtzo9b3v,ResultsPage,6,5,Baseline,1,3.0,1.0,20.0,5.0,5.0,20.0,"{""1"": {""proposer_id"": 1, ""proposal"": {""s1"": 10, ""s2"": 10, ""s3"": 10}}, ""2"": {""proposer_id"": 3, ""proposal"": {""s1"": 10, ""s2"": 10, ""s3"": 10}}, ""3"": {""proposer_id"": 1, ""proposal"": {""s1"": 20, ""s2"": 5, ""s3"": 5}}}",1,1,3,20.0,
3,wtzo9b3v,ResultsPage,6,5,Baseline,2,3.0,1.0,20.0,5.0,5.0,20.0,"{""1"": {""proposer_id"": 1, ""proposal"": {""s1"": 10, ""s2"": 10, ""s3"": 10}}, ""2"": {""proposer_id"": 2, ""proposal"": {""s1"": 10, ""s2"": 10, ""s3"": 10}}, ""3"": {""proposer_id"": 2, ""proposal"": {""s1"": 5, ""s2"": 20, ""s3"": 5}}}",0,1,2,5.0,
3,wtzo9b3v,ResultsPage,6,5,Baseline,3,,,,,,,{},0,0,0,0.0,
4,af3kvfbx,ProposerPage,62,6,Priming,1,,,,,,,{},0,0,0,0.0,
4,af3kvfbx,ProposerPage,62,6,Priming,2,,,,,,,{},0,0,0,0.0,
4,af3kvfbx,ProposerPage,62,6,Priming,3,,,,,,,{},0,0,0,0.0,
5,13mhdbsb,WelcomePage,,5,Baseline,1,,,,,,,{},0,0,0,0.0,
5,13mhdbsb,WelcomePage,,5,Baseline,2,,,,,,,{},0,0,0,0.0,
5,13mhdbsb,WelcomePage,,5,Baseline,3,,,,,,,{},0,0,0,0.0,
6,5enuuygf,SyncBottom,6,1,Baseline,1,2.0,2.0,10.0,10.0,10.0,10.0,"{""1"": {""proposer_id"": 1, ""proposal"": {""s1"": 10, ""s2"": 10, ""s3"": 10}}, ""2"": {""proposer_id"": 3, ""proposal"": {""s1"": 10, ""s2"": 10, ""s3"": 10}}, ""3"": {""proposer_id"": 1, ""proposal"": {""s1"": 20, ""s2"": 5, ""s3"": 5}}}",1,1,3,10.0,
6,5enuuygf,SyncBottom,6,1,Baseline,2,2.0,2.0,10.0,10.0,10.0,10.0,"{""1"": {""proposer_id"": 1, ""proposal"": {""s1"": 10, ""s2"": 10, ""s3"": 10}}, ""2"": {""proposer_id"": 2, ""proposal"": {""s1"": 10, ""s2"": 10, ""s3"": 10}}, ""3"": {""proposer_id"": 2, ""proposal"": {""s1"": 5, ""s2"": 20, ""s3"": 5}}}",1,1,2,10.0,
6,5enuuygf,SyncBottom,6,1,Baseline,3,,,,,,,{},0,0,0,0.0,
7,wn7n1dju,SyncBottom,6,2,Baseline,1,1.0,1.0,10.0,10.0,10.0,10.0,"{""1"": {""proposer_id"": 1, ""proposal"": {""s1"": 10, ""s2"": 10, ""s3"": 10}}, ""2"": {""proposer_id"": 3, ""proposal"": {""s1"": 10, ""s2"": 10, ""s3"": 10}}, ""3"": {""proposer_id"": 1, ""proposal"": {""s1"": 20, ""s2"": 5, ""s3"": 5}}}",1,1,3,10.0,
7,wn7n1dju,SyncBottom,6,2,Baseline,2,2.0,3.0,10.0,10.0,10.0,10.0,"{""1"": {""proposer_id"": 1, ""proposal"": {""s1"": 10, ""s2"": 10, ""s3"": 10}}, ""2"": {""proposer_id"": 2, ""proposal"": {""s1"": 10, ""s2"": 10, ""s3"": 10}}, ""3"": {""proposer_id"": 2, ""proposal"": {""s1"": 5, ""s2"": 20, ""s3"": 5}}}",1,1,2,10.0,
7,wn7n1dju,SyncBottom,6,2,Baseline,3,,,,,,,{},0,0,0,0.0,
8,vtba254v,WaitingPage,87,7,Priming,1,2.0,1.0,10.0,10.0,10.0,10.0,"{""1"": {""proposer_id"": 2, ""proposal"": {""s1"": 10, ""s2"": 10, ""s3"": 10}}, ""2"": {""proposer_id"": 2, ""proposal"": {""s1"": 10, ""s2"": 10, ""s3"": 10}}, ""3"": {""proposer_id"": 2, ""proposal"": {""s1"": 10, ""s2"": 15, ""s3"": 5}}}",1,1,2,10.0,
8,vtba254v,WaitingPage,87,7,Priming,2,,,,,,,{},0,0,0,0.0,
8,vtba254v,WaitingPage,87,7,Priming,3,,,,,,,{},0,0,0,0.0,
9,urggnryi,VoterPage,59,5,Baseline,1,1.0,1.0,10.0,10.0,10.0,10.0,"{""1"": {""proposer_id"": 1, ""proposal"": {""s1"": 10, ""s2"": 10, ""s3"": 10}}, ""2"": {""proposer_id"": 1, ""proposal"": {""s1"": 10, ""s2"": 10, ""s3"": 10}}, ""3"": {""proposer_id"": 2, ""proposal"": {""s1"": 10, ""s2"": 10, ""s3"": 10}}}",1,1,3,10.0,
9,urggnryi,VoterPage,59,5,Baseline,2,2.0,2.0,10.0,10.0,10.0,10.0,"{""1"": {""proposer_id"": 2, ""proposal"": {""s1"": 10, ""s2"": 10, ""s3"": 10}}, ""2"": {""proposer_id"": 3, ""proposal"": {""s1"": 0, ""s2"": 15, ""s3"": 15}}, ""3"": {""proposer_id"": 3, ""proposal"": {""s1"": 10, ""s2"": 10, ""s3"": 10}}}",0,0,1,0.0,
9,urggnryi,VoterPage,59,5,Baseline,3,2.0,3.0,10.0,10.0,10.0,10.0,"{""1"": {""proposer_id"": 1, ""proposal"": {""s1"": 15, ""s2"": 15, ""s3"": 0}}, ""2"": {""proposer_id"": 1, ""proposal"": {""s1"": 10, ""s2"": 10, ""s3"": 10}}, ""3"": {""proposer_id"": 2, ""proposal"": {""s1"": 10, ""s2"": 10, ""s3"": 10}}}",0,0,0,0.0,
10,9kmvxh8k,Part3,46,5,Priming,1,2.0,3.0,10.0,10.0,10.0,10.0,"{""1"": {""proposer_id"": 3, ""proposal"": {""s1"": 0, ""s2"": 0, ""s3"": 30}}, ""2"": {""proposer_id"": 3, ""proposal"": {""s1"": 10, ""s2"": 10, ""s3"": 10}}, ""3"": {""proposer_id"": 2, ""proposal"": {""s1"": 10, ""s2"": 10, ""s3"": 10}}}",1,1,3,10.0,
10,9kmvxh8k,Part3,46,5,Priming,2,3.0,2.0,10.0,10.0,10.0,10.0,"{""1"": {""proposer_id"": 3, ""proposal"": {""s1"": 10, ""s2"": 10, ""s3"": 10}}, ""2"": {""proposer_id"": 3, ""proposal"": {""s1"": 10, ""s2"": 10, ""s3"": 10}}, ""3"": {""proposer_id"": 1, ""proposal"": {""s1"": 20, ""s2"": 5, ""s3"": 5}}}",0,1,3,0.0,
10,9kmvxh8k,Part3,46,5,Priming,3,3.0,2.0,10.0,10.0,10.0,10.0,"{""1"": {""proposer_id"": 2, ""proposal"": {""s1"": 8, ""s2"": 15, ""s3"": 7}}, ""2"": {""proposer_id"": 1, ""proposal"": {""s1"": 10, ""s2"": 10, ""s3"": 10}}, ""3"": {""proposer_id"": 2, ""proposal"": {""s1"": 10, ""s2"": 10, ""s3"": 10}}}",1,1,3,10.0,
11,3o6mlsyr,Part6,37,3,Baseline,1,2.0,2.0,10.0,10.0,10.0,10.0,"{""1"": {""proposer_id"": 2, ""proposal"": {""s1"": 10, ""s2"": 10, ""s3"": 10}}, ""2"": {""proposer_id"": 1, ""proposal"": {""s1"": 10, ""s2"": 10, ""s3"": 10}}, ""3"": {""proposer_id"": 1, ""proposal"": {""s1"": 10, ""s2"": 10, ""s3"": 10}}}",1,1,3,10.0,
11,3o6mlsyr,Part6,37,3,Baseline,2,1.0,3.0,10.0,10.0,10.0,10.0,"{""1"": {""proposer_id"": 2, ""proposal"": {""s1"": 10, ""s2"": 10, ""s3"": 10}}, ""2"": {""proposer_id"": 1, ""proposal"": {""s1"": 10, ""s2"": 10, ""s3"": 10}}, ""3"": {""proposer_id"": 3, ""proposal"": {""s1"": 10, ""s2"": 10, ""s3"": 10}}}",1,1,3,10.0,
11,3o6mlsyr,Part6,37,3,Baseline,3,1.0,1.0,10.0,10.0,10.0,10.0,"{""1"": {""proposer_id"": 1, ""proposal"": {""s1"": 10, ""s2"": 10, ""s3"": 10}}, ""2"": {""proposer_id"": 1, ""proposal"": {""s1"": 10, ""s2"": 10, ""s3"": 10}}, ""3"": {""proposer_id"": 3, ""proposal"": {""s1"": 10, ""s2"": 10, ""s3"": 10}}}",1,1,3,10.0,
12,lte762ld,SyncBottom,6,7,Baseline,1,3.0,2.0,15.0,0.0,15.0,15.0,"{""1"": {""proposer_id"": 1, ""proposal"": {""s1"": 10, ""s2"": 10, ""s3"": 10}}, ""2"": {""proposer_id"": 3, ""proposal"": {""s1"": 10, ""s2"": 10, ""s3"": 10}}, ""3"": {""proposer_id"": 1, ""proposal"": {""s1"": 20, ""s2"": 5, ""s3"": 5}}}",1,1,3,5.0,
12,lte762ld,SyncBottom,6,7,Baseline,2,1.0,2.0,10.0,10.0,10.0,10.0,"{""1"": {""proposer_id"": 1, ""proposal"": {""s1"": 10, ""s2"": 10, ""s3"": 10}}, ""2"": {""proposer_id"": 2, ""proposal"": {""s1"": 10, ""s2"": 10, ""s3"": 10}}, ""3"": {""proposer_id"": 2, ""proposal"": {""s1"": 5, ""s2"": 20, ""s3"": 5}}}",1,1,2,10.0,
12,lte762ld,SyncBottom,6,7,Baseline,3,,,,,,,{},0,0,0,0.0,
13,8yrdlcfh,Part4,46,8,Priming,1,3.0,2.0,10.0,10.0,10.0,10.0,"{""1"": {""proposer_id"": 3, ""proposal"": {""s1"": 0, ""s2"": 0, ""s3"": 30}}, ""2"": {""proposer_id"": 3, ""proposal"": {""s1"": 10, ""s2"": 10, ""s3"": 10}}, ""3"": {""proposer_id"": 2, ""proposal"": {""s1"": 10, ""s2"": 10, ""s3"": 10}}}",1,1,3,10.0,
13,8yrdlcfh,Part4,46,8,Priming,2,2.0,2.0,10.0,10.0,10.0,10.0,"{""1"": {""proposer_id"": 3, ""proposal"": {""s1"": 10, ""s2"": 10, ""s3"": 10}}, ""2"": {""proposer_id"": 3, ""proposal"": {""s1"": 10, ""s2"": 10, ""s3"": 10}}, ""3"": {""proposer_id"": 1, ""proposal"": {""s1"": 20, ""s2"": 5, ""s3"": 5}}}",1,1,3,10.0,
13,8yrdlcfh,Part4,46,8,Priming,3,1.0,1.0,10.0,10.0,10.0,10.0,"{""1"": {""proposer_id"": 2, ""proposal"": {""s1"": 8, ""s2"": 15, ""s3"": 7}}, ""2"": {""proposer_id"": 1, ""proposal"": {""s1"": 10, ""s2"": 10, ""s3"": 10}}, ""3"": {""proposer_id"": 2, ""proposal"": {""s1"": 10, ""s2"": 10, ""s3"": 10}}}",1,1,3,8.0,
14,ibrrflhc,ExperimentInstructions,,14,Baseline,1,,,,,,,{},0,0,0,0.0,
14,ibrrflhc,ExperimentInstructions,,14,Baseline,2,,,,,,,{},0,0,0,0.0,
14,ibrrflhc,ExperimentInstructions,,14,Baseline,3,,,,,,,{},0,0,0,0.0,
15,1yec0poj,WelcomePage,,15,Baseline,1,,,,,,,{},0,0,0,0.0,
15,1yec0poj,WelcomePage,,15,Baseline,2,,,,,,,{},0,0,0,0.0,
15,1yec0poj,WelcomePage,,15,Baseline,3,,,,,,,{},0,0,0,0.0,
16,zi1ppt71,SyncBottom,6,4,Baseline,1,3.0,3.0,10.0,10.0,10.0,10.0,"{""1"": {""proposer_id"": 1, ""proposal"": {""s1"": 10, ""s2"": 10, ""s3"": 10}}, ""2"": {""proposer_id"": 3, ""proposal"": {""s1"": 10, ""s2"": 10, ""s3"": 10}}, ""3"": {""proposer_id"": 1, ""proposal"": {""s1"": 20, ""s2"": 5, ""s3"": 5}}}",1,1,3,5.0,
16,zi1ppt71,SyncBottom,6,4,Baseline,2,3.0,2.0,5.0,20.0,5.0,20.0,"{""1"": {""proposer_id"": 1, ""proposal"": {""s1"": 10, ""s2"": 10, ""s3"": 10}}, ""2"": {""proposer_id"": 2, ""proposal"": {""s1"": 10, ""s2"": 10, ""s3"": 10}}, ""3"": {""proposer_id"": 2, ""proposal"": {""s1"": 5, ""s2"": 20, ""s3"": 5}}}",1,1,2,20.0,
16,zi1ppt71,SyncBottom,6,4,Baseline,3,,,,,,,{},0,0,0,0.0,
17,acmbo8jo,SyncBottom,6,9,Baseline,1,1.0,2.0,10.0,10.0,10.0,10.0,"{""1"": {""proposer_id"": 1, ""proposal"": {""s1"": 10, ""s2"": 10, ""s3"": 10}}, ""2"": {""proposer_id"": 3, ""proposal"": {""s1"": 10, ""s2"": 10, ""s3"": 10}}, ""3"": {""proposer_id"": 1, ""proposal"": {""s1"": 20, ""s2"": 5, ""s3"": 5}}}",1,1,3,10.0,
17,acmbo8jo,SyncBottom,6,9,Baseline,2,3.0,3.0,10.0,10.0,10.0,10.0,"{""1"": {""proposer_id"": 1, ""proposal"": {""s1"": 10, ""s2"": 10, ""s3"": 10}}, ""2"": {""proposer_id"": 2, ""proposal"": {""s1"": 10, ""s2"": 10, ""s3"": 10}}, ""3"": {""proposer_id"": 2, ""proposal"": {""s1"": 5, ""s2"": 20, ""s3"": 5}}}",1,1,2,5.0,
17,acmbo8jo,SyncBottom,6,9,Baseline,3,,,,,,,{},0,0,0,0.0,
18,7rssh5ja,Part4,46,4,Priming,1,1.0,2.0,5.0,20.0,5.0,20.0,"{""1"": {""proposer_id"": 3, ""proposal"": {""s1"": 0, ""s2"": 0, ""s3"": 30}}, ""2"": {""proposer_id"": 3, ""proposal"": {""s1"": 10, ""s2"": 10, ""s3"": 10}}, ""3"": {""proposer_id"": 2, ""proposal"": {""s1"": 10, ""s2"": 10, ""s3"": 10}}}",0,1,3,0.0,
18,7rssh5ja,Part4,46,4,Priming,2,3.0,1.0,20.0,5.0,5.0,20.0,"{""1"": {""proposer_id"": 3, ""proposal"": {""s1"": 10, ""s2"": 10, ""s3"": 10}}, ""2"": {""proposer_id"": 3, ""proposal"": {""s1"": 10, ""s2"": 10, ""s3"": 10}}, ""3"": {""proposer_id"": 1, ""proposal"": {""s1"": 20, ""s2"": 5, ""s3"": 5}}}",1,1,3,0.0,
18,7rssh5ja,Part4,46,4,Priming,3,3.0,1.0,28.0,1.0,1.0,28.0,"{""1"": {""proposer_id"": 2, ""proposal"": {""s1"": 8, ""s2"": 15, ""s3"": 7}}, ""2"": {""proposer_id"": 1, ""proposal"": {""s1"": 10, ""s2"": 10, ""s3"": 10}}, ""3"": {""proposer_id"": 2, ""proposal"": {""s1"": 10, ""s2"": 10, ""s3"": 10}}}",1,1,3,10.0,
19,xk8r1wsd,QuizPage,,19,Baseline,1,,,,,,,{},0,0,0,0.0,
19,xk8r1wsd,QuizPage,,19,Baseline,2,,,,,,,{},0,0,0,0.0,
19,xk8r1wsd,QuizPage,,19,Baseline,3,,,,,,,{},0,0,0,0.0,
20,2h9gtjsq,Part3,46,3,Priming,1,3.0,3.0,10.0,10.0,10.0,10.0,"{""1"": {""proposer_id"": 3, ""proposal"": {""s1"": 0, ""s2"": 0, ""s3"": 30}}, ""2"": {""proposer_id"": 3, ""proposal"": {""s1"": 10, ""s2"": 10, ""s3"": 10}}, ""3"": {""proposer_id"": 2, ""proposal"": {""s1"": 10, ""s2"": 10, ""s3"": 10}}}",1,1,3,10.0,
20,2h9gtjsq,Part3,46,3,Priming,2,1.0,1.0,10.0,10.0,10.0,10.0,"{""1"": {""proposer_id"": 3, ""proposal"": {""s1"": 10, ""s2"": 10, ""s3"": 10}}, ""2"": {""proposer_id"": 3, ""proposal"": {""s1"": 10, ""s2"": 10, ""s3"": 10}}, ""3"": {""proposer_id"": 1, ""proposal"": {""s1"": 20, ""s2"": 5, ""s3"": 5}}}",1,1,3,10.0,
20,2h9gtjsq,Part3,46,3,Priming,3,2.0,1.0,10.0,10.0,10.0,10.0,"{""1"": {""proposer_id"": 2, ""proposal"": {""s1"": 8, ""s2"": 15, ""s3"": 7}}, ""2"": {""proposer_id"": 1, ""proposal"": {""s1"": 10, ""s2"": 10, ""s3"": 10}}, ""3"": {""proposer_id"": 2, ""proposal"": {""s1"": 10, ""s2"": 10, ""s3"": 10}}}",1,1,3,10.0,
21,q9p9zzdr,WelcomePage,,21,Baseline,1,,,,,,,{},0,0,0,0.0,
21,q9p9zzdr,WelcomePage,,21,Baseline,2,,,,,,,{},0,0,0,0.0,
21,q9p9zzdr,WelcomePage,,21,Baseline,3,,,,,,,{},0,0,0,0.0,
22,slhnfzmh,WelcomePage,,22,Baseline,1,,,,,,,{},0,0,0,0.0,
22,slhnfzmh,WelcomePage,,22,Baseline,2,,,,,,,{},0,0,0,0.0,
22,slhnfzmh,WelcomePage,,22,Baseline,3,,,,,,,{},0,0,0,0.0,
23,dnh5buoh,Part3,37,2,Baseline,1,3.0,2.0,10.0,10.0,10.0,10.0,"{""1"": {""proposer_id"": 2, ""proposal"": {""s1"": 10, ""s2"": 10, ""s3"": 10}}, ""2"": {""proposer_id"": 1, ""proposal"": {""s1"": 10, ""s2"": 10, ""s3"": 10}}, ""3"": {""proposer_id"": 1, ""proposal"": {""s1"": 10, ""s2"": 10, ""s3"": 10}}}",1,1,3,10.0,
23,dnh5buoh,Part3,37,2,Baseline,2,1.0,2.0,10.0,10.0,10.0,10.0,"{""1"": {""proposer_id"": 2, ""proposal"": {""s1"": 10, ""s2"": 10, ""s3"": 10}}, ""2"": {""proposer_id"": 1, ""proposal"": {""s1"": 10, ""s2"": 10, ""s3"": 10}}, ""3"": {""proposer_id"": 3, ""proposal"": {""s1"": 10, ""s2"": 10, ""s3"": 10}}}",1,1,3,10.0,
23,dnh5buoh,Part3,37,2,Baseline,3,2.0,3.0,8.0,9.0,13.0,13.0,"{""1"": {""proposer_id"": 1, ""proposal"": {""s1"": 10, ""s2"": 10, ""s3"": 10}}, ""2"": {""proposer_id"": 1, ""proposal"": {""s1"": 10, ""s2"": 10, ""s3"": 10}}, ""3"": {""proposer_id"": 3, ""proposal"": {""s1"": 10, ""s2"": 10, ""s3"": 10}}}",1,1,3,10.0,
24,usgmbo0a,SyncBottom,6,3,Baseline,1,1.0,3.0,10.0,10.0,10.0,10.0,"{""1"": {""proposer_id"": 1, ""proposal"": {""s1"": 10, ""s2"": 10, ""s3"": 10}}, ""2"": {""proposer_id"": 3, ""proposal"": {""s1"": 10, ""s2"": 10, ""s3"": 10}}, ""3"": {""proposer_id"": 1, ""proposal"": {""s1"": 20, ""s2"": 5, ""s3"": 5}}}",1,1,3,10.0,
24,usgmbo0a,SyncBottom,6,3,Baseline,2,1.0,3.0,10.0,10.0,10.0,10.0,"{""1"": {""proposer_id"": 1, ""proposal"": {""s1"": 10, ""s2"": 10, ""s3"": 10}}, ""2"": {""proposer_id"": 2, ""proposal"": {""s1"": 10, ""s2"": 10, ""s3"": 10}}, ""3"": {""proposer_id"": 2, ""proposal"": {""s1"": 5, ""s2"": 20, ""s3"": 5}}}",1,1,2,10.0,
24,usgmbo0a,SyncBottom,6,3,Baseline,3,,,,,,,{},0,0,0,0.0,
25,9lggxshg,Part2,37,9,Baseline,1,1.0,3.0,10.0,10.0,10.0,10.0,"{""1"": {""proposer_id"": 2, ""proposal"": {""s1"": 10, ""s2"": 10, ""s3"": 10}}, ""2"": {""proposer_id"": 1, ""proposal"": {""s1"": 10, ""s2"": 10, ""s3"": 10}}, ""3"": {""proposer_id"": 1, ""proposal"": {""s1"": 10, ""s2"": 10, ""s3"": 10}}}",1,1,3,10.0,
25,9lggxshg,Part2,37,9,Baseline,2,1.0,1.0,10.0,10.0,10.0,10.0,"{""1"": {""proposer_id"": 2, ""proposal"": {""s1"": 10, ""s2"": 10, ""s3"": 10}}, ""2"": {""proposer_id"": 1, ""proposal"": {""s1"": 10, ""s2"": 10, ""s3"": 10}}, ""3"": {""proposer_id"": 3, ""proposal"": {""s1"": 10, ""s2"": 10, ""s3"": 10}}}",1,1,3,10.0,
25,9lggxshg,Part2,37,9,Baseline,3,3.0,1.0,10.0,10.0,10.0,10.0,"{""1"": {""proposer_id"": 1, ""proposal"": {""s1"": 10, ""s2"": 10, ""s3"": 10}}, ""2"": {""proposer_id"": 1, ""proposal"": {""s1"": 10, ""s2"": 10, ""s3"": 10}}, ""3"": {""proposer_id"": 3, ""proposal"": {""s1"": 10, ""s2"": 10, ""s3"": 10}}}",1,1,3,10.0,
26,549uysbt,Part2,46,6,Priming,1,1.0,1.0,10.0,10.0,10.0,10.0,"{""1"": {""proposer_id"": 3, ""proposal"": {""s1"": 0, ""s2"": 0, ""s3"": 30}}, ""2"": {""proposer_id"": 3, ""proposal"": {""s1"": 10, ""s2"": 10, ""s3"": 10}}, ""3"": {""proposer_id"": 2, ""proposal"": {""s1"": 10, ""s2"": 10, ""s3"": 10}}}",0,1,3,0.0,
26,549uysbt,Part2,46,6,Priming,2,2.0,1.0,10.0,10.0,10.0,10.0,"{""1"": {""proposer_id"": 3, ""proposal"": {""s1"": 10, ""s2"": 10, ""s3"": 10}}, ""2"": {""proposer_id"": 3, ""proposal"": {""s1"": 10, ""s2"": 10, ""s3"": 10}}, ""3"": {""proposer_id"": 1, ""proposal"": {""s1"": 20, ""s2"": 5, ""s3"": 5}}}",1,1,3,10.0,
26,549uysbt,Part2,46,6,Priming,3,2.0,2.0,10.0,10.0,10.0,10.0,"{""1"": {""proposer_id"": 2, ""proposal"": {""s1"": 8, ""s2"": 15, ""s3"": 7}}, ""2"": {""proposer_id"": 1, ""proposal"": {""s1"": 10, ""s2"": 10, ""s3"": 10}}, ""3"": {""proposer_id"": 2, ""proposal"": {""s1"": 10, ""s2"": 10, ""s3"": 10}}}",1,1,3,10.0,
27,dgig9acz,Party,,27,Baseline,1,,,,,,,{},0,0,0,0.0,
27,dgig9acz,Party,,27,Baseline,2,,,,,,,{},0,0,0,0.0,
27,dgig9acz,Party,,27,Baseline,3,,,,,,,{},0,0,0,0.0,
28,3f43r9to,SyncBottom,6,6,Baseline,1,2.0,1.0,10.0,10.0,10.0,10.0,"{""1"": {""proposer_id"": 1, ""proposal"": {""s1"": 10, ""s2"": 10, ""s3"": 10}}, ""2"": {""proposer_id"": 3, ""proposal"": {""s1"": 10, ""s2"": 10, ""s3"": 10}}, ""3"": {""proposer_id"": 1, ""proposal"": {""s1"": 20, ""s2"": 5, ""s3"": 5}}}",1,1,3,10.0,
28,3f43r9to,SyncBottom,6,6,Baseline,2,1.0,1.0,10.0,10.0,10.0,10.0,"{""1"": {""proposer_id"": 1, ""proposal"": {""s1"": 10, ""s2"": 10, ""s3"": 10}}, ""2"": {""proposer_id"": 2, ""proposal"": {""s1"": 10, ""s2"": 10, ""s3"": 10}}, ""3"": {""proposer_id"": 2, ""proposal"": {""s1"": 5, ""s2"": 20, ""s3"": 5}}}",1,1,2,10.0,
28,3f43r9to,SyncBottom,6,6,Baseline,3,,,,,,,{},0,0,0,0.0,
29,gnk4jaqq,Part1,37,8,Baseline,1,1.0,2.0,10.0,10.0,10.0,10.0,"{""1"": {""proposer_id"": 2, ""proposal"": {""s1"": 10, ""s2"": 10, ""s3"": 10}}, ""2"": {""proposer_id"": 1, ""proposal"": {""s1"": 10, ""s2"": 10, ""s3"": 10}}, ""3"": {""proposer_id"": 1, ""proposal"": {""s1"": 10, ""s2"": 10, ""s3"": 10}}}",1,1,3,10.0,
29,gnk4jaqq,Part1,37,8,Baseline,2,3.0,2.0,10.0,10.0,10.0,10.0,"{""1"": {""proposer_id"": 2, ""proposal"": {""s1"": 10, ""s2"": 10, ""s3"": 10}}, ""2"": {""proposer_id"": 1, ""proposal"": {""s1"": 10, ""s2"": 10, ""s3"": 10}}, ""3"": {""proposer_id"": 3, ""proposal"": {""s1"": 10, ""s2"": 10, ""s3"": 10}}}",1,1,3,10.0,
29,gnk4jaqq,Part1,37,8,Baseline,3,3.0,2.0,10.0,10.0,10.0,10.0,"{""1"": {""proposer_id"": 1, ""proposal"": {""s1"": 10, ""s2"": 10, ""s3"": 10}}, ""2"": {""proposer_id"": 1, ""proposal"": {""s1"": 10, ""s2"": 10, ""s3"": 10}}, ""3"": {""proposer_id"": 3, ""proposal"": {""s1"": 10, ""s2"": 10, ""s3"": 10}}}",1,1,3,10.0,
30,3tyuy6cs,Part3,37,7,Baseline,1,3.0,3.0,10.0,10.0,10.0,10.0,"{""1"": {""proposer_id"": 2, ""proposal"": {""s1"": 10, ""s2"": 10, ""s3"": 10}}, ""2"": {""proposer_id"": 1, ""proposal"": {""s1"": 10, ""s2"": 10, ""s3"": 10}}, ""3"": {""proposer_id"": 1, ""proposal"": {""s1"": 10, ""s2"": 10, ""s3"": 10}}}",1,1,3,10.0,
30,3tyuy6cs,Part3,37,7,Baseline,2,2.0,1.0,10.0,10.0,10.0,10.0,"{""1"": {""proposer_id"": 2, ""proposal"": {""s1"": 10, ""s2"": 10, ""s3"": 10}}, ""2"": {""proposer_id"": 1, ""proposal"": {""s1"": 10, ""s2"": 10, ""s3"": 10}}, ""3"": {""proposer_id"": 3, ""proposal"": {""s1"": 10, ""s2"": 10, ""s3"": 10}}}",1,1,3,10.0,
30,3tyuy6cs,Part3,37,7,Baseline,3,3.0,3.0,10.0,10.0,10.0,10.0,"{""1"": {""proposer_id"": 1, ""proposal"": {""s1"": 10, ""s2"": 10, ""s3"": 10}}, ""2"": {""proposer_id"": 1, ""proposal"": {""s1"": 10, ""s2"": 10, ""s3"": 10}}, ""3"": {""proposer_id"": 3, ""proposal"": {""s1"": 10, ""s2"": 10, ""s3"": 10}}}",1,1,3,10.0,
31,ncfy3nc6,WelcomePage,,31,Baseline,1,,,,,,,{},0,0,0,0.0,
31,ncfy3nc6,WelcomePage,,31,Baseline,2,,,,,,,{},0,0,0,0.0,
31,ncfy3nc6,WelcomePage,,31,Baseline,3,,,,,,,{},0,0,0,0.0,
32,dyptgjph,Party,,32,Baseline,1,,,,,,,{},0,0,0,0.0,
32,dyptgjph,Party,,32,Baseline,2,,,,,,,{},0,0,0,0.0,
32,dyptgjph,Party,,32,Baseline,3,,,,,,,{},0,0,0,0.0,
33,vyo9xxhv,GameStarts,62,8,Priming,1,,,,,,,{},0,0,0,0.0,
33,vyo9xxhv,GameStarts,62,8,Priming,2,,,,,,,{},0,0,0,0.0,
33,vyo9xxhv,GameStarts,62,8,Priming,3,,,,,,,{},0,0,0,0.0,
34,0b7cdkdw,WelcomePage,,34,Baseline,1,,,,,,,{},0,0,0,0.0,
34,0b7cdkdw,WelcomePage,,34,Baseline,2,,,,,,,{},0,0,0,0.0,
34,0b7cdkdw,WelcomePage,,34,Baseline,3,,,,,,,{},0,0,0,0.0,
35,lp8h236z,Part1,37,6,Baseline,1,2.0,1.0,10.0,10.0,10.0,10.0,"{""1"": {""proposer_id"": 2, ""proposal"": {""s1"": 10, ""s2"": 10, ""s3"": 10}}, ""2"": {""proposer_id"": 1, ""proposal"": {""s1"": 10, ""s2"": 10, ""s3"": 10}}, ""3"": {""proposer_id"": 1, ""proposal"": {""s1"": 10, ""s2"": 10, ""s3"": 10}}}",1,1,3,10.0,
35,lp8h236z,Part1,37,6,Baseline,2,3.0,1.0,10.0,10.0,10.0,10.0,"{""1"": {""proposer_id"": 2, ""proposal"": {""s1"": 10, ""s2"": 10, ""s3"": 10}}, ""2"": {""proposer_id"": 1, ""proposal"": {""s1"": 10, ""s2"": 10, ""s3"": 10}}, ""3"": {""proposer_id"": 3, ""proposal"": {""s1"": 10, ""s2"": 10, ""s3"": 10}}}",1,1,3,10.0,
35,lp8h236z,Part1,37,6,Baseline,3,1.0,2.0,10.0,10.0,10.0,10.0,"{""1"": {""proposer_id"": 1, ""proposal"": {""s1"": 10, ""s2"": 10, ""s3"": 10}}, ""2"": {""proposer_id"": 1, ""proposal"": {""s1"": 10, ""s2"": 10, ""s3"": 10}}, ""3"": {""proposer_id"": 3, ""proposal"": {""s1"": 10, ""s2"": 10, ""s3"": 10}}}",1,1,3,10.0,
36,mhw1vwgz,VoterPage,59,4,Baseline,1,2.0,2.0,10.0,10.0,10.0,10.0,"{""1"": {""proposer_id"": 1, ""proposal"": {""s1"": 10, ""s2"": 10, ""s3"": 10}}, ""2"": {""proposer_id"": 1, ""proposal"": {""s1"": 10, ""s2"": 10, ""s3"": 10}}, ""3"": {""proposer_id"": 2, ""proposal"": {""s1"": 10, ""s2"": 10, ""s3"": 10}}}",1,1,3,10.0,
36,mhw1vwgz,VoterPage,59,4,Baseline,2,1.0,1.0,10.0,10.0,10.0,10.0,"{""1"": {""proposer_id"": 2, ""proposal"": {""s1"": 10, ""s2"": 10, ""s3"": 10}}, ""2"": {""proposer_id"": 3, ""proposal"": {""s1"": 0, ""s2"": 15, ""s3"": 15}}, ""3"": {""proposer_id"": 3, ""proposal"": {""s1"": 10, ""s2"": 10, ""s3"": 10}}}",1,0,1,10.0,
36,mhw1vwgz,VoterPage,59,4,Baseline,3,1.0,3.0,10.0,10.0,10.0,10.0,"{""1"": {""proposer_id"": 1, ""proposal"": {""s1"": 15, ""s2"": 15, ""s3"": 0}}, ""2"": {""proposer_id"": 1, ""proposal"": {""s1"": 10, ""s2"": 10, ""s3"": 10}}, ""3"": {""proposer_id"": 2, ""proposal"": {""s1"": 10, ""s2"": 10, ""s3"": 10}}}",0,0,0,0.0,
37,nufhy9vy,Part4,37,1,Baseline,1,2.0,3.0,10.0,10.0,10.0,10.0,"{""1"": {""proposer_id"": 2, ""proposal"": {""s1"": 10, ""s2"": 10, ""s3"": 10}}, ""2"": {""proposer_id"": 1, ""proposal"": {""s1"": 10, ""s2"": 10, ""s3"": 10}}, ""3"": {""proposer_id"": 1, ""proposal"": {""s1"": 10, ""s2"": 10, ""s3"": 10}}}",1,1,3,10.0,
37,nufhy9vy,Part4,37,1,Baseline,2,2.0,2.0,10.0,10.0,10.0,10.0,"{""1"": {""proposer_id"": 2, ""proposal"": {""s1"": 10, ""s2"": 10, ""s3"": 10}}, ""2"": {""proposer_id"": 1, ""proposal"": {""s1"": 10, ""s2"": 10, ""s3"": 10}}, ""3"": {""proposer_id"": 3, ""proposal"": {""s1"": 10, ""s2"": 10, ""s3"": 10}}}",1,1,3,10.0,
37,nufhy9vy,Part4,37,1,Baseline,3,1.0,3.0,10.0,10.0,10.0,10.0,"{""1"": {""proposer_id"": 1, ""proposal"": {""s1"": 10, ""s2"": 10, ""s3"": 10}}, ""2"": {""proposer_id"": 1, ""proposal"": {""s1"": 10, ""s2"": 10, ""s3"": 10}}, ""3"": {""proposer_id"": 3, ""proposal"": {""s1"": 10, ""s2"": 10, ""s3"": 10}}}",1,1,3,10.0,
38,iirioxsu,Part3,46,2,Priming,1,3.0,1.0,10.0,10.0,10.0,10.0,"{""1"": {""proposer_id"": 3, ""proposal"": {""s1"": 0, ""s2"": 0, ""s3"": 30}}, ""2"": {""proposer_id"": 3, ""proposal"": {""s1"": 10, ""s2"": 10, ""s3"": 10}}, ""3"": {""proposer_id"": 2, ""proposal"": {""s1"": 10, ""s2"": 10, ""s3"": 10}}}",1,1,3,10.0,
38,iirioxsu,Part3,46,2,Priming,2,1.0,3.0,10.0,10.0,10.0,10.0,"{""1"": {""proposer_id"": 3, ""proposal"": {""s1"": 10, ""s2"": 10, ""s3"": 10}}, ""2"": {""proposer_id"": 3, ""proposal"": {""s1"": 10, ""s2"": 10, ""s3"": 10}}, ""3"": {""proposer_id"": 1, ""proposal"": {""s1"": 20, ""s2"": 5, ""s3"": 5}}}",1,1,3,10.0,
38,iirioxsu,Part3,46,2,Priming,3,1.0,3.0,10.0,10.0,10.0,10.0,"{""1"": {""proposer_id"": 2, ""proposal"": {""s1"": 8, ""s2"": 15, ""s3"": 7}}, ""2"": {""proposer_id"": 1, ""proposal"": {""s1"": 10, ""s2"": 10, ""s3"": 10}}, ""3"": {""proposer_id"": 2, ""proposal"": {""s1"": 10, ""s2"": 10, ""s3"": 10}}}",1,1,3,7.0,
39,yuaws5xw,QuizPage,,39,Baseline,1,,,,,,,{},0,0,0,0.0,
39,yuaws5xw,QuizPage,,39,Baseline,2,,,,,,,{},0,0,0,0.0,
39,yuaws5xw,QuizPage,,39,Baseline,3,,,,,,,{},0,0,0,0.0,
40,f6wj5ed2,VoterPage,59,8,Baseline,1,1.0,2.0,10.0,10.0,10.0,10.0,"{""1"": {""proposer_id"": 1, ""proposal"": {""s1"": 10, ""s2"": 10, ""s3"": 10}}, ""2"": {""proposer_id"": 1, ""proposal"": {""s1"": 10, ""s2"": 10, ""s3"": 10}}, ""3"": {""proposer_id"": 2, ""proposal"": {""s1"": 10, ""s2"": 10, ""s3"": 10}}}",1,1,3,10.0,
40,f6wj5ed2,VoterPage,59,8,Baseline,2,1.0,3.0,10.0,10.0,10.0,10.0,"{""1"": {""proposer_id"": 2, ""proposal"": {""s1"": 10, ""s2"": 10, ""s3"": 10}}, ""2"": {""proposer_id"": 3, ""proposal"": {""s1"": 0, ""s2"": 15, ""s3"": 15}}, ""3"": {""proposer_id"": 3, ""proposal"": {""s1"": 10, ""s2"": 10, ""s3"": 10}}}",1,0,1,10.0,
40,f6wj5ed2,VoterPage,59,8,Baseline,3,1.0,2.0,10.0,10.0,10.0,10.0,"{""1"": {""proposer_id"": 1, ""proposal"": {""s1"": 15, ""s2"": 15, ""s3"": 0}}, ""2"": {""proposer_id"": 1, ""proposal"": {""s1"": 10, ""s2"": 10, ""s3"": 10}}, ""3"": {""proposer_id"": 2, ""proposal"": {""s1"": 10, ""s2"": 10, ""s3"": 10}}}",0,0,0,0.0,
41,0d1hoip6,ProposerPage,62,2,Priming,1,,,,,,,{},0,0,0,0.0,
41,0d1hoip6,ProposerPage,62,2,Priming,2,,,,,,,{},0,0,0,0.0,
41,0d1hoip6,ProposerPage,62,2,Priming,3,,,,,,,{},0,0,0,0.0,
42,gqisj7ze,WaitingPage,87,9,Priming,1,2.0,3.0,10.0,10.0,10.0,10.0,"{""1"": {""proposer_id"": 2, ""proposal"": {""s1"": 10, ""s2"": 10, ""s3"": 10}}, ""2"": {""proposer_id"": 2, ""proposal"": {""s1"": 10, ""s2"": 10, ""s3"": 10}}, ""3"": {""proposer_id"": 2, ""proposal"": {""s1"": 10, ""s2"": 15, ""s3"": 5}}}",1,1,2,10.0,
42,gqisj7ze,WaitingPage,87,9,Priming,2,,,,,,,{},0,0,0,0.0,
42,gqisj7ze,WaitingPage,87,9,Priming,3,,,,,,,{},0,0,0,0.0,
43,3po62k7s,SampleInstructions,,43,Baseline,1,,,,,,,{},0,0,0,0.0,
43,3po62k7s,SampleInstructions,,43,Baseline,2,,,,,,,{},0,0,0,0.0,
43,3po62k7s,SampleInstructions,,43,Baseline,3,,,,,,,{},0,0,0,0.0,
44,3vgy0ztq,Part2,46,9,Priming,1,2.0,2.0,10.0,10.0,10.0,10.0,"{""1"": {""proposer_id"": 3, ""proposal"": {""s1"": 0, ""s2"": 0, ""s3"": 30}}, ""2"": {""proposer_id"": 3, ""proposal"": {""s1"": 10, ""s2"": 10, ""s3"": 10}}, ""3"": {""proposer_id"": 2, ""proposal"": {""s1"": 10, ""s2"": 10, ""s3"": 10}}}",1,1,3,10.0,
44,3vgy0ztq,Part2,46,9,Priming,2,2.0,3.0,10.0,10.0,10.0,10.0,"{""1"": {""proposer_id"": 3, ""proposal"": {""s1"": 10, ""s2"": 10, ""s3"": 10}}, ""2"": {""proposer_id"": 3, ""proposal"": {""s1"": 10, ""s2"": 10, ""s3"": 10}}, ""3"": {""proposer_id"": 1, ""proposal"": {""s1"": 20, ""s2"": 5, ""s3"": 5}}}",1,1,3,10.0,
44,3vgy0ztq,Part2,46,9,Priming,3,3.0,3.0,10.0,10.0,10.0,10.0,"{""1"": {""proposer_id"": 2, ""proposal"": {""s1"": 8, ""s2"": 15, ""s3"": 7}}, ""2"": {""proposer_id"": 1, ""proposal"": {""s1"": 10, ""s2"": 10, ""s3"": 10}}, ""3"": {""proposer_id"": 2, ""proposal"": {""s1"": 10, ""s2"": 10, ""s3"": 10}}}",1,1,3,10.0,
45,4j31m8xm,WaitingPage,87,3,Priming,1,1.0,2.0,10.0,10.0,10.0,10.0,"{""1"": {""proposer_id"": 2, ""proposal"": {""s1"": 10, ""s2"": 10, ""s3"": 10}}, ""2"": {""proposer_id"": 2, ""proposal"": {""s1"": 10, ""s2"": 10, ""s3"": 10}}, ""3"": {""proposer_id"": 2, ""proposal"": {""s1"": 10, ""s2"": 15, ""s3"": 5}}}",1,1,2,10.0,
45,4j31m8xm,WaitingPage,87,3,Priming,2,,,,,,,{},0,0,0,0.0,
45,4j31m8xm,WaitingPage,87,3,Priming,3,,,,,,,{},0,0,0,0.0,
46,s3jdv211,Part4,46,1,Priming,1,2.0,1.0,10.0,10.0,10.0,10.0,"{""1"": {""proposer_id"": 3, ""proposal"": {""s1"": 0, ""s2"": 0, ""s3"": 30}}, ""2"": {""proposer_id"": 3, ""proposal"": {""s1"": 10, ""s2"": 10, ""s3"": 10}}, ""3"": {""proposer_id"": 2, ""proposal"": {""s1"": 10, ""s2"": 10, ""s3"": 10}}}",1,1,3,10.0,
46,s3jdv211,Part4,46,1,Priming,2,3.0,3.0,10.0,10.0,10.0,10.0,"{""1"": {""proposer_id"": 3, ""proposal"": {""s1"": 10, ""s2"": 10, ""s3"": 10}}, ""2"": {""proposer_id"": 3, ""proposal"": {""s1"": 10, ""s2"": 10, ""s3"": 10}}, ""3"": {""proposer_id"": 1, ""proposal"": {""s1"": 20, ""s2"": 5, ""s3"": 5}}}",0,1,3,0.0,
46,s3jdv211,Part4,46,1,Priming,3,2.0,3.0,10.0,10.0,10.0,10.0,"{""1"": {""proposer_id"": 2, ""proposal"": {""s1"": 8, ""s2"": 15, ""s3"": 7}}, ""2"": {""proposer_id"": 1, ""proposal"": {""s1"": 10, ""s2"": 10, ""s3"": 10}}, ""3"": {""proposer_id"": 2, ""proposal"": {""s1"": 10, ""s2"": 10, ""s3"": 10}}}",1,1,3,10.0,
47,hww7fiff,Priming,105,6,Priming,1,,,,,,,{},0,0,0,0.0,
47,hww7fiff,Priming,105,6,Priming,2,,,,,,,{},0,0,0,0.0,
47,hww7fiff,Priming,105,6,Priming,3,,,,,,,{},0,0,0,0.0,
48,zvzkwihh,SyncBottom,87,4,Priming,1,3.0,1.0,10.0,10.0,10.0,10.0,"{""1"": {""proposer_id"": 2, ""proposal"": {""s1"": 10, ""s2"": 10, ""s3"": 10}}, ""2"": {""proposer_id"": 2, ""proposal"": {""s1"": 10, ""s2"": 10, ""s3"": 10}}, ""3"": {""proposer_id"": 2, ""proposal"": {""s1"": 10, ""s2"": 15, ""s3"": 5}}}",0,1,2,10.0,
48,zvzkwihh,SyncBottom,87,4,Priming,2,,,,,,,{},0,0,0,0.0,
48,zvzkwihh,SyncBottom,87,4,Priming,3,,,,,,,{},0,0,0,0.0,
49,azt740gt,Part4,37,4,Baseline,1,1.0,1.0,10.0,10.0,10.0,10.0,"{""1"": {""proposer_id"": 2, ""proposal"": {""s1"": 10, ""s2"": 10, ""s3"": 10}}, ""2"": {""proposer_id"": 1, ""proposal"": {""s1"": 10, ""s2"": 10, ""s3"": 10}}, ""3"": {""proposer_id"": 1, ""proposal"": {""s1"": 10, ""s2"": 10, ""s3"": 10}}}",1,1,3,10.0,
49,azt740gt,Part4,37,4,Baseline,2,2.0,3.0,10.0,10.0,10.0,10.0,"{""1"": {""proposer_id"": 2, ""proposal"": {""s1"": 10, ""s2"": 10, ""s3"": 10}}, ""2"": {""proposer_id"": 1, ""proposal"": {""s1"": 10, ""s2"": 10, ""s3"": 10}}, ""3"": {""proposer_id"": 3, ""proposal"": {""s1"": 10, ""s2"": 10, ""s3"": 10}}}",1,1,3,10.0,
49,azt740gt,Part4,37,4,Baseline,3,2.0,2.0,10.0,10.0,10.0,10.0,"{""1"": {""proposer_id"": 1, ""proposal"": {""s1"": 10, ""s2"": 10, ""s3"": 10}}, ""2"": {""proposer_id"": 1, ""proposal"": {""s1"": 10, ""s2"": 10, ""s3"": 10}}, ""3"": {""proposer_id"": 3, ""proposal"": {""s1"": 10, ""s2"": 10, ""s3"": 10}}}",1,1,3,10.0,
50,5k74pjrj,WaitingPage,87,8,Priming,1,3.0,3.0,8.0,8.0,14.0,14.0,"{""1"": {""proposer_id"": 2, ""proposal"": {""s1"": 10, ""s2"": 10, ""s3"": 10}}, ""2"": {""proposer_id"": 2, ""proposal"": {""s1"": 10, ""s2"": 10, ""s3"": 10}}, ""3"": {""proposer_id"": 2, ""proposal"": {""s1"": 10, ""s2"": 15, ""s3"": 5}}}",1,1,2,5.0,
50,5k74pjrj,WaitingPage,87,8,Priming,2,,,,,,,{},0,0,0,0.0,
50,5k74pjrj,WaitingPage,87,8,Priming,3,,,,,,,{},0,0,0,0.0,
51,4lv0b8qh,Priming,105,4,Priming,1,,,,,,,{},0,0,0,0.0,
51,4lv0b8qh,Priming,105,4,Priming,2,,,,,,,{},0,0,0,0.0,
51,4lv0b8qh,Priming,105,4,Priming,3,,,,,,,{},0,0,0,0.0,
52,nza48nbh,QuizPage,,52,Baseline,1,,,,,,,{},0,0,0,0.0,
52,nza48nbh,QuizPage,,52,Baseline,2,,,,,,,{},0,0,0,0.0,
52,nza48nbh,QuizPage,,52,Baseline,3,,,,,,,{},0,0,0,0.0,
53,72quzxua,Part4,46,7,Priming,1,1.0,3.0,0.0,0.0,30.0,30.0,"{""1"": {""proposer_id"": 3, ""proposal"": {""s1"": 0, ""s2"": 0, ""s3"": 30}}, ""2"": {""proposer_id"": 3, ""proposal"": {""s1"": 10, ""s2"": 10, ""s3"": 10}}, ""3"": {""proposer_id"": 2, ""proposal"": {""s1"": 10, ""s2"": 10, ""s3"": 10}}}",1,1,3,0.0,
53,72quzxua,Part4,46,7,Priming,2,1.0,2.0,10.0,10.0,10.0,10.0,"{""1"": {""proposer_id"": 3, ""proposal"": {""s1"": 10, ""s2"": 10, ""s3"": 10}}, ""2"": {""proposer_id"": 3, ""proposal"": {""s1"": 10, ""s2"": 10, ""s3"": 10}}, ""3"": {""proposer_id"": 1, ""proposal"": {""s1"": 20, ""s2"": 5, ""s3"": 5}}}",1,1,3,10.0,
53,72quzxua,Part4,46,7,Priming,3,1.0,2.0,8.0,15.0,7.0,15.0,"{""1"": {""proposer_id"": 2, ""proposal"": {""s1"": 8, ""s2"": 15, ""s3"": 7}}, ""2"": {""proposer_id"": 1, ""proposal"": {""s1"": 10, ""s2"": 10, ""s3"": 10}}, ""3"": {""proposer_id"": 2, ""proposal"": {""s1"": 10, ""s2"": 10, ""s3"": 10}}}",1,1,3,15.0,
54,oyc7d9sb,VoterPage,96,5,Baseline,1,1.0,2.0,10.0,10.0,10.0,10.0,"{""1"": {""proposer_id"": 1, ""proposal"": {""s1"": 10, ""s2"": 10, ""s3"": 10}}, ""2"": {""proposer_id"": 1, ""proposal"": {""s1"": 10, ""s2"": 10, ""s3"": 10}}, ""3"": {""proposer_id"": 1, ""proposal"": {""s1"": 10, ""s2"": 10, ""s3"": 10}}}",1,1,3,10.0,
54,oyc7d9sb,VoterPage,96,5,Baseline,2,1.0,2.0,10.0,10.0,10.0,10.0,"{""1"": {""proposer_id"": 3, ""proposal"": {""s1"": 10, ""s2"": 10, ""s3"": 10}}, ""2"": {""proposer_id"": 2, ""proposal"": {""s1"": 10, ""s2"": 10, ""s3"": 10}}, ""3"": {""proposer_id"": 3, ""proposal"": {""s1"": 10, ""s2"": 10, ""s3"": 10}}}",0,0,0,0.0,
54,oyc7d9sb,VoterPage,96,5,Baseline,3,,,,,,,{},0,0,0,0.0,
55,2ci4t6ay,VoterPage,59,9,Baseline,1,2.0,1.0,10.0,10.0,10.0,10.0,"{""1"": {""proposer_id"": 1, ""proposal"": {""s1"": 10, ""s2"": 10, ""s3"": 10}}, ""2"": {""proposer_id"": 1, ""proposal"": {""s1"": 10, ""s2"": 10, ""s3"": 10}}, ""3"": {""proposer_id"": 2, ""proposal"": {""s1"": 10, ""s2"": 10, ""s3"": 10}}}",1,1,3,10.0,
55,2ci4t6ay,VoterPage,59,9,Baseline,2,3.0,3.0,10.0,10.0,10.0,10.0,"{""1"": {""proposer_id"": 2, ""proposal"": {""s1"": 10, ""s2"": 10, ""s3"": 10}}, ""2"": {""proposer_id"": 3, ""proposal"": {""s1"": 0, ""s2"": 15, ""s3"": 15}}, ""3"": {""proposer_id"": 3, ""proposal"": {""s1"": 10, ""s2"": 10, ""s3"": 10}}}",1,0,1,10.0,
55,2ci4t6ay,VoterPage,59,9,Baseline,3,2.0,2.0,10.0,10.0,10.0,10.0,"{""1"": {""proposer_id"": 1, ""proposal"": {""s1"": 15, ""s2"": 15, ""s3"": 0}}, ""2"": {""proposer_id"": 1, ""proposal"": {""s1"": 10, ""s2"": 10, ""s3"": 10}}, ""3"": {""proposer_id"": 2, ""proposal"": {""s1"": 10, ""s2"": 10, ""s3"": 10}}}",0,0,0,0.0,
56,lim1br1b,WaitingPage,87,5,Priming,1,1.0,1.0,15.0,8.0,7.0,15.0,"{""1"": {""proposer_id"": 2, ""proposal"": {""s1"": 10, ""s2"": 10, ""s3"": 10}}, ""2"": {""proposer_id"": 2, ""proposal"": {""s1"": 10, ""s2"": 10, ""s3"": 10}}, ""3"": {""proposer_id"": 2, ""proposal"": {""s1"": 10, ""s2"": 15, ""s3"": 5}}}",1,1,2,10.0,
56,lim1br1b,WaitingPage,87,5,Priming,2,,,,,,,{},0,0,0,0.0,
56,lim1br1b,WaitingPage,87,5,Priming,3,,,,,,,{},0,0,0,0.0,
57,4hr53mns,WaitingPage,87,2,Priming,1,3.0,2.0,10.0,15.0,5.0,15.0,"{""1"": {""proposer_id"": 2, ""proposal"": {""s1"": 10, ""s2"": 10, ""s3"": 10}}, ""2"": {""proposer_id"": 2, ""proposal"": {""s1"": 10, ""s2"": 10, ""s3"": 10}}, ""3"": {""proposer_id"": 2, ""proposal"": {""s1"": 10, ""s2"": 15, ""s3"": 5}}}",1,1,2,15.0,
57,4hr53mns,WaitingPage,87,2,Priming,2,,,,,,,{},0,0,0,0.0,
57,4hr53mns,WaitingPage,87,2,Priming,3,,,,,,,{},0,0,0,0.0,
58,l8876xx6,QuizPage,,58,Baseline,1,,,,,,,{},0,0,0,0.0,
58,l8876xx6,QuizPage,,58,Baseline,2,,,,,,,{},0,0,0,0.0,
58,l8876xx6,QuizPage,,58,Baseline,3,,,,,,,{},0,0,0,0.0,
59,4rp90gdd,VoterPage,59,1,Baseline,1,3.0,1.0,15.0,15.0,0.0,15.0,"{""1"": {""proposer_id"": 1, ""proposal"": {""s1"": 10, ""s2"": 10, ""s3"": 10}}, ""2"": {""proposer_id"": 1, ""proposal"": {""s1"": 10, ""s2"": 10, ""s3"": 10}}, ""3"": {""proposer_id"": 2, ""proposal"": {""s1"": 10, ""s2"": 10, ""s3"": 10}}}",1,1,3,10.0,
59,4rp90gdd,VoterPage,59,1,Baseline,2,2.0,3.0,0.0,15.0,15.0,15.0,"{""1"": {""proposer_id"": 2, ""proposal"": {""s1"": 10, ""s2"": 10, ""s3"": 10}}, ""2"": {""proposer_id"": 3, ""proposal"": {""s1"": 0, ""s2"": 15, ""s3"": 15}}, ""3"": {""proposer_id"": 3, ""proposal"": {""s1"": 10, ""s2"": 10, ""s3"": 10}}}",1,0,1,0.0,
59,4rp90gdd,VoterPage,59,1,Baseline,3,1.0,1.0,15.0,15.0,0.0,15.0,"{""1"": {""proposer_id"": 1, ""proposal"": {""s1"": 15, ""s2"": 15, ""s3"": 0}}, ""2"": {""proposer_id"": 1, ""proposal"": {""s1"": 10, ""s2"": 10, ""s3"": 10}}, ""3"": {""proposer_id"": 2, ""proposal"": {""s1"": 10, ""s2"": 10, ""s3"": 10}}}",0,0,0,0.0,
60,cfajmnps,Party,,60,Baseline,1,,,,,,,{},0,0,0,0.0,
60,cfajmnps,Party,,60,Baseline,2,,,,,,,{},0,0,0,0.0,
60,cfajmnps,Party,,60,Baseline,3,,,,,,,{},0,0,0,0.0,
61,ueblibld,SyncTop,,1,Baseline,1,,,,,,,{},0,0,0,0.0,
61,ueblibld,SyncTop,,1,Baseline,2,,,,,,,{},0,0,0,0.0,
61,ueblibld,SyncTop,,1,Baseline,3,,,,,,,{},0,0,0,0.0,
62,jjp6fil2,AreYouThere,62,1,Priming,1,2.0,3.0,0.0,0.0,0.0,0.0,{},0,0,0,0.0,
62,jjp6fil2,AreYouThere,62,1,Priming,2,,,,,,,{},0,0,0,0.0,
62,jjp6fil2,AreYouThere,62,1,Priming,3,,,,,,,{},0,0,0,0.0,
63,dzv9cu5i,VoterPage,59,6,Baseline,1,2.0,3.0,10.0,10.0,10.0,10.0,"{""1"": {""proposer_id"": 1, ""proposal"": {""s1"": 10, ""s2"": 10, ""s3"": 10}}, ""2"": {""proposer_id"": 1, ""proposal"": {""s1"": 10, ""s2"": 10, ""s3"": 10}}, ""3"": {""proposer_id"": 2, ""proposal"": {""s1"": 10, ""s2"": 10, ""s3"": 10}}}",1,1,3,10.0,
63,dzv9cu5i,VoterPage,59,6,Baseline,2,1.0,2.0,10.0,10.0,10.0,10.0,"{""1"": {""proposer_id"": 2, ""proposal"": {""s1"": 10, ""s2"": 10, ""s3"": 10}}, ""2"": {""proposer_id"": 3, ""proposal"": {""s1"": 0, ""s2"": 15, ""s3"": 15}}, ""3"": {""proposer_id"": 3, ""proposal"": {""s1"": 10, ""s2"": 10, ""s3"": 10}}}",1,0,1,10.0,
63,dzv9cu5i,VoterPage,59,6,Baseline,3,3.0,3.0,10.0,10.0,10.0,10.0,"{""1"": {""proposer_id"": 1, ""proposal"": {""s1"": 15, ""s2"": 15, ""s3"": 0}}, ""2"": {""proposer_id"": 1, ""proposal"": {""s1"": 10, ""s2"": 10, ""s3"": 10}}, ""3"": {""proposer_id"": 2, ""proposal"": {""s1"": 10, ""s2"": 10, ""s3"": 10}}}",0,0,0,0.0,
64,21yc2svc,QuizPage,,64,Baseline,1,,,,,,,{},0,0,0,0.0,
64,21yc2svc,QuizPage,,64,Baseline,2,,,,,,,{},0,0,0,0.0,
64,21yc2svc,QuizPage,,64,Baseline,3,,,,,,,{},0,0,0,0.0,
65,is4l7twp,FailedPage,,65,Baseline,1,,,,,,,{},0,0,0,0.0,
65,is4l7twp,FailedPage,,65,Baseline,2,,,,,,,{},0,0,0,0.0,
65,is4l7twp,FailedPage,,65,Baseline,3,,,,,,,{},0,0,0,0.0,
66,gojnn1fa,Part4,37,5,Baseline,1,3.0,1.0,10.0,10.0,10.0,10.0,"{""1"": {""proposer_id"": 2, ""proposal"": {""s1"": 10, ""s2"": 10, ""s3"": 10}}, ""2"": {""proposer_id"": 1, ""proposal"": {""s1"": 10, ""s2"": 10, ""s3"": 10}}, ""3"": {""proposer_id"": 1, ""proposal"": {""s1"": 10, ""s2"": 10, ""s3"": 10}}}",1,1,3,10.0,
66,gojnn1fa,Part4,37,5,Baseline,2,3.0,3.0,10.0,10.0,10.0,10.0,"{""1"": {""proposer_id"": 2, ""proposal"": {""s1"": 10, ""s2"": 10, ""s3"": 10}}, ""2"": {""proposer_id"": 1, ""proposal"": {""s1"": 10, ""s2"": 10, ""s3"": 10}}, ""3"": {""proposer_id"": 3, ""proposal"": {""s1"": 10, ""s2"": 10, ""s3"": 10}}}",1,1,3,10.0,
66,gojnn1fa,Part4,37,5,Baseline,3,2.0,1.0,10.0,10.0,10.0,10.0,"{""1"": {""proposer_id"": 1, ""proposal"": {""s1"": 10, ""s2"": 10, ""s3"": 10}}, ""2"": {""proposer_id"": 1, ""proposal"": {""s1"": 10, ""s2"": 10, ""s3"": 10}}, ""3"": {""proposer_id"": 3, ""proposal"": {""s1"": 10, ""s2"": 10, ""s3"": 10}}}",1,1,3,10.0,
67,p8ihbndu,QuizPage,,67,Baseline,1,,,,,,,{},0,0,0,0.0,
67,p8ihbndu,QuizPage,,67,Baseline,2,,,,,,,{},0,0,0,0.0,
67,p8ihbndu,QuizPage,,67,Baseline,3,,,,,,,{},0,0,0,0.0,
68,q7jkuv03,ProposerPage,62,3,Priming,1,,,,,,,{},0,0,0,0.0,
68,q7jkuv03,ProposerPage,62,3,Priming,2,,,,,,,{},0,0,0,0.0,
68,q7jkuv03,ProposerPage,62,3,Priming,3,,,,,,,{},0,0,0,0.0,
69,iirc3prl,VoterPage,59,3,Baseline,1,3.0,2.0,10.0,10.0,10.0,10.0,"{""1"": {""proposer_id"": 1, ""proposal"": {""s1"": 10, ""s2"": 10, ""s3"": 10}}, ""2"": {""proposer_id"": 1, ""proposal"": {""s1"": 10, ""s2"": 10, ""s3"": 10}}, ""3"": {""proposer_id"": 2, ""proposal"": {""s1"": 10, ""s2"": 10, ""s3"": 10}}}",1,1,3,10.0,
69,iirc3prl,VoterPage,59,3,Baseline,2,3.0,1.0,10.0,10.0,10.0,10.0,"{""1"": {""proposer_id"": 2, ""proposal"": {""s1"": 10, ""s2"": 10, ""s3"": 10}}, ""2"": {""proposer_id"": 3, ""proposal"": {""s1"": 0, ""s2"": 15, ""s3"": 15}}, ""3"": {""proposer_id"": 3, ""proposal"": {""s1"": 10, ""s2"": 10, ""s3"": 10}}}",1,0,1,10.0,
69,iirc3prl,VoterPage,59,3,Baseline,3,3.0,1.0,10.0,10.0,10.0,10.0,"{""1"": {""proposer_id"": 1, ""proposal"": {""s1"": 15, ""s2"": 15, ""s3"": 0}}, ""2"": {""proposer_id"": 1, ""proposal"": {""s1"": 10, ""s2"": 10, ""s3"": 10}}, ""3"": {""proposer_id"": 2, ""proposal"": {""s1"": 10, ""s2"": 10, ""s3"": 10}}}",0,0,0,0.0,
70,g3lg7k96,ExperimentInstructions,,70,Baseline,1,,,,,,,{},0,0,0,0.0,
70,g3lg7k96,ExperimentInstructions,,70,Baseline,2,,,,,,,{},0,0,0,0.0,
70,g3lg7k96,ExperimentInstructions,,70,Baseline,3,,,,,,,{},0,0,0,0.0,
71,k8n799jx,VoterPage,59,7,Baseline,1,1.0,3.0,10.0,10.0,10.0,10.0,"{""1"": {""proposer_id"": 1, ""proposal"": {""s1"": 10, ""s2"": 10, ""s3"": 10}}, ""2"": {""proposer_id"": 1, ""proposal"": {""s1"": 10, ""s2"": 10, ""s3"": 10}}, ""3"": {""proposer_id"": 2, ""proposal"": {""s1"": 10, ""s2"": 10, ""s3"": 10}}}",1,1,3,10.0,
71,k8n799jx,VoterPage,59,7,Baseline,2,2.0,1.0,10.0,10.0,10.0,10.0,"{""1"": {""proposer_id"": 2, ""proposal"": {""s1"": 10, ""s2"": 10, ""s3"": 10}}, ""2"": {""proposer_id"": 3, ""proposal"": {""s1"": 0, ""s2"": 15, ""s3"": 15}}, ""3"": {""proposer_id"": 3, ""proposal"": {""s1"": 10, ""s2"": 10, ""s3"": 10}}}",0,0,1,0.0,
71,k8n799jx,VoterPage,59,7,Baseline,3,3.0,2.0,10.0,10.0,10.0,10.0,"{""1"": {""proposer_id"": 1, ""proposal"": {""s1"": 15, ""s2"": 15, ""s3"": 0}}, ""2"": {""proposer_id"": 1, ""proposal"": {""s1"": 10, ""s2"": 10, ""s3"": 10}}, ""3"": {""proposer_id"": 2, ""proposal"": {""s1"": 10, ""s2"": 10, ""s3"": 10}}}",0,0,0,0.0,
72,8tf6mpw7,VoterPage,96,9,Baseline,1,2.0,1.0,10.0,10.0,10.0,10.0,"{""1"": {""proposer_id"": 1, ""proposal"": {""s1"": 10, ""s2"": 10, ""s3"": 10}}, ""2"": {""proposer_id"": 1, ""proposal"": {""s1"": 10, ""s2"": 10, ""s3"": 10}}, ""3"": {""proposer_id"": 1, ""proposal"": {""s1"": 10, ""s2"": 10, ""s3"": 10}}}",1,1,3,10.0,
72,8tf6mpw7,VoterPage,96,9,Baseline,2,2.0,3.0,10.0,10.0,10.0,10.0,"{""1"": {""proposer_id"": 3, ""proposal"": {""s1"": 10, ""s2"": 10, ""s3"": 10}}, ""2"": {""proposer_id"": 2, ""proposal"": {""s1"": 10, ""s2"": 10, ""s3"": 10}}, ""3"": {""proposer_id"": 3, ""proposal"": {""s1"": 10, ""s2"": 10, ""s3"": 10}}}",0,0,0,0.0,
72,8tf6mpw7,VoterPage,96,9,Baseline,3,,,,,,,{},0,0,0,0.0,
73,vxjoaihk,VoterPage,96,2,Baseline,1,3.0,3.0,10.0,10.0,10.0,10.0,"{""1"": {""proposer_id"": 1, ""proposal"": {""s1"": 10, ""s2"": 10, ""s3"": 10}}, ""2"": {""proposer_id"": 1, ""proposal"": {""s1"": 10, ""s2"": 10, ""s3"": 10}}, ""3"": {""proposer_id"": 1, ""proposal"": {""s1"": 10, ""s2"": 10, ""s3"": 10}}}",1,1,3,10.0,
73,vxjoaihk,VoterPage,96,2,Baseline,2,1.0,1.0,10.0,10.0,10.0,10.0,"{""1"": {""proposer_id"": 3, ""proposal"": {""s1"": 10, ""s2"": 10, ""s3"": 10}}, ""2"": {""proposer_id"": 2, ""proposal"": {""s1"": 10, ""s2"": 10, ""s3"": 10}}, ""3"": {""proposer_id"": 3, ""proposal"": {""s1"": 10, ""s2"": 10, ""s3"": 10}}}",0,0,0,0.0,
73,vxjoaihk,VoterPage,96,2,Baseline,3,,,,,,,{},0,0,0,0.0,
74,yyn8wssq,ExperimentInstructions,,74,Baseline,1,,,,,,,{},0,0,0,0.0,
74,yyn8wssq,ExperimentInstructions,,74,Baseline,2,,,,,,,{},0,0,0,0.0,
74,yyn8wssq,ExperimentInstructions,,74,Baseline,3,,,,,,,{},0,0,0,0.0,
75,x58xu178,ExperimentInstructions,,75,Baseline,1,,,,,,,{},0,0,0,0.0,
75,x58xu178,ExperimentInstructions,,75,Baseline,2,,,,,,,{},0,0,0,0.0,
75,x58xu178,ExperimentInstructions,,75,Baseline,3,,,,,,,{},0,0,0,0.0,
76,2xrp8nmu,SyncTop,,1,Baseline,1,,,,,,,{},0,0,0,0.0,
76,2xrp8nmu,SyncTop,,1,Baseline,2,,,,,,,{},0,0,0,0.0,
76,2xrp8nmu,SyncTop,,1,Baseline,3,,,,,,,{},0,0,0,0.0,
77,ny5dmabw,WaitingPage,87,6,Priming,1,1.0,3.0,10.0,10.0,10.0,10.0,"{""1"": {""proposer_id"": 2, ""proposal"": {""s1"": 10, ""s2"": 10, ""s3"": 10}}, ""2"": {""proposer_id"": 2, ""proposal"": {""s1"": 10, ""s2"": 10, ""s3"": 10}}, ""3"": {""proposer_id"": 2, ""proposal"": {""s1"": 10, ""s2"": 15, ""s3"": 5}}}",1,1,2,10.0,
77,ny5dmabw,WaitingPage,87,6,Priming,2,,,,,,,{},0,0,0,0.0,
77,ny5dmabw,WaitingPage,87,6,Priming,3,,,,,,,{},0,0,0,0.0,
78,29r7eoh3,ExperimentInstructions,,78,Baseline,1,,,,,,,{},0,0,0,0.0,
78,29r7eoh3,ExperimentInstructions,,78,Baseline,2,,,,,,,{},0,0,0,0.0,
78,29r7eoh3,ExperimentInstructions,,78,Baseline,3,,,,,,,{},0,0,0,0.0,
79,q502s6k6,ExperimentInstructions,,79,Baseline,1,,,,,,,{},0,0,0,0.0,
79,q502s6k6,ExperimentInstructions,,79,Baseline,2,,,,,,,{},0,0,0,0.0,
79,q502s6k6,ExperimentInstructions,,79,Baseline,3,,,,,,,{},0,0,0,0.0,
80,k5lcbt6p,Priming,105,5,Priming,1,,,,,,,{},0,0,0,0.0,
80,k5lcbt6p,Priming,105,5,Priming,2,,,,,,,{},0,0,0,0.0,
80,k5lcbt6p,Priming,105,5,Priming,3,,,,,,,{},0,0,0,0.0,
81,2bf4hpf3,SyncTop,,1,Baseline,1,,,,,,,{},0,0,0,0.0,
81,2bf4hpf3,SyncTop,,1,Baseline,2,,,,,,,{},0,0,0,0.0,
81,2bf4hpf3,SyncTop,,1,Baseline,3,,,,,,,{},0,0,0,0.0,
82,rg88j88o,VoterPage,59,2,Baseline,1,3.0,3.0,10.0,10.0,10.0,10.0,"{""1"": {""proposer_id"": 1, ""proposal"": {""s1"": 10, ""s2"": 10, ""s3"": 10}}, ""2"": {""proposer_id"": 1, ""proposal"": {""s1"": 10, ""s2"": 10, ""s3"": 10}}, ""3"": {""proposer_id"": 2, ""proposal"": {""s1"": 10, ""s2"": 10, ""s3"": 10}}}",1,1,3,10.0,
82,rg88j88o,VoterPage,59,2,Baseline,2,3.0,2.0,10.0,10.0,10.0,10.0,"{""1"": {""proposer_id"": 2, ""proposal"": {""s1"": 10, ""s2"": 10, ""s3"": 10}}, ""2"": {""proposer_id"": 3, ""proposal"": {""s1"": 0, ""s2"": 15, ""s3"": 15}}, ""3"": {""proposer_id"": 3, ""proposal"": {""s1"": 10, ""s2"": 10, ""s3"": 10}}}",1,0,1,10.0,
82,rg88j88o,VoterPage,59,2,Baseline,3,2.0,1.0,10.0,10.0,10.0,10.0,"{""1"": {""proposer_id"": 1, ""proposal"": {""s1"": 15, ""s2"": 15, ""s3"": 0}}, ""2"": {""proposer_id"": 1, ""proposal"": {""s1"": 10, ""s2"": 10, ""s3"": 10}}, ""3"": {""proposer_id"": 2, ""proposal"": {""s1"": 10, ""s2"": 10, ""s3"": 10}}}",0,0,0,0.0,
83,q6t7wn6l,VoterPage,96,8,Baseline,1,3.0,2.0,10.0,10.0,10.0,10.0,"{""1"": {""proposer_id"": 1, ""proposal"": {""s1"": 10, ""s2"": 10, ""s3"": 10}}, ""2"": {""proposer_id"": 1, ""proposal"": {""s1"": 10, ""s2"": 10, ""s3"": 10}}, ""3"": {""proposer_id"": 1, ""proposal"": {""s1"": 10, ""s2"": 10, ""s3"": 10}}}",1,1,3,10.0,
83,q6t7wn6l,VoterPage,96,8,Baseline,2,1.0,3.0,10.0,10.0,10.0,10.0,"{""1"": {""proposer_id"": 3, ""proposal"": {""s1"": 10, ""s2"": 10, ""s3"": 10}}, ""2"": {""proposer_id"": 2, ""proposal"": {""s1"": 10, ""s2"": 10, ""s3"": 10}}, ""3"": {""proposer_id"": 3, ""proposal"": {""s1"": 10, ""s2"": 10, ""s3"": 10}}}",0,0,0,0.0,
83,q6t7wn6l,VoterPage,96,8,Baseline,3,,,,,,,{},0,0,0,0.0,
84,1gegs3v4,QuizPage,,84,Baseline,1,,,,,,,{},0,0,0,0.0,
84,1gegs3v4,QuizPage,,84,Baseline,2,,,,,,,{},0,0,0,0.0,
84,1gegs3v4,QuizPage,,84,Baseline,3,,,,,,,{},0,0,0,0.0,
85,e0vmym7d,ProposerPage,62,4,Priming,1,,,,,,,{},0,0,0,0.0,
85,e0vmym7d,ProposerPage,62,4,Priming,2,,,,,,,{},0,0,0,0.0,
85,e0vmym7d,ProposerPage,62,4,Priming,3,,,,,,,{},0,0,0,0.0,
86,9xchnpk4,Party,,86,Baseline,1,,,,,,,{},0,0,0,0.0,
86,9xchnpk4,Party,,86,Baseline,2,,,,,,,{},0,0,0,0.0,
86,9xchnpk4,Party,,86,Baseline,3,,,,,,,{},0,0,0,0.0,
87,3bbqipv1,WaitingPage,87,1,Priming,1,2.0,2.0,10.0,10.0,10.0,10.0,"{""1"": {""proposer_id"": 2, ""proposal"": {""s1"": 10, ""s2"": 10, ""s3"": 10}}, ""2"": {""proposer_id"": 2, ""proposal"": {""s1"": 10, ""s2"": 10, ""s3"": 10}}, ""3"": {""proposer_id"": 2, ""proposal"": {""s1"": 10, ""s2"": 15, ""s3"": 5}}}",1,1,2,10.0,
87,3bbqipv1,WaitingPage,87,1,Priming,2,,,,,,,{},0,0,0,0.0,
87,3bbqipv1,WaitingPage,87,1,Priming,3,,,,,,,{},0,0,0,0.0,
88,l1tvhg37,ProposerPage,62,5,Priming,1,,,,,,,{},0,0,0,0.0,
88,l1tvhg37,ProposerPage,62,5,Priming,2,,,,,,,{},0,0,0,0.0,
88,l1tvhg37,ProposerPage,62,5,Priming,3,,,,,,,{},0,0,0,0.0,
89,zkdleo9m,WelcomePage,,89,Baseline,1,,,,,,,{},0,0,0,0.0,
89,zkdleo9m,WelcomePage,,89,Baseline,2,,,,,,,{},0,0,0,0.0,
89,zkdleo9m,WelcomePage,,89,Baseline,3,,,,,,,{},0,0,0,0.0,
90,baxt3v8y,ExperimentInstructions,,90,Baseline,1,,,,,,,{},0,0,0,0.0,
90,baxt3v8y,ExperimentInstructions,,90,Baseline,2,,,,,,,{},0,0,0,0.0,
90,baxt3v8y,ExperimentInstructions,,90,Baseline,3,,,,,,,{},0,0,0,0.0,
91,w3yaks4i,WelcomePage,,91,Baseline,1,,,,,,,{},0,0,0,0.0,
91,w3yaks4i,WelcomePage,,91,Baseline,2,,,,,,,{},0,0,0,0.0,
91,w3yaks4i,WelcomePage,,91,Baseline,3,,,,,,,{},0,0,0,0.0,
92,g475wwkk,WelcomePage,,92,Baseline,1,,,,,,,{},0,0,0,0.0,
92,g475wwkk,WelcomePage,,92,Baseline,2,,,,,,,{},0,0,0,0.0,
92,g475wwkk,WelcomePage,,92,Baseline,3,,,,,,,{},0,0,0,0.0,
93,6clkiexr,ExperimentInstructions,,93,Baseline,1,,,,,,,{},0,0,0,0.0,
93,6clkiexr,ExperimentInstructions,,93,Baseline,2,,,,,,,{},0,0,0,0.0,
93,6clkiexr,ExperimentInstructions,,93,Baseline,3,,,,,,,{},0,0,0,0.0,
94,470e342h,Priming,105,9,Priming,1,,,,,,,{},0,0,0,0.0,
94,470e342h,Priming,105,9,Priming,2,,,,,,,{},0,0,0,0.0,
94,470e342h,Priming,105,9,Priming,3,,,,,,,{},0,0,0,0.0,
95,ncv1ryuq,AreYouThereVoter,96,3,Baseline,1,2.0,3.0,10.0,10.0,10.0,10.0,"{""1"": {""proposer_id"": 1, ""proposal"": {""s1"": 10, ""s2"": 10, ""s3"": 10}}, ""2"": {""proposer_id"": 1, ""proposal"": {""s1"": 10, ""s2"": 10, ""s3"": 10}}, ""3"": {""proposer_id"": 1, ""proposal"": {""s1"": 10, ""s2"": 10, ""s3"": 10}}}",1,1,3,10.0,
95,ncv1ryuq,AreYouThereVoter,96,3,Baseline,2,3.0,3.0,10.0,10.0,10.0,10.0,"{""1"": {""proposer_id"": 3, ""proposal"": {""s1"": 10, ""s2"": 10, ""s3"": 10}}, ""2"": {""proposer_id"": 2, ""proposal"": {""s1"": 10, ""s2"": 10, ""s3"": 10}}, ""3"": {""proposer_id"": 3, ""proposal"": {""s1"": 10, ""s2"": 10, ""s3"": 10}}}",0,0,0,0.0,
95,ncv1ryuq,AreYouThereVoter,96,3,Baseline,3,,,,,,,{},0,0,0,0.0,
96,kj69tydj,VoterPage,96,1,Baseline,1,2.0,2.0,10.0,10.0,10.0,10.0,"{""1"": {""proposer_id"": 1, ""proposal"": {""s1"": 10, ""s2"": 10, ""s3"": 10}}, ""2"": {""proposer_id"": 1, ""proposal"": {""s1"": 10, ""s2"": 10, ""s3"": 10}}, ""3"": {""proposer_id"": 1, ""proposal"": {""s1"": 10, ""s2"": 10, ""s3"": 10}}}",1,1,3,10.0,
96,kj69tydj,VoterPage,96,1,Baseline,2,3.0,1.0,10.0,10.0,10.0,10.0,"{""1"": {""proposer_id"": 3, ""proposal"": {""s1"": 10, ""s2"": 10, ""s3"": 10}}, ""2"": {""proposer_id"": 2, ""proposal"": {""s1"": 10, ""s2"": 10, ""s3"": 10}}, ""3"": {""proposer_id"": 3, ""proposal"": {""s1"": 10, ""s2"": 10, ""s3"": 10}}}",0,0,0,0.0,
96,kj69tydj,VoterPage,96,1,Baseline,3,,,,,,,{},0,0,0,0.0,
97,yhg3nang,VoterPage,96,6,Baseline,1,3.0,1.0,10.0,10.0,10.0,10.0,"{""1"": {""proposer_id"": 1, ""proposal"": {""s1"": 10, ""s2"": 10, ""s3"": 10}}, ""2"": {""proposer_id"": 1, ""proposal"": {""s1"": 10, ""s2"": 10, ""s3"": 10}}, ""3"": {""proposer_id"": 1, ""proposal"": {""s1"": 10, ""s2"": 10, ""s3"": 10}}}",1,1,3,10.0,
97,yhg3nang,VoterPage,96,6,Baseline,2,2.0,2.0,10.0,10.0,10.0,10.0,"{""1"": {""proposer_id"": 3, ""proposal"": {""s1"": 10, ""s2"": 10, ""s3"": 10}}, ""2"": {""proposer_id"": 2, ""proposal"": {""s1"": 10, ""s2"": 10, ""s3"": 10}}, ""3"": {""proposer_id"": 3, ""proposal"": {""s1"": 10, ""s2"": 10, ""s3"": 10}}}",0,0,0,0.0,
97,yhg3nang,VoterPage,96,6,Baseline,3,,,,,,,{},0,0,0,0.0,
98,bgmdpqrz,Priming,105,8,Priming,1,,,,,,,{},0,0,0,0.0,
98,bgmdpqrz,Priming,105,8,Priming,2,,,,,,,{},0,0,0,0.0,
98,bgmdpqrz,Priming,105,8,Priming,3,,,,,,,{},0,0,0,0.0,
99,g9q7aig0,ExperimentInstructions,,99,Baseline,1,,,,,,,{},0,0,0,0.0,
99,g9q7aig0,ExperimentInstructions,,99,Baseline,2,,,,,,,{},0,0,0,0.0,
99,g9q7aig0,ExperimentInstructions,,99,Baseline,3,,,,,,,{},0,0,0,0.0,
100,ext9tp90,ProposerPage,62,7,Priming,1,,,,,,,{},0,0,0,0.0,
100,ext9tp90,ProposerPage,62,7,Priming,2,,,,,,,{},0,0,0,0.0,
100,ext9tp90,ProposerPage,62,7,Priming,3,,,,,,,{},0,0,0,0.0,
101,9dlz7hnn,QuizPage,,101,Baseline,1,,,,,,,{},0,0,0,0.0,
101,9dlz7hnn,QuizPage,,101,Baseline,2,,,,,,,{},0,0,0,0.0,
101,9dlz7hnn,QuizPage,,101,Baseline,3,,,,,,,{},0,0,0,0.0,
102,72ws9c05,ProposerPage,62,9,Priming,1,,,,,,,{},0,0,0,0.0,
102,72ws9c05,ProposerPage,62,9,Priming,2,,,,,,,{},0,0,0,0.0,
102,72ws9c05,ProposerPage,62,9,Priming,3,,,,,,,{},0,0,0,0.0,
103,9xzw5pl7,VoterPage,96,4,Baseline,1,1.0,1.0,10.0,10.0,10.0,10.0,"{""1"": {""proposer_id"": 1, ""proposal"": {""s1"": 10, ""s2"": 10, ""s3"": 10}}, ""2"": {""proposer_id"": 1, ""proposal"": {""s1"": 10, ""s2"": 10, ""s3"": 10}}, ""3"": {""proposer_id"": 1, ""proposal"": {""s1"": 10, ""s2"": 10, ""s3"": 10}}}",1,1,3,10.0,
103,9xzw5pl7,VoterPage,96,4,Baseline,2,3.0,2.0,10.0,10.0,10.0,10.0,"{""1"": {""proposer_id"": 3, ""proposal"": {""s1"": 10, ""s2"": 10, ""s3"": 10}}, ""2"": {""proposer_id"": 2, ""proposal"": {""s1"": 10, ""s2"": 10, ""s3"": 10}}, ""3"": {""proposer_id"": 3, ""proposal"": {""s1"": 10, ""s2"": 10, ""s3"": 10}}}",0,0,0,0.0,
103,9xzw5pl7,VoterPage,96,4,Baseline,3,,,,,,,{},0,0,0,0.0,
104,vu8h441m,Priming,105,2,Priming,1,,,,,,,{},0,0,0,0.0,
104,vu8h441m,Priming,105,2,Priming,2,,,,,,,{},0,0,0,0.0,
104,vu8h441m,Priming,105,2,Priming,3,,,,,,,{},0,0,0,0.0,
105,db5qlirc,WaitingPage,105,1,Priming,1,,,,,,,{},0,0,0,0.0,
105,db5qlirc,WaitingPage,105,1,Priming,2,,,,,,,{},0,0,0,0.0,
105,db5qlirc,WaitingPage,105,1,Priming,3,,,,,,,{},0,0,0,0.0,
106,yknzwxoz,QuizPage,,106,Baseline,1,,,,,,,{},0,0,0,0.0,
106,yknzwxoz,QuizPage,,106,Baseline,2,,,,,,,{},0,0,0,0.0,
106,yknzwxoz,QuizPage,,106,Baseline,3,,,,,,,{},0,0,0,0.0,
107,qh8mqdaz,QuizPage,,107,Baseline,1,,,,,,,{},0,0,0,0.0,
107,qh8mqdaz,QuizPage,,107,Baseline,2,,,,,,,{},0,0,0,0.0,
107,qh8mqdaz,QuizPage,,107,Baseline,3,,,,,,,{},0,0,0,0.0,
108,6bl5pjhj,WaitingPage,105,7,Priming,1,,,,,,,{},0,0,0,0.0,
108,6bl5pjhj,WaitingPage,105,7,Priming,2,,,,,,,{},0,0,0,0.0,
108,6bl5pjhj,WaitingPage,105,7,Priming,3,,,,,,,{},0,0,0,0.0,
109,y1n1ktt5,SyncTop,,109,Baseline,1,,,,,,,{},0,0,0,0.0,
109,y1n1ktt5,SyncTop,,109,Baseline,2,,,,,,,{},0,0,0,0.0,
109,y1n1ktt5,SyncTop,,109,Baseline,3,,,,,,,{},0,0,0,0.0,
110,cly1b5ts,ExperimentInstructions,,110,Baseline,1,,,,,,,{},0,0,0,0.0,
110,cly1b5ts,ExperimentInstructions,,110,Baseline,2,,,,,,,{},0,0,0,0.0,
110,cly1b5ts,ExperimentInstructions,,110,Baseline,3,,,,,,,{},0,0,0,0.0,
111,e2vzdla9,QuizPage,,111,Baseline,1,,,,,,,{},0,0,0,0.0,
111,e2vzdla9,QuizPage,,111,Baseline,2,,,,,,,{},0,0,0,0.0,
111,e2vzdla9,QuizPage,,111,Baseline,3,,,,,,,{},0,0,0,0.0,
112,7cus0fnf,Priming,105,3,Priming,1,,,,,,,{},0,0,0,0.0,
112,7cus0fnf,Priming,105,3,Priming,2,,,,,,,{},0,0,0,0.0,
112,7cus0fnf,Priming,105,3,Priming,3,,,,,,,{},0,0,0,0.0,
113,oonj4j2g,ExperimentInstructions,,113,Baseline,1,,,,,,,{},0,0,0,0.0,
113,oonj4j2g,ExperimentInstructions,,113,Baseline,2,,,,,,,{},0,0,0,0.0,
113,oonj4j2g,ExperimentInstructions,,113,Baseline,3,,,,,,,{},0,0,0,0.0,
114,1q3hb5um,SampleInstructions,,114,Baseline,1,,,,,,,{},0,0,0,0.0,
114,1q3hb5um,SampleInstructions,,114,Baseline,2,,,,,,,{},0,0,0,0.0,
114,1q3hb5um,SampleInstructions,,114,Baseline,3,,,,,,,{},0,0,0,0.0,
115,g1zg92no,VoterPage,96,7,Baseline,1,1.0,3.0,5.0,7.0,18.0,18.0,"{""1"": {""proposer_id"": 1, ""proposal"": {""s1"": 10, ""s2"": 10, ""s3"": 10}}, ""2"": {""proposer_id"": 1, ""proposal"": {""s1"": 10, ""s2"": 10, ""s3"": 10}}, ""3"": {""proposer_id"": 1, ""proposal"": {""s1"": 10, ""s2"": 10, ""s3"": 10}}}",1,1,3,10.0,
115,g1zg92no,VoterPage,96,7,Baseline,2,2.0,1.0,10.0,10.0,10.0,10.0,"{""1"": {""proposer_id"": 3, ""proposal"": {""s1"": 10, ""s2"": 10, ""s3"": 10}}, ""2"": {""proposer_id"": 2, ""proposal"": {""s1"": 10, ""s2"": 10, ""s3"": 10}}, ""3"": {""proposer_id"": 3, ""proposal"": {""s1"": 10, ""s2"": 10, ""s3"": 10}}}",0,0,0,0.0,
115,g1zg92no,VoterPage,96,7,Baseline,3,,,,,,,{},0,0,0,0.0,
116,3o9iwhqs,QuizPage,,116,Baseline,1,,,,,,,{},0,0,0,0.0,
116,3o9iwhqs,QuizPage,,116,Baseline,2,,,,,,,{},0,0,0,0.0,
116,3o9iwhqs,QuizPage,,116,Baseline,3,,,,,,,{},0,0,0,0.0,
117,11trrjaz,ExperimentInstructions,,117,Baseline,1,,,,,,,{},0,0,0,0.0,
117,11trrjaz,ExperimentInstructions,,117,Baseline,2,,,,,,,{},0,0,0,0.0,
117,11trrjaz,ExperimentInstructions,,117,Baseline,3,,,,,,,{},0,0,0,0.0,
118,nsu5u4dj,WelcomePage,,118,Baseline,1,,,,,,,{},0,0,0,0.0,
118,nsu5u4dj,WelcomePage,,118,Baseline,2,,,,,,,{},0,0,0,0.0,
118,nsu5u4dj,WelcomePage,,118,Baseline,3,,,,,,,{},0,0,0,0.0,
119,oajnj8qo,Party,,119,Baseline,1,,,,,,,{},0,0,0,0.0,
119,oajnj8qo,Party,,119,Baseline,2,,,,,,,{},0,0,0,0.0,
119,oajnj8qo,Party,,119,Baseline,3,,,,,,,{},0,0,0,0.0,
120,eo1u8c3a,ExperimentInstructions,,120,Baseline,1,,,,,,,{},0,0,0,0.0,
120,eo1u8c3a,ExperimentInstructions,,120,Baseline,2,,,,,,,{},0,0,0,0.0,
120,eo1u8c3a,ExperimentInstructions,,120,Baseline,3,,,,,,,{},0,0,0,0.0,
121,0v7w6kmk,QuizPage,,121,Baseline,1,,,,,,,{},0,0,0,0.0,
121,0v7w6kmk,QuizPage,,121,Baseline,2,,,,,,,{},0,0,0,0.0,
121,0v7w6kmk,QuizPage,,121,Baseline,3,,,,,,,{},0,0,0,0.0,
122,a58zavt7,SampleInstructions,,122,Baseline,1,,,,,,,{},0,0,0,0.0,
122,a58zavt7,SampleInstructions,,122,Baseline,2,,,,,,,{},0,0,0,0.0,
122,a58zavt7,SampleInstructions,,122,Baseline,3,,,,,,,{},0,0,0,0.0,
123,g4i11ocb,Party,,123,Baseline,1,,,,,,,{},0,0,0,0.0,
123,g4i11ocb,Party,,123,Baseline,2,,,,,,,{},0,0,0,0.0,
123,g4i11ocb,Party,,123,Baseline,3,,,,,,,{},0,0,0,0.0,
124,wwsz21i5,SyncTop,,124,Baseline,1,,,,,,,{},0,0,0,0.0,
124,wwsz21i5,SyncTop,,124,Baseline,2,,,,,,,{},0,0,0,0.0,
124,wwsz21i5,SyncTop,,124,Baseline,3,,,,,,,{},0,0,0,0.0,
125,eklp3oqn,Party,,125,Baseline,1,,,,,,,{},0,0,0,0.0,
125,eklp3oqn,Party,,125,Baseline,2,,,,,,,{},0,0,0,0.0,
125,eklp3oqn,Party,,125,Baseline,3,,,,,,,{},0,0,0,0.0,
126,iwkwvqxt,SampleInstructions,,126,Baseline,1,,,,,,,{},0,0,0,0.0,
126,iwkwvqxt,SampleInstructions,,126,Baseline,2,,,,,,,{},0,0,0,0.0,
126,iwkwvqxt,SampleInstructions,,126,Baseline,3,,,,,,,{},0,0,0,0.0,
127,0s04p4zt,ExperimentInstructions,,127,Baseline,1,,,,,,,{},0,0,0,0.0,
127,0s04p4zt,ExperimentInstructions,,127,Baseline,2,,,,,,,{},0,0,0,0.0,
127,0s04p4zt,ExperimentInstructions,,127,Baseline,3,,,,,,,{},0,0,0,0.0,
128,wesxae87,WelcomePage,,128,Baseline,1,,,,,,,{},0,0,0,0.0,
128,wesxae87,WelcomePage,,128,Baseline,2,,,,,,,{},0,0,0,0.0,
128,wesxae87,WelcomePage,,128,Baseline,3,,,,,,,{},0,0,0,0.0,
129,024vu4yn,Party,,129,Baseline,1,,,,,,,{},0,0,0,0.0,
129,024vu4yn,Party,,129,Baseline,2,,,,,,,{},0,0,0,0.0,
129,024vu4yn,Party,,129,Baseline,3,,,,,,,{},0,0,0,0.0,
130,4jxk0uoz,QuizPage,,130,Baseline,1,,,,,,,{},0,0,0,0.0,
130,4jxk0uoz,QuizPage,,130,Baseline,2,,,,,,,{},0,0,0,0.0,
130,4jxk0uoz,QuizPage,,130,Baseline,3,,,,,,,{},0,0,0,0.0,
131,r91kpskk,WelcomePage,,131,Baseline,1,,,,,,,{},0,0,0,0.0,
131,r91kpskk,WelcomePage,,131,Baseline,2,,,,,,,{},0,0,0,0.0,
131,r91kpskk,WelcomePage,,131,Baseline,3,,,,,,,{},0,0,0,0.0,
132,d77cfs8l,SampleInstructions,,132,Baseline,1,,,,,,,{},0,0,0,0.0,
132,d77cfs8l,SampleInstructions,,132,Baseline,2,,,,,,,{},0,0,0,0.0,
132,d77cfs8l,SampleInstructions,,132,Baseline,3,,,,,,,{},0,0,0,0.0,
133,cc2rytjb,ExperimentInstructions,,133,Baseline,1,,,,,,,{},0,0,0,0.0,
133,cc2rytjb,ExperimentInstructions,,133,Baseline,2,,,,,,,{},0,0,0,0.0,
133,cc2rytjb,ExperimentInstructions,,133,Baseline,3,,,,,,,{},0,0,0,0.0,
134,8z4azhcq,Party,,134,Baseline,1,,,,,,,{},0,0,0,0.0,
134,8z4azhcq,Party,,134,Baseline,2,,,,,,,{},0,0,0,0.0,
134,8z4azhcq,Party,,134,Baseline,3,,,,,,,{},0,0,0,0.0,
135,ziy4kaf4,ExperimentInstructions,,135,Baseline,1,,,,,,,{},0,0,0,0.0,
135,ziy4kaf4,ExperimentInstructions,,135,Baseline,2,,,,,,,{},0,0,0,0.0,
135,ziy4kaf4,ExperimentInstructions,,135,Baseline,3,,,,,,,{},0,0,0,0.0,
136,8jc39nkh,ExperimentInstructions,,136,Baseline,1,,,,,,,{},0,0,0,0.0,
136,8jc39nkh,ExperimentInstructions,,136,Baseline,2,,,,,,,{},0,0,0,0.0,
136,8jc39nkh,ExperimentInstructions,,136,Baseline,3,,,,,,,{},0,0,0,0.0,
137,llm6czt0,SampleInstructions,,137,Baseline,1,,,,,,,{},0,0,0,0.0,
137,llm6czt0,SampleInstructions,,137,Baseline,2,,,,,,,{},0,0,0,0.0,
137,llm6czt0,SampleInstructions,,137,Baseline,3,,,,,,,{},0,0,0,0.0,
138,90bocieo,ExperimentInstructions,,138,Baseline,1,,,,,,,{},0,0,0,0.0,
138,90bocieo,ExperimentInstructions,,138,Baseline,2,,,,,,,{},0,0,0,0.0,
138,90bocieo,ExperimentInstructions,,138,Baseline,3,,,,,,,{},0,0,0,0.0,
139,2bo0eqkq,Party,,139,Baseline,1,,,,,,,{},0,0,0,0.0,
139,2bo0eqkq,Party,,139,Baseline,2,,,,,,,{},0,0,0,0.0,
139,2bo0eqkq,Party,,139,Baseline,3,,,,,,,{},0,0,0,0.0,
140,v22g1yde,Party,,140,Baseline,1,,,,,,,{},0,0,0,0.0,
140,v22g1yde,Party,,140,Baseline,2,,,,,,,{},0,0,0,0.0,
140,v22g1yde,Party,,140,Baseline,3,,,,,,,{},0,0,0,0.0,
141,9lwm79cx,WelcomePage,,141,Baseline,1,,,,,,,{},0,0,0,0.0,
141,9lwm79cx,WelcomePage,,141,Baseline,2,,,,,,,{},0,0,0,0.0,
141,9lwm79cx,WelcomePage,,141,Baseline,3,,,,,,,{},0,0,0,0.0,
142,qvjz9x18,Party,,142,Baseline,1,,,,,,,{},0,0,0,0.0,
142,qvjz9x18,Party,,142,Baseline,2,,,,,,,{},0,0,0,0.0,
142,qvjz9x18,Party,,142,Baseline,3,,,,,,,{},0,0,0,0.0,
143,tl0bjvrq,Party,,143,Baseline,1,,,,,,,{},0,0,0,0.0,
143,tl0bjvrq,Party,,143,Baseline,2,,,,,,,{},0,0,0,0.0,
143,tl0bjvrq,Party,,143,Baseline,3,,,,,,,{},0,0,0,0.0,
144,19il95vb,,,144,Baseline,1,,,,,,,{},0,0,0,0.0,
144,19il95vb,,,144,Baseline,2,,,,,,,{},0,0,0,0.0,
144,19il95vb,,,144,Baseline,3,,,,,,,{},0,0,0,0.0,
145,wn04f3sp,WelcomePage,,145,Baseline,1,,,,,,,{},0,0,0,0.0,
145,wn04f3sp,WelcomePage,,145,Baseline,2,,,,,,,{},0,0,0,0.0,
145,wn04f3sp,WelcomePage,,145,Baseline,3,,,,,,,{},0,0,0,0.0,
146,7l9w4g2m,WelcomePage,,146,Baseline,1,,,,,,,{},0,0,0,0.0,
146,7l9w4g2m,WelcomePage,,146,Baseline,2,,,,,,,{},0,0,0,0.0,
146,7l9w4g2m,WelcomePage,,146,Baseline,3,,,,,,,{},0,0,0,0.0,
147,c9y2gg8a,,,147,Baseline,1,,,,,,,{},0,0,0,0.0,
147,c9y2gg8a,,,147,Baseline,2,,,,,,,{},0,0,0,0.0,
147,c9y2gg8a,,,147,Baseline,3,,,,,,,{},0,0,0,0.0,
148,teeld8pf,,,148,Baseline,1,,,,,,,{},0,0,0,0.0,
148,teeld8pf,,,148,Baseline,2,,,,,,,{},0,0,0,0.0,
148,teeld8pf,,,148,Baseline,3,,,,,,,{},0,0,0,0.0,
149,uxz0bzgq,,,149,Baseline,1,,,,,,,{},0,0,0,0.0,
149,uxz0bzgq,,,149,Baseline,2,,,,,,,{},0,0,0,0.0,
149,uxz0bzgq,,,149,Baseline,3,,,,,,,{},0,0,0,0.0,
150,60uhe03x,,,150,Baseline,1,,,,,,,{},0,0,0,0.0,
150,60uhe03x,,,150,Baseline,2,,,,,,,{},0,0,0,0.0,
150,60uhe03x,,,150,Baseline,3,,,,,,,{},0,0,0,0.0,
151,hm4brlcf,,,151,Baseline,1,,,,,,,{},0,0,0,0.0,
151,hm4brlcf,,,151,Baseline,2,,,,,,,{},0,0,0,0.0,
151,hm4brlcf,,,151,Baseline,3,,,,,,,{},0,0,0,0.0,
152,m0dfn3mx,,,152,Baseline,1,,,,,,,{},0,0,0,0.0,
152,m0dfn3mx,,,152,Baseline,2,,,,,,,{},0,0,0,0.0,
152,m0dfn3mx,,,152,Baseline,3,,,,,,,{},0,0,0,0.0,
153,62ol6jv8,,,153,Baseline,1,,,,,,,{},0,0,0,0.0,
153,62ol6jv8,,,153,Baseline,2,,,,,,,{},0,0,0,0.0,
153,62ol6jv8,,,153,Baseline,3,,,,,,,{},0,0,0,0.0,
154,45ytjykl,,,154,Baseline,1,,,,,,,{},0,0,0,0.0,
154,45ytjykl,,,154,Baseline,2,,,,,,,{},0,0,0,0.0,
154,45ytjykl,,,154,Baseline,3,,,,,,,{},0,0,0,0.0,
155,z09qbrya,,,155,Baseline,1,,,,,,,{},0,0,0,0.0,
155,z09qbrya,,,155,Baseline,2,,,,,,,{},0,0,0,0.0,
155,z09qbrya,,,155,Baseline,3,,,,,,,{},0,0,0,0.0,
156,pocyh6b7,,,156,Baseline,1,,,,,,,{},0,0,0,0.0,
156,pocyh6b7,,,156,Baseline,2,,,,,,,{},0,0,0,0.0,
156,pocyh6b7,,,156,Baseline,3,,,,,,,{},0,0,0,0.0,
157,qj4wdflq,,,157,Baseline,1,,,,,,,{},0,0,0,0.0,
157,qj4wdflq,,,157,Baseline,2,,,,,,,{},0,0,0,0.0,
157,qj4wdflq,,,157,Baseline,3,,,,,,,{},0,0,0,0.0,
158,b5dvyvay,,,158,Baseline,1,,,,,,,{},0,0,0,0.0,
158,b5dvyvay,,,158,Baseline,2,,,,,,,{},0,0,0,0.0,
158,b5dvyvay,,,158,Baseline,3,,,,,,,{},0,0,0,0.0,
159,sobjk77e,,,159,Baseline,1,,,,,,,{},0,0,0,0.0,
159,sobjk77e,,,159,Baseline,2,,,,,,,{},0,0,0,0.0,
159,sobjk77e,,,159,Baseline,3,,,,,,,{},0,0,0,0.0,
160,kg7iqpy1,,,160,Baseline,1,,,,,,,{},0,0,0,0.0,
160,kg7iqpy1,,,160,Baseline,2,,,,,,,{},0,0,0,0.0,
160,kg7iqpy1,,,160,Baseline,3,,,,,,,{},0,0,0,0.0,
161,x22noryn,,,161,Baseline,1,,,,,,,{},0,0,0,0.0,
161,x22noryn,,,161,Baseline,2,,,,,,,{},0,0,0,0.0,
161,x22noryn,,,161,Baseline,3,,,,,,,{},0,0,0,0.0,
162,44xhy2ma,,,162,Baseline,1,,,,,,,{},0,0,0,0.0,
162,44xhy2ma,,,162,Baseline,2,,,,,,,{},0,0,0,0.0,
162,44xhy2ma,,,162,Baseline,3,,,,,,,{},0,0,0,0.0,
163,iskgf213,,,163,Baseline,1,,,,,,,{},0,0,0,0.0,
163,iskgf213,,,163,Baseline,2,,,,,,,{},0,0,0,0.0,
163,iskgf213,,,163,Baseline,3,,,,,,,{},0,0,0,0.0,
164,zaoa9dru,,,164,Baseline,1,,,,,,,{},0,0,0,0.0,
164,zaoa9dru,,,164,Baseline,2,,,,,,,{},0,0,0,0.0,
164,zaoa9dru,,,164,Baseline,3,,,,,,,{},0,0,0,0.0,
165,f3x33jdq,,,165,Baseline,1,,,,,,,{},0,0,0,0.0,
165,f3x33jdq,,,165,Baseline,2,,,,,,,{},0,0,0,0.0,
165,f3x33jdq,,,165,Baseline,3,,,,,,,{},0,0,0,0.0,
166,n2xh0s3h,,,166,Baseline,1,,,,,,,{},0,0,0,0.0,
166,n2xh0s3h,,,166,Baseline,2,,,,,,,{},0,0,0,0.0,
166,n2xh0s3h,,,166,Baseline,3,,,,,,,{},0,0,0,0.0,
167,n8o1e0w9,,,167,Baseline,1,,,,,,,{},0,0,0,0.0,
167,n8o1e0w9,,,167,Baseline,2,,,,,,,{},0,0,0,0.0,
167,n8o1e0w9,,,167,Baseline,3,,,,,,,{},0,0,0,0.0,
168,nswel5ny,,,168,Baseline,1,,,,,,,{},0,0,0,0.0,
168,nswel5ny,,,168,Baseline,2,,,,,,,{},0,0,0,0.0,
168,nswel5ny,,,168,Baseline,3,,,,,,,{},0,0,0,0.0,
169,1hyfln9f,,,169,Baseline,1,,,,,,,{},0,0,0,0.0,
169,1hyfln9f,,,169,Baseline,2,,,,,,,{},0,0,0,0.0,
169,1hyfln9f,,,169,Baseline,3,,,,,,,{},0,0,0,0.0,
170,nsr3jmbt,,,170,Baseline,1,,,,,,,{},0,0,0,0.0,
170,nsr3jmbt,,,170,Baseline,2,,,,,,,{},0,0,0,0.0,
170,nsr3jmbt,,,170,Baseline,3,,,,,,,{},0,0,0,0.0,
171,xoeqhhu4,,,171,Baseline,1,,,,,,,{},0,0,0,0.0,
171,xoeqhhu4,,,171,Baseline,2,,,,,,,{},0,0,0,0.0,
171,xoeqhhu4,,,171,Baseline,3,,,,,,,{},0,0,0,0.0,
172,j03ewnif,,,172,Baseline,1,,,,,,,{},0,0,0,0.0,
172,j03ewnif,,,172,Baseline,2,,,,,,,{},0,0,0,0.0,
172,j03ewnif,,,172,Baseline,3,,,,,,,{},0,0,0,0.0,
173,xc5o9e13,,,173,Baseline,1,,,,,,,{},0,0,0,0.0,
173,xc5o9e13,,,173,Baseline,2,,,,,,,{},0,0,0,0.0,
173,xc5o9e13,,,173,Baseline,3,,,,,,,{},0,0,0,0.0,
174,q9h7qj88,,,174,Baseline,1,,,,,,,{},0,0,0,0.0,
174,q9h7qj88,,,174,Baseline,2,,,,,,,{},0,0,0,0.0,
174,q9h7qj88,,,174,Baseline,3,,,,,,,{},0,0,0,0.0,
175,dnkuwb3q,,,175,Baseline,1,,,,,,,{},0,0,0,0.0,
175,dnkuwb3q,,,175,Baseline,2,,,,,,,{},0,0,0,0.0,
175,dnkuwb3q,,,175,Baseline,3,,,,,,,{},0,0,0,0.0,
176,isdwwhz4,,,176,Baseline,1,,,,,,,{},0,0,0,0.0,
176,isdwwhz4,,,176,Baseline,2,,,,,,,{},0,0,0,0.0,
176,isdwwhz4,,,176,Baseline,3,,,,,,,{},0,0,0,0.0,
177,ni1fjrrt,,,177,Baseline,1,,,,,,,{},0,0,0,0.0,
177,ni1fjrrt,,,177,Baseline,2,,,,,,,{},0,0,0,0.0,
177,ni1fjrrt,,,177,Baseline,3,,,,,,,{},0,0,0,0.0,
178,rdom1njm,,,178,Baseline,1,,,,,,,{},0,0,0,0.0,
178,rdom1njm,,,178,Baseline,2,,,,,,,{},0,0,0,0.0,
178,rdom1njm,,,178,Baseline,3,,,,,,,{},0,0,0,0.0,
179,krytl9sp,,,179,Baseline,1,,,,,,,{},0,0,0,0.0,
179,krytl9sp,,,179,Baseline,2,,,,,,,{},0,0,0,0.0,
179,krytl9sp,,,179,Baseline,3,,,,,,,{},0,0,0,0.0,
180,banioej1,,,180,Baseline,1,,,,,,,{},0,0,0,0.0,
180,banioej1,,,180,Baseline,2,,,,,,,{},0,0,0,0.0,
180,banioej1,,,180,Baseline,3,,,,,,,{},0,0,0,0.0,
181,rvfgx6dq,,,181,Baseline,1,,,,,,,{},0,0,0,0.0,
181,rvfgx6dq,,,181,Baseline,2,,,,,,,{},0,0,0,0.0,
181,rvfgx6dq,,,181,Baseline,3,,,,,,,{},0,0,0,0.0,
182,jb8z6gar,,,182,Baseline,1,,,,,,,{},0,0,0,0.0,
182,jb8z6gar,,,182,Baseline,2,,,,,,,{},0,0,0,0.0,
182,jb8z6gar,,,182,Baseline,3,,,,,,,{},0,0,0,0.0,
183,lon17ede,,,183,Baseline,1,,,,,,,{},0,0,0,0.0,
183,lon17ede,,,183,Baseline,2,,,,,,,{},0,0,0,0.0,
183,lon17ede,,,183,Baseline,3,,,,,,,{},0,0,0,0.0,
184,eepijlea,,,184,Baseline,1,,,,,,,{},0,0,0,0.0,
184,eepijlea,,,184,Baseline,2,,,,,,,{},0,0,0,0.0,
184,eepijlea,,,184,Baseline,3,,,,,,,{},0,0,0,0.0,
185,y9p9w40b,,,185,Baseline,1,,,,,,,{},0,0,0,0.0,
185,y9p9w40b,,,185,Baseline,2,,,,,,,{},0,0,0,0.0,
185,y9p9w40b,,,185,Baseline,3,,,,,,,{},0,0,0,0.0,
186,lbfbaqxd,,,186,Baseline,1,,,,,,,{},0,0,0,0.0,
186,lbfbaqxd,,,186,Baseline,2,,,,,,,{},0,0,0,0.0,
186,lbfbaqxd,,,186,Baseline,3,,,,,,,{},0,0,0,0.0,
187,e16sqlau,,,187,Baseline,1,,,,,,,{},0,0,0,0.0,
187,e16sqlau,,,187,Baseline,2,,,,,,,{},0,0,0,0.0,
187,e16sqlau,,,187,Baseline,3,,,,,,,{},0,0,0,0.0,
188,8pjgg97p,,,188,Baseline,1,,,,,,,{},0,0,0,0.0,
188,8pjgg97p,,,188,Baseline,2,,,,,,,{},0,0,0,0.0,
188,8pjgg97p,,,188,Baseline,3,,,,,,,{},0,0,0,0.0,
189,1s8uxdu0,,,189,Baseline,1,,,,,,,{},0,0,0,0.0,
189,1s8uxdu0,,,189,Baseline,2,,,,,,,{},0,0,0,0.0,
189,1s8uxdu0,,,189,Baseline,3,,,,,,,{},0,0,0,0.0,
190,yvm8bu24,,,190,Baseline,1,,,,,,,{},0,0,0,0.0,
190,yvm8bu24,,,190,Baseline,2,,,,,,,{},0,0,0,0.0,
190,yvm8bu24,,,190,Baseline,3,,,,,,,{},0,0,0,0.0,
191,v9zonltb,,,191,Baseline,1,,,,,,,{},0,0,0,0.0,
191,v9zonltb,,,191,Baseline,2,,,,,,,{},0,0,0,0.0,
191,v9zonltb,,,191,Baseline,3,,,,,,,{},0,0,0,0.0,
192,6w5vpei9,,,192,Baseline,1,,,,,,,{},0,0,0,0.0,
192,6w5vpei9,,,192,Baseline,2,,,,,,,{},0,0,0,0.0,
192,6w5vpei9,,,192,Baseline,3,,,,,,,{},0,0,0,0.0,
193,uhbkiktt,,,193,Baseline,1,,,,,,,{},0,0,0,0.0,
193,uhbkiktt,,,193,Baseline,2,,,,,,,{},0,0,0,0.0,
193,uhbkiktt,,,193,Baseline,3,,,,,,,{},0,0,0,0.0,
194,44ogh2s1,,,194,Baseline,1,,,,,,,{},0,0,0,0.0,
194,44ogh2s1,,,194,Baseline,2,,,,,,,{},0,0,0,0.0,
194,44ogh2s1,,,194,Baseline,3,,,,,,,{},0,0,0,0.0,
195,sniq0lnp,,,195,Baseline,1,,,,,,,{},0,0,0,0.0,
195,sniq0lnp,,,195,Baseline,2,,,,,,,{},0,0,0,0.0,
195,sniq0lnp,,,195,Baseline,3,,,,,,,{},0,0,0,0.0,
196,9ee1npit,,,196,Baseline,1,,,,,,,{},0,0,0,0.0,
196,9ee1npit,,,196,Baseline,2,,,,,,,{},0,0,0,0.0,
196,9ee1npit,,,196,Baseline,3,,,,,,,{},0,0,0,0.0,
197,txg7oynd,,,197,Baseline,1,,,,,,,{},0,0,0,0.0,
197,txg7oynd,,,197,Baseline,2,,,,,,,{},0,0,0,0.0,
197,txg7oynd,,,197,Baseline,3,,,,,,,{},0,0,0,0.0,
198,lqwfirbw,,,198,Baseline,1,,,,,,,{},0,0,0,0.0,
198,lqwfirbw,,,198,Baseline,2,,,,,,,{},0,0,0,0.0,
198,lqwfirbw,,,198,Baseline,3,,,,,,,{},0,0,0,0.0,
199,iqq2yuav,,,199,Baseline,1,,,,,,,{},0,0,0,0.0,
199,iqq2yuav,,,199,Baseline,2,,,,,,,{},0,0,0,0.0,
199,iqq2yuav,,,199,Baseline,3,,,,,,,{},0,0,0,0.0,
200,fa7uav3v,,,200,Baseline,1,,,,,,,{},0,0,0,0.0,
200,fa7uav3v,,,200,Baseline,2,,,,,,,{},0,0,0,0.0,
200,fa7uav3v,,,200,Baseline,3,,,,,,,{},0,0,0,0.0,
201,himds5e8,,,201,Baseline,1,,,,,,,{},0,0,0,0.0,
201,himds5e8,,,201,Baseline,2,,,,,,,{},0,0,0,0.0,
201,himds5e8,,,201,Baseline,3,,,,,,,{},0,0,0,0.0,
202,7w0b5h2m,,,202,Baseline,1,,,,,,,{},0,0,0,0.0,
202,7w0b5h2m,,,202,Baseline,2,,,,,,,{},0,0,0,0.0,
202,7w0b5h2m,,,202,Baseline,3,,,,,,,{},0,0,0,0.0,
203,lyl4trhg,,,203,Baseline,1,,,,,,,{},0,0,0,0.0,
203,lyl4trhg,,,203,Baseline,2,,,,,,,{},0,0,0,0.0,
203,lyl4trhg,,,203,Baseline,3,,,,,,,{},0,0,0,0.0,
204,kduutzhr,,,204,Baseline,1,,,,,,,{},0,0,0,0.0,
204,kduutzhr,,,204,Baseline,2,,,,,,,{},0,0,0,0.0,
204,kduutzhr,,,204,Baseline,3,,,,,,,{},0,0,0,0.0,
205,tvn9mkpi,,,205,Baseline,1,,,,,,,{},0,0,0,0.0,
205,tvn9mkpi,,,205,Baseline,2,,,,,,,{},0,0,0,0.0,
205,tvn9mkpi,,,205,Baseline,3,,,,,,,{},0,0,0,0.0,
206,8sppfq66,,,206,Baseline,1,,,,,,,{},0,0,0,0.0,
206,8sppfq66,,,206,Baseline,2,,,,,,,{},0,0,0,0.0,
206,8sppfq66,,,206,Baseline,3,,,,,,,{},0,0,0,0.0,
207,5gnan9oo,,,207,Baseline,1,,,,,,,{},0,0,0,0.0,
207,5gnan9oo,,,207,Baseline,2,,,,,,,{},0,0,0,0.0,
207,5gnan9oo,,,207,Baseline,3,,,,,,,{},0,0,0,0.0,
208,vm716gu6,,,208,Baseline,1,,,,,,,{},0,0,0,0.0,
208,vm716gu6,,,208,Baseline,2,,,,,,,{},0,0,0,0.0,
208,vm716gu6,,,208,Baseline,3,,,,,,,{},0,0,0,0.0,
209,b79qn1lf,,,209,Baseline,1,,,,,,,{},0,0,0,0.0,
209,b79qn1lf,,,209,Baseline,2,,,,,,,{},0,0,0,0.0,
209,b79qn1lf,,,209,Baseline,3,,,,,,,{},0,0,0,0.0,
210,5z41z4ie,,,210,Baseline,1,,,,,,,{},0,0,0,0.0,
210,5z41z4ie,,,210,Baseline,2,,,,,,,{},0,0,0,0.0,
210,5z41z4ie,,,210,Baseline,3,,,,,,,{},0,0,0,0.0,
211,65ma2liu,,,211,Baseline,1,,,,,,,{},0,0,0,0.0,
211,65ma2liu,,,211,Baseline,2,,,,,,,{},0,0,0,0.0,
211,65ma2liu,,,211,Baseline,3,,,,,,,{},0,0,0,0.0,
212,coqujpw4,,,212,Baseline,1,,,,,,,{},0,0,0,0.0,
212,coqujpw4,,,212,Baseline,2,,,,,,,{},0,0,0,0.0,
212,coqujpw4,,,212,Baseline,3,,,,,,,{},0,0,0,0.0,
213,ln7kf3ys,,,213,Baseline,1,,,,,,,{},0,0,0,0.0,
213,ln7kf3ys,,,213,Baseline,2,,,,,,,{},0,0,0,0.0,
213,ln7kf3ys,,,213,Baseline,3,,,,,,,{},0,0,0,0.0,
214,qyfqrmzm,,,214,Baseline,1,,,,,,,{},0,0,0,0.0,
214,qyfqrmzm,,,214,Baseline,2,,,,,,,{},0,0,0,0.0,
214,qyfqrmzm,,,214,Baseline,3,,,,,,,{},0,0,0,0.0,
215,0rj3c612,,,215,Baseline,1,,,,,,,{},0,0,0,0.0,
215,0rj3c612,,,215,Baseline,2,,,,,,,{},0,0,0,0.0,
215,0rj3c612,,,215,Baseline,3,,,,,,,{},0,0,0,0.0,
216,k59epam9,,,216,Baseline,1,,,,,,,{},0,0,0,0.0,
216,k59epam9,,,216,Baseline,2,,,,,,,{},0,0,0,0.0,
216,k59epam9,,,216,Baseline,3,,,,,,,{},0,0,0,0.0,
217,h5y3w8do,,,217,Baseline,1,,,,,,,{},0,0,0,0.0,
217,h5y3w8do,,,217,Baseline,2,,,,,,,{},0,0,0,0.0,
217,h5y3w8do,,,217,Baseline,3,,,,,,,{},0,0,0,0.0,
218,8k3np2qj,,,218,Baseline,1,,,,,,,{},0,0,0,0.0,
218,8k3np2qj,,,218,Baseline,2,,,,,,,{},0,0,0,0.0,
218,8k3np2qj,,,218,Baseline,3,,,,,,,{},0,0,0,0.0,
219,psd20zpr,,,219,Baseline,1,,,,,,,{},0,0,0,0.0,
219,psd20zpr,,,219,Baseline,2,,,,,,,{},0,0,0,0.0,
219,psd20zpr,,,219,Baseline,3,,,,,,,{},0,0,0,0.0,
220,7nd61ubh,,,220,Baseline,1,,,,,,,{},0,0,0,0.0,
220,7nd61ubh,,,220,Baseline,2,,,,,,,{},0,0,0,0.0,
220,7nd61ubh,,,220,Baseline,3,,,,,,,{},0,0,0,0.0,
221,1kt07box,,,221,Baseline,1,,,,,,,{},0,0,0,0.0,
221,1kt07box,,,221,Baseline,2,,,,,,,{},0,0,0,0.0,
221,1kt07box,,,221,Baseline,3,,,,,,,{},0,0,0,0.0,
222,lntt2wse,,,222,Baseline,1,,,,,,,{},0,0,0,0.0,
222,lntt2wse,,,222,Baseline,2,,,,,,,{},0,0,0,0.0,
222,lntt2wse,,,222,Baseline,3,,,,,,,{},0,0,0,0.0,
223,vg9al9di,,,223,Baseline,1,,,,,,,{},0,0,0,0.0,
223,vg9al9di,,,223,Baseline,2,,,,,,,{},0,0,0,0.0,
223,vg9al9di,,,223,Baseline,3,,,,,,,{},0,0,0,0.0,
224,lbvwt0z2,,,224,Baseline,1,,,,,,,{},0,0,0,0.0,
224,lbvwt0z2,,,224,Baseline,2,,,,,,,{},0,0,0,0.0,
224,lbvwt0z2,,,224,Baseline,3,,,,,,,{},0,0,0,0.0,
225,tbo0iuou,,,225,Baseline,1,,,,,,,{},0,0,0,0.0,
225,tbo0iuou,,,225,Baseline,2,,,,,,,{},0,0,0,0.0,
225,tbo0iuou,,,225,Baseline,3,,,,,,,{},0,0,0,0.0,
226,7kpzyrvw,,,226,Baseline,1,,,,,,,{},0,0,0,0.0,
226,7kpzyrvw,,,226,Baseline,2,,,,,,,{},0,0,0,0.0,
226,7kpzyrvw,,,226,Baseline,3,,,,,,,{},0,0,0,0.0,
227,59qb13ee,,,227,Baseline,1,,,,,,,{},0,0,0,0.0,
227,59qb13ee,,,227,Baseline,2,,,,,,,{},0,0,0,0.0,
227,59qb13ee,,,227,Baseline,3,,,,,,,{},0,0,0,0.0,
228,ayl5od7l,,,228,Baseline,1,,,,,,,{},0,0,0,0.0,
228,ayl5od7l,,,228,Baseline,2,,,,,,,{},0,0,0,0.0,
228,ayl5od7l,,,228,Baseline,3,,,,,,,{},0,0,0,0.0,
229,7mjpo7th,,,229,Baseline,1,,,,,,,{},0,0,0,0.0,
229,7mjpo7th,,,229,Baseline,2,,,,,,,{},0,0,0,0.0,
229,7mjpo7th,,,229,Baseline,3,,,,,,,{},0,0,0,0.0,
230,xhhd3n6a,,,230,Baseline,1,,,,,,,{},0,0,0,0.0,
230,xhhd3n6a,,,230,Baseline,2,,,,,,,{},0,0,0,0.0,
230,xhhd3n6a,,,230,Baseline,3,,,,,,,{},0,0,0,0.0,
231,ahvpia8x,,,231,Baseline,1,,,,,,,{},0,0,0,0.0,
231,ahvpia8x,,,231,Baseline,2,,,,,,,{},0,0,0,0.0,
231,ahvpia8x,,,231,Baseline,3,,,,,,,{},0,0,0,0.0,
232,v8i64bmm,,,232,Baseline,1,,,,,,,{},0,0,0,0.0,
232,v8i64bmm,,,232,Baseline,2,,,,,,,{},0,0,0,0.0,
232,v8i64bmm,,,232,Baseline,3,,,,,,,{},0,0,0,0.0,
233,7vwweniv,,,233,Baseline,1,,,,,,,{},0,0,0,0.0,
233,7vwweniv,,,233,Baseline,2,,,,,,,{},0,0,0,0.0,
233,7vwweniv,,,233,Baseline,3,,,,,,,{},0,0,0,0.0,
234,o74p04b1,,,234,Baseline,1,,,,,,,{},0,0,0,0.0,
234,o74p04b1,,,234,Baseline,2,,,,,,,{},0,0,0,0.0,
234,o74p04b1,,,234,Baseline,3,,,,,,,{},0,0,0,0.0,
235,igjjh3q3,,,235,Baseline,1,,,,,,,{},0,0,0,0.0,
235,igjjh3q3,,,235,Baseline,2,,,,,,,{},0,0,0,0.0,
235,igjjh3q3,,,235,Baseline,3,,,,,,,{},0,0,0,0.0,
236,mn0gcfxv,,,236,Baseline,1,,,,,,,{},0,0,0,0.0,
236,mn0gcfxv,,,236,Baseline,2,,,,,,,{},0,0,0,0.0,
236,mn0gcfxv,,,236,Baseline,3,,,,,,,{},0,0,0,0.0,
237,kld9h0uy,,,237,Baseline,1,,,,,,,{},0,0,0,0.0,
237,kld9h0uy,,,237,Baseline,2,,,,,,,{},0,0,0,0.0,
237,kld9h0uy,,,237,Baseline,3,,,,,,,{},0,0,0,0.0,
238,n2jf3tlt,,,238,Baseline,1,,,,,,,{},0,0,0,0.0,
238,n2jf3tlt,,,238,Baseline,2,,,,,,,{},0,0,0,0.0,
238,n2jf3tlt,,,238,Baseline,3,,,,,,,{},0,0,0,0.0,
239,9el1uugx,,,239,Baseline,1,,,,,,,{},0,0,0,0.0,
239,9el1uugx,,,239,Baseline,2,,,,,,,{},0,0,0,0.0,
239,9el1uugx,,,239,Baseline,3,,,,,,,{},0,0,0,0.0,
240,86744ezi,,,240,Baseline,1,,,,,,,{},0,0,0,0.0,
240,86744ezi,,,240,Baseline,2,,,,,,,{},0,0,0,0.0,
240,86744ezi,,,240,Baseline,3,,,,,,,{},0,0,0,0.0,
